insert into income_group(id,income_range) values(1,'0- $25K');
insert into income_group(id,income_range) values(2,'$25-$70K');
insert into income_group(id,income_range) values(3,'>$70K');
insert into customer(id,gender,income_group_id,marital_status) values(400,'MALE',1,false);
insert into customer_policy(id,date_of_purchase,customer_id,fuel,vehicle_segment,premium,bodily_injury_liability,personal_injury_protection,property_damage_liability,collision,comprehensive,region) values(12345,'2018-01-15T18:30:00.000Z',400,'CNG','A',958,false,false,false,true,true,'North');
insert into customer(id,gender,income_group_id,marital_status) values(401,'MALE',2,true);
insert into customer_policy(id,date_of_purchase,customer_id,fuel,vehicle_segment,premium,bodily_injury_liability,personal_injury_protection,property_damage_liability,collision,comprehensive,region) values(12346,'2018-01-03T18:30:00.000Z',401,'CNG','A',1272,true,false,false,false,true,'South');
insert into customer(id,gender,income_group_id,marital_status) values(402,'MALE',3,false);
insert into customer_policy(id,date_of_purchase,customer_id,fuel,vehicle_segment,premium,bodily_injury_liability,personal_injury_protection,property_damage_liability,collision,comprehensive,region) values(12347,'2018-01-06T18:30:00.000Z',402,'CNG','A',2150,false,true,true,true,false,'East');
insert into customer(id,gender,income_group_id,marital_status) values(403,'MALE',2,true);
insert into customer_policy(id,date_of_purchase,customer_id,fuel,vehicle_segment,premium,bodily_injury_liability,personal_injury_protection,property_damage_liability,collision,comprehensive,region) values(12348,'2018-01-06T18:30:00.000Z',403,'CNG','A',2123,true,false,true,true,true,'West');
insert into customer(id,gender,income_group_id,marital_status) values(404,'MALE',2,true);
insert into customer_policy(id,date_of_purchase,customer_id,fuel,vehicle_segment,premium,bodily_injury_liability,personal_injury_protection,property_damage_liability,collision,comprehensive,region) values(12349,'2017-12-31T18:30:00.000Z',404,'CNG','A',1110,true,true,true,true,true,'North');
insert into customer(id,gender,income_group_id,marital_status) values(405,'MALE',2,false);
insert into customer_policy(id,date_of_purchase,customer_id,fuel,vehicle_segment,premium,bodily_injury_liability,personal_injury_protection,property_damage_liability,collision,comprehensive,region) values(12350,'2018-01-21T18:30:00.000Z',405,'CNG','A',1571,false,false,true,false,false,'North');
insert into customer(id,gender,income_group_id,marital_status) values(406,'MALE',2,false);
insert into customer_policy(id,date_of_purchase,customer_id,fuel,vehicle_segment,premium,bodily_injury_liability,personal_injury_protection,property_damage_liability,collision,comprehensive,region) values(12351,'2018-01-18T18:30:00.000Z',406,'CNG','A',1030,true,true,true,true,false,'North');
insert into customer(id,gender,income_group_id,marital_status) values(407,'MALE',2,false);
insert into customer_policy(id,date_of_purchase,customer_id,fuel,vehicle_segment,premium,bodily_injury_liability,personal_injury_protection,property_damage_liability,collision,comprehensive,region) values(12352,'2018-01-22T18:30:00.000Z',407,'CNG','A',1732,true,true,true,false,false,'North');
insert into customer(id,gender,income_group_id,marital_status) values(408,'MALE',2,true);
insert into customer_policy(id,date_of_purchase,customer_id,fuel,vehicle_segment,premium,bodily_injury_liability,personal_injury_protection,property_damage_liability,collision,comprehensive,region) values(12353,'2017-12-31T18:30:00.000Z',408,'CNG','A',2175,false,false,true,false,true,'North');
insert into customer(id,gender,income_group_id,marital_status) values(409,'MALE',2,false);
insert into customer_policy(id,date_of_purchase,customer_id,fuel,vehicle_segment,premium,bodily_injury_liability,personal_injury_protection,property_damage_liability,collision,comprehensive,region) values(12354,'2018-01-19T18:30:00.000Z',409,'CNG','A',1725,false,false,false,true,false,'North');
insert into customer(id,gender,income_group_id,marital_status) values(410,'MALE',2,true);
insert into customer_policy(id,date_of_purchase,customer_id,fuel,vehicle_segment,premium,bodily_injury_liability,personal_injury_protection,property_damage_liability,collision,comprehensive,region) values(12355,'2018-01-27T18:30:00.000Z',410,'CNG','A',1805,false,true,false,true,false,'North');
insert into customer(id,gender,income_group_id,marital_status) values(411,'MALE',2,false);
insert into customer_policy(id,date_of_purchase,customer_id,fuel,vehicle_segment,premium,bodily_injury_liability,personal_injury_protection,property_damage_liability,collision,comprehensive,region) values(12356,'2018-01-16T18:30:00.000Z',411,'CNG','A',1552,true,true,false,false,true,'North');
insert into customer(id,gender,income_group_id,marital_status) values(412,'MALE',2,false);
insert into customer_policy(id,date_of_purchase,customer_id,fuel,vehicle_segment,premium,bodily_injury_liability,personal_injury_protection,property_damage_liability,collision,comprehensive,region) values(12357,'2018-01-28T18:30:00.000Z',412,'CNG','A',1888,false,true,true,true,true,'North');
insert into customer(id,gender,income_group_id,marital_status) values(413,'MALE',2,false);
insert into customer_policy(id,date_of_purchase,customer_id,fuel,vehicle_segment,premium,bodily_injury_liability,personal_injury_protection,property_damage_liability,collision,comprehensive,region) values(12358,'2018-01-17T18:30:00.000Z',413,'CNG','A',1355,true,false,false,true,false,'North');
insert into customer(id,gender,income_group_id,marital_status) values(414,'MALE',2,true);
insert into customer_policy(id,date_of_purchase,customer_id,fuel,vehicle_segment,premium,bodily_injury_liability,personal_injury_protection,property_damage_liability,collision,comprehensive,region) values(12359,'2018-01-18T18:30:00.000Z',414,'CNG','A',2356,false,false,false,false,true,'North');
insert into customer(id,gender,income_group_id,marital_status) values(415,'MALE',2,false);
insert into customer_policy(id,date_of_purchase,customer_id,fuel,vehicle_segment,premium,bodily_injury_liability,personal_injury_protection,property_damage_liability,collision,comprehensive,region) values(12360,'2018-01-05T18:30:00.000Z',415,'CNG','A',2102,true,false,false,true,false,'North');
insert into customer(id,gender,income_group_id,marital_status) values(416,'MALE',2,true);
insert into customer_policy(id,date_of_purchase,customer_id,fuel,vehicle_segment,premium,bodily_injury_liability,personal_injury_protection,property_damage_liability,collision,comprehensive,region) values(12361,'2018-01-26T18:30:00.000Z',416,'CNG','A',1258,true,true,true,true,true,'North');
insert into customer(id,gender,income_group_id,marital_status) values(417,'MALE',2,false);
insert into customer_policy(id,date_of_purchase,customer_id,fuel,vehicle_segment,premium,bodily_injury_liability,personal_injury_protection,property_damage_liability,collision,comprehensive,region) values(12362,'2018-01-20T18:30:00.000Z',417,'CNG','A',2326,false,true,false,true,true,'North');
insert into customer(id,gender,income_group_id,marital_status) values(418,'MALE',2,false);
insert into customer_policy(id,date_of_purchase,customer_id,fuel,vehicle_segment,premium,bodily_injury_liability,personal_injury_protection,property_damage_liability,collision,comprehensive,region) values(420,'2018-01-23T18:30:00.000Z',418,'CNG','A',584,true,true,true,true,false,'North');
insert into customer(id,gender,income_group_id,marital_status) values(419,'MALE',2,false);
insert into customer_policy(id,date_of_purchase,customer_id,fuel,vehicle_segment,premium,bodily_injury_liability,personal_injury_protection,property_damage_liability,collision,comprehensive,region) values(12364,'2018-01-07T18:30:00.000Z',419,'CNG','A',2397,true,true,true,false,false,'North');
insert into customer(id,gender,income_group_id,marital_status) values(420,'MALE',2,false);
insert into customer_policy(id,date_of_purchase,customer_id,fuel,vehicle_segment,premium,bodily_injury_liability,personal_injury_protection,property_damage_liability,collision,comprehensive,region) values(12365,'2018-01-22T18:30:00.000Z',420,'CNG','A',1493,true,false,false,false,false,'North');
insert into customer_policy(id,date_of_purchase,customer_id,fuel,vehicle_segment,premium,bodily_injury_liability,personal_injury_protection,property_damage_liability,collision,comprehensive,region) values(12366,'2018-01-01T18:30:00.000Z',420,'CNG','A',661,false,true,true,false,false,'North');
insert into customer_policy(id,date_of_purchase,customer_id,fuel,vehicle_segment,premium,bodily_injury_liability,personal_injury_protection,property_damage_liability,collision,comprehensive,region) values(12367,'2018-01-02T18:30:00.000Z',420,'CNG','A',685,true,true,false,true,false,'North');
insert into customer_policy(id,date_of_purchase,customer_id,fuel,vehicle_segment,premium,bodily_injury_liability,personal_injury_protection,property_damage_liability,collision,comprehensive,region) values(12368,'2018-01-07T18:30:00.000Z',420,'CNG','A',1006,true,true,true,true,true,'North');
insert into customer_policy(id,date_of_purchase,customer_id,fuel,vehicle_segment,premium,bodily_injury_liability,personal_injury_protection,property_damage_liability,collision,comprehensive,region) values(12369,'2018-01-15T18:30:00.000Z',420,'CNG','A',1160,true,false,false,true,true,'North');
insert into customer_policy(id,date_of_purchase,customer_id,fuel,vehicle_segment,premium,bodily_injury_liability,personal_injury_protection,property_damage_liability,collision,comprehensive,region) values(12370,'2018-01-24T18:30:00.000Z',420,'CNG','A',1602,false,false,false,true,true,'North');
insert into customer_policy(id,date_of_purchase,customer_id,fuel,vehicle_segment,premium,bodily_injury_liability,personal_injury_protection,property_damage_liability,collision,comprehensive,region) values(12371,'2018-01-24T18:30:00.000Z',420,'CNG','A',2355,false,true,true,true,true,'North');
insert into customer_policy(id,date_of_purchase,customer_id,fuel,vehicle_segment,premium,bodily_injury_liability,personal_injury_protection,property_damage_liability,collision,comprehensive,region) values(12372,'2018-01-04T18:30:00.000Z',420,'CNG','A',1921,true,true,true,false,true,'North');
insert into customer_policy(id,date_of_purchase,customer_id,fuel,vehicle_segment,premium,bodily_injury_liability,personal_injury_protection,property_damage_liability,collision,comprehensive,region) values(12373,'2018-01-20T18:30:00.000Z',420,'CNG','A',2200,false,true,false,true,true,'North');
insert into customer_policy(id,date_of_purchase,customer_id,fuel,vehicle_segment,premium,bodily_injury_liability,personal_injury_protection,property_damage_liability,collision,comprehensive,region) values(12374,'2018-01-26T18:30:00.000Z',420,'CNG','A',2357,false,true,true,true,true,'North');
insert into customer_policy(id,date_of_purchase,customer_id,fuel,vehicle_segment,premium,bodily_injury_liability,personal_injury_protection,property_damage_liability,collision,comprehensive,region) values(12375,'2018-01-21T18:30:00.000Z',420,'CNG','A',1047,false,true,false,true,false,'North');
insert into customer_policy(id,date_of_purchase,customer_id,fuel,vehicle_segment,premium,bodily_injury_liability,personal_injury_protection,property_damage_liability,collision,comprehensive,region) values(840,'2018-01-03T18:30:00.000Z',420,'CNG','A',2089,false,true,false,true,false,'North');
insert into customer_policy(id,date_of_purchase,customer_id,fuel,vehicle_segment,premium,bodily_injury_liability,personal_injury_protection,property_damage_liability,collision,comprehensive,region) values(12377,'2018-01-14T18:30:00.000Z',420,'CNG','A',1780,false,false,false,true,true,'North');
insert into customer_policy(id,date_of_purchase,customer_id,fuel,vehicle_segment,premium,bodily_injury_liability,personal_injury_protection,property_damage_liability,collision,comprehensive,region) values(12378,'2018-01-25T18:30:00.000Z',420,'CNG','A',1035,true,false,true,false,false,'North');
insert into customer_policy(id,date_of_purchase,customer_id,fuel,vehicle_segment,premium,bodily_injury_liability,personal_injury_protection,property_damage_liability,collision,comprehensive,region) values(12379,'2018-01-28T18:30:00.000Z',420,'CNG','A',526,true,true,true,false,true,'North');
insert into customer_policy(id,date_of_purchase,customer_id,fuel,vehicle_segment,premium,bodily_injury_liability,personal_injury_protection,property_damage_liability,collision,comprehensive,region) values(12380,'2018-01-19T18:30:00.000Z',420,'CNG','A',1827,false,false,true,true,false,'North');
insert into customer_policy(id,date_of_purchase,customer_id,fuel,vehicle_segment,premium,bodily_injury_liability,personal_injury_protection,property_damage_liability,collision,comprehensive,region) values(12381,'2018-01-23T18:30:00.000Z',420,'CNG','A',2003,true,true,false,true,false,'North');
insert into customer_policy(id,date_of_purchase,customer_id,fuel,vehicle_segment,premium,bodily_injury_liability,personal_injury_protection,property_damage_liability,collision,comprehensive,region) values(12382,'2018-01-07T18:30:00.000Z',420,'CNG','A',1960,false,true,true,true,true,'North');
insert into customer_policy(id,date_of_purchase,customer_id,fuel,vehicle_segment,premium,bodily_injury_liability,personal_injury_protection,property_damage_liability,collision,comprehensive,region) values(12383,'2018-01-02T18:30:00.000Z',420,'CNG','A',1197,false,true,false,true,false,'North');
insert into customer_policy(id,date_of_purchase,customer_id,fuel,vehicle_segment,premium,bodily_injury_liability,personal_injury_protection,property_damage_liability,collision,comprehensive,region) values(12384,'2018-01-20T18:30:00.000Z',420,'CNG','A',614,false,true,false,false,true,'North');
insert into customer_policy(id,date_of_purchase,customer_id,fuel,vehicle_segment,premium,bodily_injury_liability,personal_injury_protection,property_damage_liability,collision,comprehensive,region) values(12385,'2018-01-08T18:30:00.000Z',420,'CNG','A',568,true,true,true,false,false,'North');
insert into customer_policy(id,date_of_purchase,customer_id,fuel,vehicle_segment,premium,bodily_injury_liability,personal_injury_protection,property_damage_liability,collision,comprehensive,region) values(12386,'2018-01-11T18:30:00.000Z',420,'CNG','A',2149,true,false,true,true,true,'North');
insert into customer_policy(id,date_of_purchase,customer_id,fuel,vehicle_segment,premium,bodily_injury_liability,personal_injury_protection,property_damage_liability,collision,comprehensive,region) values(12387,'2018-01-26T18:30:00.000Z',420,'CNG','A',1797,true,false,true,false,true,'North');
insert into customer_policy(id,date_of_purchase,customer_id,fuel,vehicle_segment,premium,bodily_injury_liability,personal_injury_protection,property_damage_liability,collision,comprehensive,region) values(12388,'2018-01-13T18:30:00.000Z',420,'CNG','A',1246,true,false,false,false,false,'North');
insert into customer_policy(id,date_of_purchase,customer_id,fuel,vehicle_segment,premium,bodily_injury_liability,personal_injury_protection,property_damage_liability,collision,comprehensive,region) values(12389,'2018-01-23T18:30:00.000Z',420,'CNG','A',1295,true,true,false,false,false,'North');
insert into customer_policy(id,date_of_purchase,customer_id,fuel,vehicle_segment,premium,bodily_injury_liability,personal_injury_protection,property_damage_liability,collision,comprehensive,region) values(12390,'2018-01-20T18:30:00.000Z',420,'CNG','A',642,false,false,true,false,true,'North');
insert into customer_policy(id,date_of_purchase,customer_id,fuel,vehicle_segment,premium,bodily_injury_liability,personal_injury_protection,property_damage_liability,collision,comprehensive,region) values(12391,'2018-01-05T18:30:00.000Z',420,'CNG','A',1979,true,true,true,true,true,'North');
insert into customer_policy(id,date_of_purchase,customer_id,fuel,vehicle_segment,premium,bodily_injury_liability,personal_injury_protection,property_damage_liability,collision,comprehensive,region) values(12392,'2018-01-12T18:30:00.000Z',420,'CNG','A',2327,false,false,true,true,true,'North');
insert into customer_policy(id,date_of_purchase,customer_id,fuel,vehicle_segment,premium,bodily_injury_liability,personal_injury_protection,property_damage_liability,collision,comprehensive,region) values(12393,'2018-01-04T18:30:00.000Z',420,'CNG','A',1025,true,false,false,false,true,'North');
insert into customer_policy(id,date_of_purchase,customer_id,fuel,vehicle_segment,premium,bodily_injury_liability,personal_injury_protection,property_damage_liability,collision,comprehensive,region) values(12394,'2018-01-22T18:30:00.000Z',420,'CNG','A',529,false,false,false,false,true,'North');
insert into customer_policy(id,date_of_purchase,customer_id,fuel,vehicle_segment,premium,bodily_injury_liability,personal_injury_protection,property_damage_liability,collision,comprehensive,region) values(12395,'2018-01-15T18:30:00.000Z',420,'CNG','A',2072,false,false,true,false,false,'North');
insert into customer_policy(id,date_of_purchase,customer_id,fuel,vehicle_segment,premium,bodily_injury_liability,personal_injury_protection,property_damage_liability,collision,comprehensive,region) values(12396,'2018-01-17T18:30:00.000Z',420,'CNG','A',2103,false,false,false,true,false,'North');
insert into customer_policy(id,date_of_purchase,customer_id,fuel,vehicle_segment,premium,bodily_injury_liability,personal_injury_protection,property_damage_liability,collision,comprehensive,region) values(12397,'2018-01-14T18:30:00.000Z',420,'CNG','A',1929,false,true,false,false,true,'North');
insert into customer_policy(id,date_of_purchase,customer_id,fuel,vehicle_segment,premium,bodily_injury_liability,personal_injury_protection,property_damage_liability,collision,comprehensive,region) values(12398,'2018-01-12T18:30:00.000Z',420,'CNG','A',2143,true,false,true,true,true,'North');
insert into customer_policy(id,date_of_purchase,customer_id,fuel,vehicle_segment,premium,bodily_injury_liability,personal_injury_protection,property_damage_liability,collision,comprehensive,region) values(12399,'2018-01-10T18:30:00.000Z',420,'CNG','A',2132,false,false,false,true,false,'North');
insert into customer_policy(id,date_of_purchase,customer_id,fuel,vehicle_segment,premium,bodily_injury_liability,personal_injury_protection,property_damage_liability,collision,comprehensive,region) values(12400,'2018-01-12T18:30:00.000Z',420,'CNG','A',1459,true,false,false,false,false,'North');
insert into customer_policy(id,date_of_purchase,customer_id,fuel,vehicle_segment,premium,bodily_injury_liability,personal_injury_protection,property_damage_liability,collision,comprehensive,region) values(12401,'2018-01-16T18:30:00.000Z',420,'CNG','A',1831,true,true,false,false,false,'North');
insert into customer_policy(id,date_of_purchase,customer_id,fuel,vehicle_segment,premium,bodily_injury_liability,personal_injury_protection,property_damage_liability,collision,comprehensive,region) values(12402,'2018-01-29T18:30:00.000Z',420,'CNG','A',1171,true,true,true,false,false,'North');
insert into customer_policy(id,date_of_purchase,customer_id,fuel,vehicle_segment,premium,bodily_injury_liability,personal_injury_protection,property_damage_liability,collision,comprehensive,region) values(12403,'2018-01-09T18:30:00.000Z',420,'CNG','A',1692,true,false,true,true,false,'North');
insert into customer_policy(id,date_of_purchase,customer_id,fuel,vehicle_segment,premium,bodily_injury_liability,personal_injury_protection,property_damage_liability,collision,comprehensive,region) values(12404,'2018-01-10T18:30:00.000Z',420,'CNG','A',1262,false,true,true,false,true,'North');
insert into customer_policy(id,date_of_purchase,customer_id,fuel,vehicle_segment,premium,bodily_injury_liability,personal_injury_protection,property_damage_liability,collision,comprehensive,region) values(12405,'2018-01-22T18:30:00.000Z',420,'CNG','A',2451,false,true,false,false,false,'North');
insert into customer_policy(id,date_of_purchase,customer_id,fuel,vehicle_segment,premium,bodily_injury_liability,personal_injury_protection,property_damage_liability,collision,comprehensive,region) values(12406,'2018-01-02T18:30:00.000Z',420,'CNG','A',1906,false,false,true,true,true,'North');
insert into customer_policy(id,date_of_purchase,customer_id,fuel,vehicle_segment,premium,bodily_injury_liability,personal_injury_protection,property_damage_liability,collision,comprehensive,region) values(12407,'2018-01-23T18:30:00.000Z',420,'CNG','A',2095,true,false,true,true,false,'North');
insert into customer_policy(id,date_of_purchase,customer_id,fuel,vehicle_segment,premium,bodily_injury_liability,personal_injury_protection,property_damage_liability,collision,comprehensive,region) values(12408,'2018-01-19T18:30:00.000Z',420,'CNG','A',1597,true,false,false,true,false,'North');
insert into customer_policy(id,date_of_purchase,customer_id,fuel,vehicle_segment,premium,bodily_injury_liability,personal_injury_protection,property_damage_liability,collision,comprehensive,region) values(12409,'2018-01-14T18:30:00.000Z',420,'CNG','A',2362,true,true,false,true,false,'North');
insert into customer_policy(id,date_of_purchase,customer_id,fuel,vehicle_segment,premium,bodily_injury_liability,personal_injury_protection,property_damage_liability,collision,comprehensive,region) values(12410,'2018-01-16T18:30:00.000Z',420,'CNG','A',1612,true,true,false,true,false,'North');
insert into customer_policy(id,date_of_purchase,customer_id,fuel,vehicle_segment,premium,bodily_injury_liability,personal_injury_protection,property_damage_liability,collision,comprehensive,region) values(12411,'2018-01-18T18:30:00.000Z',420,'CNG','A',711,false,false,false,true,true,'North');
insert into customer_policy(id,date_of_purchase,customer_id,fuel,vehicle_segment,premium,bodily_injury_liability,personal_injury_protection,property_damage_liability,collision,comprehensive,region) values(12412,'2018-01-28T18:30:00.000Z',420,'CNG','A',1771,true,false,true,false,true,'North');
insert into customer_policy(id,date_of_purchase,customer_id,fuel,vehicle_segment,premium,bodily_injury_liability,personal_injury_protection,property_damage_liability,collision,comprehensive,region) values(12413,'2018-01-19T18:30:00.000Z',420,'CNG','A',1301,false,true,false,false,true,'North');
insert into customer_policy(id,date_of_purchase,customer_id,fuel,vehicle_segment,premium,bodily_injury_liability,personal_injury_protection,property_damage_liability,collision,comprehensive,region) values(12414,'2018-01-15T18:30:00.000Z',420,'CNG','A',2411,true,true,false,false,true,'North');
insert into customer_policy(id,date_of_purchase,customer_id,fuel,vehicle_segment,premium,bodily_injury_liability,personal_injury_protection,property_damage_liability,collision,comprehensive,region) values(12415,'2018-01-09T18:30:00.000Z',420,'CNG','A',1065,false,true,false,false,true,'North');
insert into customer_policy(id,date_of_purchase,customer_id,fuel,vehicle_segment,premium,bodily_injury_liability,personal_injury_protection,property_damage_liability,collision,comprehensive,region) values(12416,'2018-01-12T18:30:00.000Z',420,'CNG','A',2393,true,true,true,true,false,'North');
insert into customer_policy(id,date_of_purchase,customer_id,fuel,vehicle_segment,premium,bodily_injury_liability,personal_injury_protection,property_damage_liability,collision,comprehensive,region) values(12417,'2018-01-04T18:30:00.000Z',420,'CNG','A',1837,true,true,true,false,false,'North');
insert into customer_policy(id,date_of_purchase,customer_id,fuel,vehicle_segment,premium,bodily_injury_liability,personal_injury_protection,property_damage_liability,collision,comprehensive,region) values(12418,'2017-12-31T18:30:00.000Z',420,'CNG','A',1598,false,false,true,false,false,'North');
insert into customer_policy(id,date_of_purchase,customer_id,fuel,vehicle_segment,premium,bodily_injury_liability,personal_injury_protection,property_damage_liability,collision,comprehensive,region) values(12419,'2018-01-29T18:30:00.000Z',420,'CNG','A',1072,true,false,true,false,true,'North');
insert into customer_policy(id,date_of_purchase,customer_id,fuel,vehicle_segment,premium,bodily_injury_liability,personal_injury_protection,property_damage_liability,collision,comprehensive,region) values(12420,'2018-01-24T18:30:00.000Z',420,'CNG','A',591,false,false,true,false,false,'North');
insert into customer_policy(id,date_of_purchase,customer_id,fuel,vehicle_segment,premium,bodily_injury_liability,personal_injury_protection,property_damage_liability,collision,comprehensive,region) values(12421,'2018-01-17T18:30:00.000Z',420,'CNG','A',1617,true,true,true,false,true,'North');
insert into customer_policy(id,date_of_purchase,customer_id,fuel,vehicle_segment,premium,bodily_injury_liability,personal_injury_protection,property_damage_liability,collision,comprehensive,region) values(12422,'2018-01-03T18:30:00.000Z',420,'CNG','A',1174,true,false,true,true,false,'North');
insert into customer_policy(id,date_of_purchase,customer_id,fuel,vehicle_segment,premium,bodily_injury_liability,personal_injury_protection,property_damage_liability,collision,comprehensive,region) values(12423,'2018-01-27T18:30:00.000Z',420,'CNG','A',2241,true,true,true,false,true,'North');
insert into customer_policy(id,date_of_purchase,customer_id,fuel,vehicle_segment,premium,bodily_injury_liability,personal_injury_protection,property_damage_liability,collision,comprehensive,region) values(12424,'2018-01-30T18:30:00.000Z',420,'CNG','A',2248,true,true,false,true,true,'North');
insert into customer_policy(id,date_of_purchase,customer_id,fuel,vehicle_segment,premium,bodily_injury_liability,personal_injury_protection,property_damage_liability,collision,comprehensive,region) values(12425,'2018-01-26T18:30:00.000Z',420,'CNG','A',2121,true,true,false,false,true,'North');
insert into customer_policy(id,date_of_purchase,customer_id,fuel,vehicle_segment,premium,bodily_injury_liability,personal_injury_protection,property_damage_liability,collision,comprehensive,region) values(12426,'2018-01-24T18:30:00.000Z',420,'CNG','A',1994,false,false,false,false,true,'North');
insert into customer_policy(id,date_of_purchase,customer_id,fuel,vehicle_segment,premium,bodily_injury_liability,personal_injury_protection,property_damage_liability,collision,comprehensive,region) values(12427,'2017-12-31T18:30:00.000Z',420,'CNG','A',2442,true,true,false,false,false,'North');
insert into customer_policy(id,date_of_purchase,customer_id,fuel,vehicle_segment,premium,bodily_injury_liability,personal_injury_protection,property_damage_liability,collision,comprehensive,region) values(12428,'2018-01-22T18:30:00.000Z',420,'CNG','A',1763,false,true,true,false,false,'North');
insert into customer_policy(id,date_of_purchase,customer_id,fuel,vehicle_segment,premium,bodily_injury_liability,personal_injury_protection,property_damage_liability,collision,comprehensive,region) values(12429,'2018-01-27T18:30:00.000Z',420,'CNG','A',1494,false,false,false,true,true,'North');
insert into customer_policy(id,date_of_purchase,customer_id,fuel,vehicle_segment,premium,bodily_injury_liability,personal_injury_protection,property_damage_liability,collision,comprehensive,region) values(12430,'2018-01-02T18:30:00.000Z',420,'CNG','A',2039,true,false,true,true,false,'North');
insert into customer_policy(id,date_of_purchase,customer_id,fuel,vehicle_segment,premium,bodily_injury_liability,personal_injury_protection,property_damage_liability,collision,comprehensive,region) values(12431,'2018-01-26T18:30:00.000Z',420,'CNG','A',898,true,false,false,false,false,'North');
insert into customer_policy(id,date_of_purchase,customer_id,fuel,vehicle_segment,premium,bodily_injury_liability,personal_injury_protection,property_damage_liability,collision,comprehensive,region) values(12432,'2018-01-11T18:30:00.000Z',420,'CNG','A',823,false,false,true,true,false,'North');
insert into customer_policy(id,date_of_purchase,customer_id,fuel,vehicle_segment,premium,bodily_injury_liability,personal_injury_protection,property_damage_liability,collision,comprehensive,region) values(12433,'2018-01-10T18:30:00.000Z',420,'CNG','A',1144,false,true,false,false,false,'North');
insert into customer_policy(id,date_of_purchase,customer_id,fuel,vehicle_segment,premium,bodily_injury_liability,personal_injury_protection,property_damage_liability,collision,comprehensive,region) values(12434,'2018-01-22T18:30:00.000Z',420,'CNG','A',1051,false,false,true,false,false,'North');
insert into customer_policy(id,date_of_purchase,customer_id,fuel,vehicle_segment,premium,bodily_injury_liability,personal_injury_protection,property_damage_liability,collision,comprehensive,region) values(12435,'2018-01-09T18:30:00.000Z',420,'CNG','A',1212,false,false,true,false,false,'North');
insert into customer_policy(id,date_of_purchase,customer_id,fuel,vehicle_segment,premium,bodily_injury_liability,personal_injury_protection,property_damage_liability,collision,comprehensive,region) values(12436,'2018-01-12T18:30:00.000Z',420,'CNG','A',1829,false,true,true,false,false,'North');
insert into customer_policy(id,date_of_purchase,customer_id,fuel,vehicle_segment,premium,bodily_injury_liability,personal_injury_protection,property_damage_liability,collision,comprehensive,region) values(12437,'2018-01-14T18:30:00.000Z',420,'CNG','A',1548,false,false,false,true,false,'North');
insert into customer_policy(id,date_of_purchase,customer_id,fuel,vehicle_segment,premium,bodily_injury_liability,personal_injury_protection,property_damage_liability,collision,comprehensive,region) values(12438,'2018-01-05T18:30:00.000Z',420,'CNG','A',1663,true,true,false,true,true,'North');
insert into customer_policy(id,date_of_purchase,customer_id,fuel,vehicle_segment,premium,bodily_injury_liability,personal_injury_protection,property_damage_liability,collision,comprehensive,region) values(12439,'2018-01-22T18:30:00.000Z',420,'CNG','A',1313,false,false,false,true,true,'North');
insert into customer_policy(id,date_of_purchase,customer_id,fuel,vehicle_segment,premium,bodily_injury_liability,personal_injury_protection,property_damage_liability,collision,comprehensive,region) values(12440,'2018-01-03T18:30:00.000Z',420,'CNG','A',1915,true,true,true,false,false,'North');
insert into customer_policy(id,date_of_purchase,customer_id,fuel,vehicle_segment,premium,bodily_injury_liability,personal_injury_protection,property_damage_liability,collision,comprehensive,region) values(12441,'2018-01-07T18:30:00.000Z',420,'CNG','A',1888,false,false,false,true,true,'North');
insert into customer_policy(id,date_of_purchase,customer_id,fuel,vehicle_segment,premium,bodily_injury_liability,personal_injury_protection,property_damage_liability,collision,comprehensive,region) values(12442,'2018-01-18T18:30:00.000Z',420,'CNG','A',694,true,true,true,false,false,'North');
insert into customer_policy(id,date_of_purchase,customer_id,fuel,vehicle_segment,premium,bodily_injury_liability,personal_injury_protection,property_damage_liability,collision,comprehensive,region) values(12443,'2018-01-04T18:30:00.000Z',420,'CNG','A',637,false,false,true,true,false,'North');
insert into customer_policy(id,date_of_purchase,customer_id,fuel,vehicle_segment,premium,bodily_injury_liability,personal_injury_protection,property_damage_liability,collision,comprehensive,region) values(12444,'2018-02-09T18:30:00.000Z',420,'CNG','A',1959,true,true,false,false,true,'North');
insert into customer_policy(id,date_of_purchase,customer_id,fuel,vehicle_segment,premium,bodily_injury_liability,personal_injury_protection,property_damage_liability,collision,comprehensive,region) values(12445,'2018-02-07T18:30:00.000Z',420,'CNG','A',1673,false,true,true,true,true,'North');
insert into customer_policy(id,date_of_purchase,customer_id,fuel,vehicle_segment,premium,bodily_injury_liability,personal_injury_protection,property_damage_liability,collision,comprehensive,region) values(12446,'2018-01-31T18:30:00.000Z',420,'CNG','A',934,true,false,true,false,true,'North');
insert into customer_policy(id,date_of_purchase,customer_id,fuel,vehicle_segment,premium,bodily_injury_liability,personal_injury_protection,property_damage_liability,collision,comprehensive,region) values(12447,'2018-02-22T18:30:00.000Z',420,'CNG','A',2391,true,false,false,true,false,'North');
insert into customer_policy(id,date_of_purchase,customer_id,fuel,vehicle_segment,premium,bodily_injury_liability,personal_injury_protection,property_damage_liability,collision,comprehensive,region) values(12448,'2018-02-19T18:30:00.000Z',420,'CNG','A',2246,true,false,false,true,false,'North');
insert into customer_policy(id,date_of_purchase,customer_id,fuel,vehicle_segment,premium,bodily_injury_liability,personal_injury_protection,property_damage_liability,collision,comprehensive,region) values(12449,'2018-02-02T18:30:00.000Z',420,'CNG','A',1328,false,true,true,false,false,'North');
insert into customer_policy(id,date_of_purchase,customer_id,fuel,vehicle_segment,premium,bodily_injury_liability,personal_injury_protection,property_damage_liability,collision,comprehensive,region) values(12450,'2018-02-12T18:30:00.000Z',420,'CNG','A',2455,true,true,true,true,true,'North');
insert into customer_policy(id,date_of_purchase,customer_id,fuel,vehicle_segment,premium,bodily_injury_liability,personal_injury_protection,property_damage_liability,collision,comprehensive,region) values(12451,'2018-02-24T18:30:00.000Z',420,'CNG','A',1611,false,true,false,true,false,'North');
insert into customer_policy(id,date_of_purchase,customer_id,fuel,vehicle_segment,premium,bodily_injury_liability,personal_injury_protection,property_damage_liability,collision,comprehensive,region) values(12452,'2018-02-02T18:30:00.000Z',420,'CNG','A',2256,true,false,false,true,false,'North');
insert into customer_policy(id,date_of_purchase,customer_id,fuel,vehicle_segment,premium,bodily_injury_liability,personal_injury_protection,property_damage_liability,collision,comprehensive,region) values(12453,'2018-02-25T18:30:00.000Z',420,'CNG','A',1284,false,false,false,false,false,'North');
insert into customer_policy(id,date_of_purchase,customer_id,fuel,vehicle_segment,premium,bodily_injury_liability,personal_injury_protection,property_damage_liability,collision,comprehensive,region) values(12454,'2018-02-04T18:30:00.000Z',420,'CNG','A',2067,true,true,false,true,false,'North');
insert into customer_policy(id,date_of_purchase,customer_id,fuel,vehicle_segment,premium,bodily_injury_liability,personal_injury_protection,property_damage_liability,collision,comprehensive,region) values(12455,'2018-02-10T18:30:00.000Z',420,'CNG','A',1477,true,false,false,true,false,'North');
insert into customer_policy(id,date_of_purchase,customer_id,fuel,vehicle_segment,premium,bodily_injury_liability,personal_injury_protection,property_damage_liability,collision,comprehensive,region) values(12456,'2018-02-17T18:30:00.000Z',420,'CNG','A',865,false,false,false,false,true,'North');
insert into customer_policy(id,date_of_purchase,customer_id,fuel,vehicle_segment,premium,bodily_injury_liability,personal_injury_protection,property_damage_liability,collision,comprehensive,region) values(12457,'2018-01-31T18:30:00.000Z',420,'CNG','A',1662,false,false,false,true,true,'North');
insert into customer_policy(id,date_of_purchase,customer_id,fuel,vehicle_segment,premium,bodily_injury_liability,personal_injury_protection,property_damage_liability,collision,comprehensive,region) values(12458,'2018-02-02T18:30:00.000Z',420,'CNG','A',1870,false,false,false,false,false,'North');
insert into customer_policy(id,date_of_purchase,customer_id,fuel,vehicle_segment,premium,bodily_injury_liability,personal_injury_protection,property_damage_liability,collision,comprehensive,region) values(12459,'2018-02-04T18:30:00.000Z',420,'CNG','A',626,true,true,true,true,false,'North');
insert into customer_policy(id,date_of_purchase,customer_id,fuel,vehicle_segment,premium,bodily_injury_liability,personal_injury_protection,property_damage_liability,collision,comprehensive,region) values(12460,'2018-02-10T18:30:00.000Z',420,'CNG','A',1658,true,false,true,true,false,'North');
insert into customer_policy(id,date_of_purchase,customer_id,fuel,vehicle_segment,premium,bodily_injury_liability,personal_injury_protection,property_damage_liability,collision,comprehensive,region) values(12461,'2018-02-15T18:30:00.000Z',420,'CNG','A',1168,false,true,false,true,true,'North');
insert into customer_policy(id,date_of_purchase,customer_id,fuel,vehicle_segment,premium,bodily_injury_liability,personal_injury_protection,property_damage_liability,collision,comprehensive,region) values(12462,'2018-02-01T18:30:00.000Z',420,'CNG','A',1083,false,false,true,true,false,'North');
insert into customer_policy(id,date_of_purchase,customer_id,fuel,vehicle_segment,premium,bodily_injury_liability,personal_injury_protection,property_damage_liability,collision,comprehensive,region) values(12463,'2018-02-05T18:30:00.000Z',420,'CNG','A',2253,false,true,false,true,false,'North');
insert into customer_policy(id,date_of_purchase,customer_id,fuel,vehicle_segment,premium,bodily_injury_liability,personal_injury_protection,property_damage_liability,collision,comprehensive,region) values(12464,'2018-02-04T18:30:00.000Z',420,'CNG','A',708,true,true,true,false,true,'North');
insert into customer_policy(id,date_of_purchase,customer_id,fuel,vehicle_segment,premium,bodily_injury_liability,personal_injury_protection,property_damage_liability,collision,comprehensive,region) values(12465,'2018-02-13T18:30:00.000Z',420,'CNG','A',2254,true,true,false,true,false,'North');
insert into customer_policy(id,date_of_purchase,customer_id,fuel,vehicle_segment,premium,bodily_injury_liability,personal_injury_protection,property_damage_liability,collision,comprehensive,region) values(12466,'2018-02-14T18:30:00.000Z',420,'CNG','A',1092,false,true,false,false,true,'North');
insert into customer_policy(id,date_of_purchase,customer_id,fuel,vehicle_segment,premium,bodily_injury_liability,personal_injury_protection,property_damage_liability,collision,comprehensive,region) values(12467,'2018-02-25T18:30:00.000Z',420,'CNG','A',778,true,false,false,false,true,'North');
insert into customer_policy(id,date_of_purchase,customer_id,fuel,vehicle_segment,premium,bodily_injury_liability,personal_injury_protection,property_damage_liability,collision,comprehensive,region) values(12468,'2018-02-14T18:30:00.000Z',420,'CNG','A',1041,false,false,true,true,true,'North');
insert into customer_policy(id,date_of_purchase,customer_id,fuel,vehicle_segment,premium,bodily_injury_liability,personal_injury_protection,property_damage_liability,collision,comprehensive,region) values(12469,'2018-02-02T18:30:00.000Z',420,'CNG','A',2310,false,false,true,true,false,'North');
insert into customer_policy(id,date_of_purchase,customer_id,fuel,vehicle_segment,premium,bodily_injury_liability,personal_injury_protection,property_damage_liability,collision,comprehensive,region) values(12470,'2018-02-24T18:30:00.000Z',420,'CNG','A',2339,true,true,true,true,false,'North');
insert into customer_policy(id,date_of_purchase,customer_id,fuel,vehicle_segment,premium,bodily_injury_liability,personal_injury_protection,property_damage_liability,collision,comprehensive,region) values(12471,'2018-02-11T18:30:00.000Z',420,'CNG','A',2218,false,false,true,false,true,'North');
insert into customer_policy(id,date_of_purchase,customer_id,fuel,vehicle_segment,premium,bodily_injury_liability,personal_injury_protection,property_damage_liability,collision,comprehensive,region) values(12472,'2018-02-10T18:30:00.000Z',420,'CNG','A',1628,true,true,false,false,true,'North');
insert into customer_policy(id,date_of_purchase,customer_id,fuel,vehicle_segment,premium,bodily_injury_liability,personal_injury_protection,property_damage_liability,collision,comprehensive,region) values(12473,'2018-02-15T18:30:00.000Z',420,'CNG','A',850,true,false,true,true,false,'North');
insert into customer_policy(id,date_of_purchase,customer_id,fuel,vehicle_segment,premium,bodily_injury_liability,personal_injury_protection,property_damage_liability,collision,comprehensive,region) values(12474,'2018-02-13T18:30:00.000Z',420,'CNG','A',618,false,true,false,true,true,'North');
insert into customer_policy(id,date_of_purchase,customer_id,fuel,vehicle_segment,premium,bodily_injury_liability,personal_injury_protection,property_damage_liability,collision,comprehensive,region) values(12475,'2018-02-21T18:30:00.000Z',420,'CNG','A',2128,false,false,false,true,false,'North');
insert into customer_policy(id,date_of_purchase,customer_id,fuel,vehicle_segment,premium,bodily_injury_liability,personal_injury_protection,property_damage_liability,collision,comprehensive,region) values(12476,'2018-02-15T18:30:00.000Z',420,'CNG','A',1213,true,false,false,true,true,'North');
insert into customer_policy(id,date_of_purchase,customer_id,fuel,vehicle_segment,premium,bodily_injury_liability,personal_injury_protection,property_damage_liability,collision,comprehensive,region) values(12477,'2018-02-03T18:30:00.000Z',420,'CNG','A',749,true,false,true,false,true,'North');
insert into customer_policy(id,date_of_purchase,customer_id,fuel,vehicle_segment,premium,bodily_injury_liability,personal_injury_protection,property_damage_liability,collision,comprehensive,region) values(12478,'2018-02-13T18:30:00.000Z',420,'CNG','A',2420,false,false,true,false,true,'North');
insert into customer_policy(id,date_of_purchase,customer_id,fuel,vehicle_segment,premium,bodily_injury_liability,personal_injury_protection,property_damage_liability,collision,comprehensive,region) values(12479,'2018-02-07T18:30:00.000Z',420,'CNG','A',1231,false,true,false,true,false,'North');
insert into customer_policy(id,date_of_purchase,customer_id,fuel,vehicle_segment,premium,bodily_injury_liability,personal_injury_protection,property_damage_liability,collision,comprehensive,region) values(12480,'2018-02-26T18:30:00.000Z',420,'CNG','A',510,false,true,false,false,true,'North');
insert into customer_policy(id,date_of_purchase,customer_id,fuel,vehicle_segment,premium,bodily_injury_liability,personal_injury_protection,property_damage_liability,collision,comprehensive,region) values(12481,'2018-02-13T18:30:00.000Z',420,'CNG','A',2376,false,true,true,false,true,'North');
insert into customer_policy(id,date_of_purchase,customer_id,fuel,vehicle_segment,premium,bodily_injury_liability,personal_injury_protection,property_damage_liability,collision,comprehensive,region) values(12482,'2018-02-26T18:30:00.000Z',420,'CNG','A',1746,true,true,false,true,false,'North');
insert into customer_policy(id,date_of_purchase,customer_id,fuel,vehicle_segment,premium,bodily_injury_liability,personal_injury_protection,property_damage_liability,collision,comprehensive,region) values(12483,'2018-02-20T18:30:00.000Z',420,'CNG','A',1533,false,false,false,false,true,'North');
insert into customer_policy(id,date_of_purchase,customer_id,fuel,vehicle_segment,premium,bodily_injury_liability,personal_injury_protection,property_damage_liability,collision,comprehensive,region) values(12484,'2018-02-18T18:30:00.000Z',420,'CNG','A',901,true,true,true,false,false,'North');
insert into customer_policy(id,date_of_purchase,customer_id,fuel,vehicle_segment,premium,bodily_injury_liability,personal_injury_protection,property_damage_liability,collision,comprehensive,region) values(12485,'2018-02-03T18:30:00.000Z',420,'CNG','A',2021,false,false,true,true,false,'North');
insert into customer_policy(id,date_of_purchase,customer_id,fuel,vehicle_segment,premium,bodily_injury_liability,personal_injury_protection,property_damage_liability,collision,comprehensive,region) values(12486,'2018-02-21T18:30:00.000Z',420,'CNG','A',1570,false,false,false,false,true,'North');
insert into customer_policy(id,date_of_purchase,customer_id,fuel,vehicle_segment,premium,bodily_injury_liability,personal_injury_protection,property_damage_liability,collision,comprehensive,region) values(12487,'2018-02-18T18:30:00.000Z',420,'CNG','A',2338,false,false,true,true,false,'North');
insert into customer_policy(id,date_of_purchase,customer_id,fuel,vehicle_segment,premium,bodily_injury_liability,personal_injury_protection,property_damage_liability,collision,comprehensive,region) values(12488,'2018-02-09T18:30:00.000Z',420,'CNG','A',1065,false,false,true,false,true,'North');
insert into customer_policy(id,date_of_purchase,customer_id,fuel,vehicle_segment,premium,bodily_injury_liability,personal_injury_protection,property_damage_liability,collision,comprehensive,region) values(12489,'2018-02-13T18:30:00.000Z',420,'CNG','A',2227,false,true,false,false,false,'North');
insert into customer_policy(id,date_of_purchase,customer_id,fuel,vehicle_segment,premium,bodily_injury_liability,personal_injury_protection,property_damage_liability,collision,comprehensive,region) values(12490,'2018-02-15T18:30:00.000Z',420,'CNG','A',1721,true,false,false,false,false,'North');
insert into customer_policy(id,date_of_purchase,customer_id,fuel,vehicle_segment,premium,bodily_injury_liability,personal_injury_protection,property_damage_liability,collision,comprehensive,region) values(12491,'2018-02-04T18:30:00.000Z',420,'CNG','A',1914,false,false,true,true,false,'North');
insert into customer_policy(id,date_of_purchase,customer_id,fuel,vehicle_segment,premium,bodily_injury_liability,personal_injury_protection,property_damage_liability,collision,comprehensive,region) values(12492,'2018-02-09T18:30:00.000Z',420,'CNG','A',1149,false,false,false,false,false,'North');
insert into customer_policy(id,date_of_purchase,customer_id,fuel,vehicle_segment,premium,bodily_injury_liability,personal_injury_protection,property_damage_liability,collision,comprehensive,region) values(12493,'2018-02-19T18:30:00.000Z',420,'CNG','A',2033,false,false,true,true,true,'North');
insert into customer_policy(id,date_of_purchase,customer_id,fuel,vehicle_segment,premium,bodily_injury_liability,personal_injury_protection,property_damage_liability,collision,comprehensive,region) values(12494,'2018-02-21T18:30:00.000Z',420,'CNG','A',2025,false,false,false,true,false,'North');
insert into customer_policy(id,date_of_purchase,customer_id,fuel,vehicle_segment,premium,bodily_injury_liability,personal_injury_protection,property_damage_liability,collision,comprehensive,region) values(12495,'2018-02-11T18:30:00.000Z',420,'CNG','A',743,true,false,true,false,false,'North');
insert into customer_policy(id,date_of_purchase,customer_id,fuel,vehicle_segment,premium,bodily_injury_liability,personal_injury_protection,property_damage_liability,collision,comprehensive,region) values(12496,'2018-02-17T18:30:00.000Z',420,'CNG','A',1044,true,false,true,false,true,'North');
insert into customer_policy(id,date_of_purchase,customer_id,fuel,vehicle_segment,premium,bodily_injury_liability,personal_injury_protection,property_damage_liability,collision,comprehensive,region) values(12497,'2018-02-24T18:30:00.000Z',420,'CNG','A',1404,true,false,true,false,false,'North');
insert into customer_policy(id,date_of_purchase,customer_id,fuel,vehicle_segment,premium,bodily_injury_liability,personal_injury_protection,property_damage_liability,collision,comprehensive,region) values(12498,'2018-02-21T18:30:00.000Z',420,'CNG','A',1569,true,true,true,false,false,'North');
insert into customer_policy(id,date_of_purchase,customer_id,fuel,vehicle_segment,premium,bodily_injury_liability,personal_injury_protection,property_damage_liability,collision,comprehensive,region) values(12499,'2018-01-31T18:30:00.000Z',420,'CNG','A',1477,true,false,true,false,true,'North');
insert into customer_policy(id,date_of_purchase,customer_id,fuel,vehicle_segment,premium,bodily_injury_liability,personal_injury_protection,property_damage_liability,collision,comprehensive,region) values(12500,'2018-02-16T18:30:00.000Z',420,'CNG','A',1464,true,true,false,true,true,'North');
insert into customer_policy(id,date_of_purchase,customer_id,fuel,vehicle_segment,premium,bodily_injury_liability,personal_injury_protection,property_damage_liability,collision,comprehensive,region) values(12501,'2018-02-19T18:30:00.000Z',420,'CNG','A',2487,true,true,false,false,true,'North');
insert into customer_policy(id,date_of_purchase,customer_id,fuel,vehicle_segment,premium,bodily_injury_liability,personal_injury_protection,property_damage_liability,collision,comprehensive,region) values(12502,'2018-02-14T18:30:00.000Z',420,'CNG','A',2205,false,true,true,true,false,'North');
insert into customer_policy(id,date_of_purchase,customer_id,fuel,vehicle_segment,premium,bodily_injury_liability,personal_injury_protection,property_damage_liability,collision,comprehensive,region) values(12503,'2018-02-05T18:30:00.000Z',420,'CNG','A',2148,false,false,true,false,true,'North');
insert into customer_policy(id,date_of_purchase,customer_id,fuel,vehicle_segment,premium,bodily_injury_liability,personal_injury_protection,property_damage_liability,collision,comprehensive,region) values(12504,'2018-02-24T18:30:00.000Z',420,'CNG','A',2006,true,true,false,true,false,'North');
insert into customer_policy(id,date_of_purchase,customer_id,fuel,vehicle_segment,premium,bodily_injury_liability,personal_injury_protection,property_damage_liability,collision,comprehensive,region) values(12505,'2018-02-26T18:30:00.000Z',420,'CNG','A',2168,true,true,false,false,true,'North');
insert into customer_policy(id,date_of_purchase,customer_id,fuel,vehicle_segment,premium,bodily_injury_liability,personal_injury_protection,property_damage_liability,collision,comprehensive,region) values(12506,'2018-02-01T18:30:00.000Z',420,'CNG','A',1574,false,true,true,false,false,'North');
insert into customer_policy(id,date_of_purchase,customer_id,fuel,vehicle_segment,premium,bodily_injury_liability,personal_injury_protection,property_damage_liability,collision,comprehensive,region) values(12507,'2018-02-01T18:30:00.000Z',420,'CNG','A',1764,true,false,false,true,true,'North');
insert into customer_policy(id,date_of_purchase,customer_id,fuel,vehicle_segment,premium,bodily_injury_liability,personal_injury_protection,property_damage_liability,collision,comprehensive,region) values(12508,'2018-02-05T18:30:00.000Z',420,'CNG','A',2484,true,true,true,true,false,'North');
insert into customer_policy(id,date_of_purchase,customer_id,fuel,vehicle_segment,premium,bodily_injury_liability,personal_injury_protection,property_damage_liability,collision,comprehensive,region) values(12509,'2018-02-05T18:30:00.000Z',420,'CNG','A',640,true,false,true,true,false,'North');
insert into customer_policy(id,date_of_purchase,customer_id,fuel,vehicle_segment,premium,bodily_injury_liability,personal_injury_protection,property_damage_liability,collision,comprehensive,region) values(12510,'2018-02-11T18:30:00.000Z',420,'CNG','A',663,false,false,true,true,false,'North');
insert into customer_policy(id,date_of_purchase,customer_id,fuel,vehicle_segment,premium,bodily_injury_liability,personal_injury_protection,property_damage_liability,collision,comprehensive,region) values(12511,'2018-02-21T18:30:00.000Z',420,'CNG','A',1504,false,false,false,false,false,'North');
insert into customer_policy(id,date_of_purchase,customer_id,fuel,vehicle_segment,premium,bodily_injury_liability,personal_injury_protection,property_damage_liability,collision,comprehensive,region) values(12512,'2018-02-16T18:30:00.000Z',420,'CNG','A',1908,false,true,false,true,true,'North');
insert into customer_policy(id,date_of_purchase,customer_id,fuel,vehicle_segment,premium,bodily_injury_liability,personal_injury_protection,property_damage_liability,collision,comprehensive,region) values(12513,'2018-02-07T18:30:00.000Z',420,'CNG','A',519,false,false,false,false,true,'North');
insert into customer_policy(id,date_of_purchase,customer_id,fuel,vehicle_segment,premium,bodily_injury_liability,personal_injury_protection,property_damage_liability,collision,comprehensive,region) values(12514,'2018-02-04T18:30:00.000Z',420,'CNG','A',1475,true,true,true,true,false,'North');
insert into customer_policy(id,date_of_purchase,customer_id,fuel,vehicle_segment,premium,bodily_injury_liability,personal_injury_protection,property_damage_liability,collision,comprehensive,region) values(12515,'2018-02-26T18:30:00.000Z',420,'CNG','A',1663,true,false,true,true,false,'North');
insert into customer_policy(id,date_of_purchase,customer_id,fuel,vehicle_segment,premium,bodily_injury_liability,personal_injury_protection,property_damage_liability,collision,comprehensive,region) values(12516,'2018-02-13T18:30:00.000Z',420,'CNG','A',1179,false,true,false,false,false,'North');
insert into customer_policy(id,date_of_purchase,customer_id,fuel,vehicle_segment,premium,bodily_injury_liability,personal_injury_protection,property_damage_liability,collision,comprehensive,region) values(12517,'2018-02-16T18:30:00.000Z',420,'CNG','A',898,false,true,true,false,true,'North');
insert into customer_policy(id,date_of_purchase,customer_id,fuel,vehicle_segment,premium,bodily_injury_liability,personal_injury_protection,property_damage_liability,collision,comprehensive,region) values(12518,'2018-02-07T18:30:00.000Z',420,'CNG','A',641,true,false,true,true,false,'North');
insert into customer_policy(id,date_of_purchase,customer_id,fuel,vehicle_segment,premium,bodily_injury_liability,personal_injury_protection,property_damage_liability,collision,comprehensive,region) values(12519,'2018-02-23T18:30:00.000Z',420,'CNG','A',1002,false,false,true,false,false,'North');
insert into customer_policy(id,date_of_purchase,customer_id,fuel,vehicle_segment,premium,bodily_injury_liability,personal_injury_protection,property_damage_liability,collision,comprehensive,region) values(12520,'2018-02-24T18:30:00.000Z',420,'CNG','A',2253,true,false,true,true,true,'North');
insert into customer_policy(id,date_of_purchase,customer_id,fuel,vehicle_segment,premium,bodily_injury_liability,personal_injury_protection,property_damage_liability,collision,comprehensive,region) values(12521,'2018-02-09T18:30:00.000Z',420,'CNG','A',1100,true,false,false,true,true,'North');
insert into customer_policy(id,date_of_purchase,customer_id,fuel,vehicle_segment,premium,bodily_injury_liability,personal_injury_protection,property_damage_liability,collision,comprehensive,region) values(12522,'2018-02-18T18:30:00.000Z',420,'CNG','A',2316,false,true,true,true,true,'North');
insert into customer_policy(id,date_of_purchase,customer_id,fuel,vehicle_segment,premium,bodily_injury_liability,personal_injury_protection,property_damage_liability,collision,comprehensive,region) values(12523,'2018-02-13T18:30:00.000Z',420,'CNG','A',2387,true,false,true,true,true,'North');
insert into customer_policy(id,date_of_purchase,customer_id,fuel,vehicle_segment,premium,bodily_injury_liability,personal_injury_protection,property_damage_liability,collision,comprehensive,region) values(12524,'2018-02-20T18:30:00.000Z',420,'CNG','A',2193,false,true,false,true,false,'North');
insert into customer_policy(id,date_of_purchase,customer_id,fuel,vehicle_segment,premium,bodily_injury_liability,personal_injury_protection,property_damage_liability,collision,comprehensive,region) values(12525,'2018-02-21T18:30:00.000Z',420,'CNG','A',2484,true,false,false,false,true,'North');
insert into customer_policy(id,date_of_purchase,customer_id,fuel,vehicle_segment,premium,bodily_injury_liability,personal_injury_protection,property_damage_liability,collision,comprehensive,region) values(12526,'2018-02-23T18:30:00.000Z',420,'CNG','A',1835,false,false,true,true,true,'North');
insert into customer_policy(id,date_of_purchase,customer_id,fuel,vehicle_segment,premium,bodily_injury_liability,personal_injury_protection,property_damage_liability,collision,comprehensive,region) values(12527,'2018-02-12T18:30:00.000Z',420,'CNG','A',2310,false,false,true,true,false,'North');
insert into customer_policy(id,date_of_purchase,customer_id,fuel,vehicle_segment,premium,bodily_injury_liability,personal_injury_protection,property_damage_liability,collision,comprehensive,region) values(12528,'2018-02-05T18:30:00.000Z',420,'CNG','A',545,true,true,false,false,false,'North');
insert into customer_policy(id,date_of_purchase,customer_id,fuel,vehicle_segment,premium,bodily_injury_liability,personal_injury_protection,property_damage_liability,collision,comprehensive,region) values(12529,'2018-02-20T18:30:00.000Z',420,'CNG','A',1924,true,false,false,true,true,'North');
insert into customer_policy(id,date_of_purchase,customer_id,fuel,vehicle_segment,premium,bodily_injury_liability,personal_injury_protection,property_damage_liability,collision,comprehensive,region) values(12530,'2018-02-11T18:30:00.000Z',420,'CNG','A',615,true,true,true,false,false,'North');
insert into customer_policy(id,date_of_purchase,customer_id,fuel,vehicle_segment,premium,bodily_injury_liability,personal_injury_protection,property_damage_liability,collision,comprehensive,region) values(12531,'2018-02-01T18:30:00.000Z',420,'CNG','A',727,true,true,true,false,true,'North');
insert into customer_policy(id,date_of_purchase,customer_id,fuel,vehicle_segment,premium,bodily_injury_liability,personal_injury_protection,property_damage_liability,collision,comprehensive,region) values(12532,'2018-02-09T18:30:00.000Z',420,'CNG','A',685,false,true,false,true,true,'North');
insert into customer_policy(id,date_of_purchase,customer_id,fuel,vehicle_segment,premium,bodily_injury_liability,personal_injury_protection,property_damage_liability,collision,comprehensive,region) values(12533,'2018-02-01T18:30:00.000Z',420,'CNG','A',2390,false,false,true,true,true,'North');
insert into customer_policy(id,date_of_purchase,customer_id,fuel,vehicle_segment,premium,bodily_injury_liability,personal_injury_protection,property_damage_liability,collision,comprehensive,region) values(12534,'2018-02-23T18:30:00.000Z',420,'CNG','A',709,true,false,true,false,true,'North');
insert into customer_policy(id,date_of_purchase,customer_id,fuel,vehicle_segment,premium,bodily_injury_liability,personal_injury_protection,property_damage_liability,collision,comprehensive,region) values(12535,'2018-02-26T18:30:00.000Z',420,'CNG','A',910,false,true,true,false,false,'North');
insert into customer_policy(id,date_of_purchase,customer_id,fuel,vehicle_segment,premium,bodily_injury_liability,personal_injury_protection,property_damage_liability,collision,comprehensive,region) values(12536,'2018-02-18T18:30:00.000Z',420,'CNG','A',1030,false,true,true,false,false,'North');
insert into customer_policy(id,date_of_purchase,customer_id,fuel,vehicle_segment,premium,bodily_injury_liability,personal_injury_protection,property_damage_liability,collision,comprehensive,region) values(12537,'2018-02-15T18:30:00.000Z',420,'CNG','A',1538,true,false,true,true,true,'North');
insert into customer_policy(id,date_of_purchase,customer_id,fuel,vehicle_segment,premium,bodily_injury_liability,personal_injury_protection,property_damage_liability,collision,comprehensive,region) values(12538,'2018-02-16T18:30:00.000Z',420,'CNG','A',600,false,true,true,false,false,'North');
insert into customer_policy(id,date_of_purchase,customer_id,fuel,vehicle_segment,premium,bodily_injury_liability,personal_injury_protection,property_damage_liability,collision,comprehensive,region) values(12539,'2018-02-20T18:30:00.000Z',420,'CNG','A',540,true,true,false,false,true,'North');
insert into customer_policy(id,date_of_purchase,customer_id,fuel,vehicle_segment,premium,bodily_injury_liability,personal_injury_protection,property_damage_liability,collision,comprehensive,region) values(12540,'2018-02-15T18:30:00.000Z',420,'CNG','A',997,true,true,true,false,false,'North');
insert into customer_policy(id,date_of_purchase,customer_id,fuel,vehicle_segment,premium,bodily_injury_liability,personal_injury_protection,property_damage_liability,collision,comprehensive,region) values(12541,'2018-02-10T18:30:00.000Z',420,'CNG','A',2086,false,false,false,true,true,'North');
insert into customer_policy(id,date_of_purchase,customer_id,fuel,vehicle_segment,premium,bodily_injury_liability,personal_injury_protection,property_damage_liability,collision,comprehensive,region) values(12542,'2018-02-14T18:30:00.000Z',420,'CNG','A',2491,true,false,false,true,false,'North');
insert into customer_policy(id,date_of_purchase,customer_id,fuel,vehicle_segment,premium,bodily_injury_liability,personal_injury_protection,property_damage_liability,collision,comprehensive,region) values(12543,'2018-02-21T18:30:00.000Z',420,'CNG','A',651,true,true,true,false,true,'North');
insert into customer_policy(id,date_of_purchase,customer_id,fuel,vehicle_segment,premium,bodily_injury_liability,personal_injury_protection,property_damage_liability,collision,comprehensive,region) values(12544,'2018-02-22T18:30:00.000Z',420,'CNG','A',1359,true,true,true,true,false,'North');
insert into customer_policy(id,date_of_purchase,customer_id,fuel,vehicle_segment,premium,bodily_injury_liability,personal_injury_protection,property_damage_liability,collision,comprehensive,region) values(12545,'2018-03-21T18:30:00.000Z',420,'CNG','A',1109,true,false,true,false,true,'North');
insert into customer_policy(id,date_of_purchase,customer_id,fuel,vehicle_segment,premium,bodily_injury_liability,personal_injury_protection,property_damage_liability,collision,comprehensive,region) values(12546,'2018-03-22T18:30:00.000Z',420,'CNG','A',2347,true,true,true,true,false,'North');
insert into customer_policy(id,date_of_purchase,customer_id,fuel,vehicle_segment,premium,bodily_injury_liability,personal_injury_protection,property_damage_liability,collision,comprehensive,region) values(12547,'2018-03-17T18:30:00.000Z',420,'CNG','A',966,false,false,true,true,true,'North');
insert into customer_policy(id,date_of_purchase,customer_id,fuel,vehicle_segment,premium,bodily_injury_liability,personal_injury_protection,property_damage_liability,collision,comprehensive,region) values(12548,'2018-03-06T18:30:00.000Z',420,'CNG','A',935,false,true,false,true,false,'North');
insert into customer_policy(id,date_of_purchase,customer_id,fuel,vehicle_segment,premium,bodily_injury_liability,personal_injury_protection,property_damage_liability,collision,comprehensive,region) values(12549,'2018-03-26T18:30:00.000Z',420,'CNG','A',2191,false,true,false,false,false,'North');
insert into customer_policy(id,date_of_purchase,customer_id,fuel,vehicle_segment,premium,bodily_injury_liability,personal_injury_protection,property_damage_liability,collision,comprehensive,region) values(12550,'2018-03-17T18:30:00.000Z',420,'CNG','A',1245,false,true,false,true,false,'North');
insert into customer_policy(id,date_of_purchase,customer_id,fuel,vehicle_segment,premium,bodily_injury_liability,personal_injury_protection,property_damage_liability,collision,comprehensive,region) values(12551,'2018-03-04T18:30:00.000Z',420,'CNG','A',2448,false,false,true,true,false,'North');
insert into customer_policy(id,date_of_purchase,customer_id,fuel,vehicle_segment,premium,bodily_injury_liability,personal_injury_protection,property_damage_liability,collision,comprehensive,region) values(12552,'2018-03-28T18:30:00.000Z',420,'CNG','A',525,false,true,true,false,true,'North');
insert into customer_policy(id,date_of_purchase,customer_id,fuel,vehicle_segment,premium,bodily_injury_liability,personal_injury_protection,property_damage_liability,collision,comprehensive,region) values(12553,'2018-03-01T18:30:00.000Z',420,'CNG','A',1214,true,false,false,true,true,'North');
insert into customer_policy(id,date_of_purchase,customer_id,fuel,vehicle_segment,premium,bodily_injury_liability,personal_injury_protection,property_damage_liability,collision,comprehensive,region) values(12554,'2018-03-09T18:30:00.000Z',420,'CNG','A',836,true,true,false,true,false,'North');
insert into customer_policy(id,date_of_purchase,customer_id,fuel,vehicle_segment,premium,bodily_injury_liability,personal_injury_protection,property_damage_liability,collision,comprehensive,region) values(12555,'2018-03-02T18:30:00.000Z',420,'CNG','A',525,true,true,false,false,false,'North');
insert into customer_policy(id,date_of_purchase,customer_id,fuel,vehicle_segment,premium,bodily_injury_liability,personal_injury_protection,property_damage_liability,collision,comprehensive,region) values(12556,'2018-03-26T18:30:00.000Z',420,'CNG','A',1640,false,true,false,false,false,'North');
insert into customer_policy(id,date_of_purchase,customer_id,fuel,vehicle_segment,premium,bodily_injury_liability,personal_injury_protection,property_damage_liability,collision,comprehensive,region) values(12557,'2018-03-01T18:30:00.000Z',420,'CNG','A',554,true,false,false,false,false,'North');
insert into customer_policy(id,date_of_purchase,customer_id,fuel,vehicle_segment,premium,bodily_injury_liability,personal_injury_protection,property_damage_liability,collision,comprehensive,region) values(12558,'2018-03-19T18:30:00.000Z',420,'CNG','A',599,false,true,true,true,false,'North');
insert into customer_policy(id,date_of_purchase,customer_id,fuel,vehicle_segment,premium,bodily_injury_liability,personal_injury_protection,property_damage_liability,collision,comprehensive,region) values(12559,'2018-03-29T18:30:00.000Z',420,'CNG','A',1269,true,true,true,true,false,'North');
insert into customer_policy(id,date_of_purchase,customer_id,fuel,vehicle_segment,premium,bodily_injury_liability,personal_injury_protection,property_damage_liability,collision,comprehensive,region) values(12560,'2018-03-23T18:30:00.000Z',420,'CNG','A',838,true,false,false,true,true,'North');
insert into customer_policy(id,date_of_purchase,customer_id,fuel,vehicle_segment,premium,bodily_injury_liability,personal_injury_protection,property_damage_liability,collision,comprehensive,region) values(12561,'2018-03-17T18:30:00.000Z',420,'CNG','A',745,true,false,true,false,true,'North');
insert into customer_policy(id,date_of_purchase,customer_id,fuel,vehicle_segment,premium,bodily_injury_liability,personal_injury_protection,property_damage_liability,collision,comprehensive,region) values(12562,'2018-03-27T18:30:00.000Z',420,'CNG','A',1349,true,false,true,true,false,'North');
insert into customer_policy(id,date_of_purchase,customer_id,fuel,vehicle_segment,premium,bodily_injury_liability,personal_injury_protection,property_damage_liability,collision,comprehensive,region) values(12563,'2018-03-21T18:30:00.000Z',420,'CNG','A',646,true,false,false,true,false,'North');
insert into customer_policy(id,date_of_purchase,customer_id,fuel,vehicle_segment,premium,bodily_injury_liability,personal_injury_protection,property_damage_liability,collision,comprehensive,region) values(12564,'2018-02-28T18:30:00.000Z',420,'CNG','A',1322,true,true,true,true,false,'North');
insert into customer_policy(id,date_of_purchase,customer_id,fuel,vehicle_segment,premium,bodily_injury_liability,personal_injury_protection,property_damage_liability,collision,comprehensive,region) values(12565,'2018-03-29T18:30:00.000Z',420,'CNG','A',1050,false,false,true,false,false,'North');
insert into customer_policy(id,date_of_purchase,customer_id,fuel,vehicle_segment,premium,bodily_injury_liability,personal_injury_protection,property_damage_liability,collision,comprehensive,region) values(12566,'2018-03-22T18:30:00.000Z',420,'CNG','A',2114,false,true,false,false,false,'North');
insert into customer_policy(id,date_of_purchase,customer_id,fuel,vehicle_segment,premium,bodily_injury_liability,personal_injury_protection,property_damage_liability,collision,comprehensive,region) values(12567,'2018-03-22T18:30:00.000Z',420,'CNG','A',1674,false,false,true,true,true,'North');
insert into customer_policy(id,date_of_purchase,customer_id,fuel,vehicle_segment,premium,bodily_injury_liability,personal_injury_protection,property_damage_liability,collision,comprehensive,region) values(12568,'2018-03-29T18:30:00.000Z',420,'CNG','A',690,true,true,true,true,false,'North');
insert into customer_policy(id,date_of_purchase,customer_id,fuel,vehicle_segment,premium,bodily_injury_liability,personal_injury_protection,property_damage_liability,collision,comprehensive,region) values(12569,'2018-03-22T18:30:00.000Z',420,'CNG','A',1679,true,false,true,false,false,'North');
insert into customer_policy(id,date_of_purchase,customer_id,fuel,vehicle_segment,premium,bodily_injury_liability,personal_injury_protection,property_damage_liability,collision,comprehensive,region) values(12570,'2018-03-09T18:30:00.000Z',420,'CNG','A',1634,true,false,true,true,true,'North');
insert into customer_policy(id,date_of_purchase,customer_id,fuel,vehicle_segment,premium,bodily_injury_liability,personal_injury_protection,property_damage_liability,collision,comprehensive,region) values(12571,'2018-03-17T18:30:00.000Z',420,'CNG','A',1241,true,true,true,false,true,'North');
insert into customer_policy(id,date_of_purchase,customer_id,fuel,vehicle_segment,premium,bodily_injury_liability,personal_injury_protection,property_damage_liability,collision,comprehensive,region) values(12572,'2018-03-10T18:30:00.000Z',420,'CNG','A',774,true,true,true,false,false,'North');
insert into customer_policy(id,date_of_purchase,customer_id,fuel,vehicle_segment,premium,bodily_injury_liability,personal_injury_protection,property_damage_liability,collision,comprehensive,region) values(12573,'2018-03-14T18:30:00.000Z',420,'CNG','A',1049,true,false,true,true,false,'North');
insert into customer_policy(id,date_of_purchase,customer_id,fuel,vehicle_segment,premium,bodily_injury_liability,personal_injury_protection,property_damage_liability,collision,comprehensive,region) values(12574,'2018-03-04T18:30:00.000Z',420,'CNG','A',697,false,false,false,true,true,'North');
insert into customer_policy(id,date_of_purchase,customer_id,fuel,vehicle_segment,premium,bodily_injury_liability,personal_injury_protection,property_damage_liability,collision,comprehensive,region) values(12575,'2018-03-09T18:30:00.000Z',420,'CNG','A',653,false,true,false,false,false,'North');
insert into customer_policy(id,date_of_purchase,customer_id,fuel,vehicle_segment,premium,bodily_injury_liability,personal_injury_protection,property_damage_liability,collision,comprehensive,region) values(12576,'2018-03-09T18:30:00.000Z',420,'CNG','A',1908,true,false,false,true,false,'North');
insert into customer_policy(id,date_of_purchase,customer_id,fuel,vehicle_segment,premium,bodily_injury_liability,personal_injury_protection,property_damage_liability,collision,comprehensive,region) values(12577,'2018-03-13T18:30:00.000Z',420,'CNG','A',2445,false,false,true,false,true,'North');
insert into customer_policy(id,date_of_purchase,customer_id,fuel,vehicle_segment,premium,bodily_injury_liability,personal_injury_protection,property_damage_liability,collision,comprehensive,region) values(12578,'2018-03-20T18:30:00.000Z',420,'CNG','A',613,true,false,true,false,true,'North');
insert into customer_policy(id,date_of_purchase,customer_id,fuel,vehicle_segment,premium,bodily_injury_liability,personal_injury_protection,property_damage_liability,collision,comprehensive,region) values(12579,'2018-03-20T18:30:00.000Z',420,'CNG','A',1560,true,false,true,true,true,'North');
insert into customer_policy(id,date_of_purchase,customer_id,fuel,vehicle_segment,premium,bodily_injury_liability,personal_injury_protection,property_damage_liability,collision,comprehensive,region) values(12580,'2018-03-21T18:30:00.000Z',420,'CNG','A',1651,false,true,false,false,true,'North');
insert into customer_policy(id,date_of_purchase,customer_id,fuel,vehicle_segment,premium,bodily_injury_liability,personal_injury_protection,property_damage_liability,collision,comprehensive,region) values(12581,'2018-03-02T18:30:00.000Z',420,'CNG','A',2490,true,true,true,false,true,'North');
insert into customer_policy(id,date_of_purchase,customer_id,fuel,vehicle_segment,premium,bodily_injury_liability,personal_injury_protection,property_damage_liability,collision,comprehensive,region) values(12582,'2018-03-09T18:30:00.000Z',420,'CNG','A',1669,false,false,true,false,false,'North');
insert into customer_policy(id,date_of_purchase,customer_id,fuel,vehicle_segment,premium,bodily_injury_liability,personal_injury_protection,property_damage_liability,collision,comprehensive,region) values(12583,'2018-03-08T18:30:00.000Z',420,'CNG','A',1774,true,false,true,false,false,'North');
insert into customer_policy(id,date_of_purchase,customer_id,fuel,vehicle_segment,premium,bodily_injury_liability,personal_injury_protection,property_damage_liability,collision,comprehensive,region) values(12584,'2018-03-27T18:30:00.000Z',420,'CNG','A',1556,true,false,true,true,false,'North');
insert into customer_policy(id,date_of_purchase,customer_id,fuel,vehicle_segment,premium,bodily_injury_liability,personal_injury_protection,property_damage_liability,collision,comprehensive,region) values(12585,'2018-03-07T18:30:00.000Z',420,'CNG','A',890,true,true,true,false,false,'North');
insert into customer_policy(id,date_of_purchase,customer_id,fuel,vehicle_segment,premium,bodily_injury_liability,personal_injury_protection,property_damage_liability,collision,comprehensive,region) values(12586,'2018-03-08T18:30:00.000Z',420,'CNG','A',1169,false,false,false,true,true,'North');
insert into customer_policy(id,date_of_purchase,customer_id,fuel,vehicle_segment,premium,bodily_injury_liability,personal_injury_protection,property_damage_liability,collision,comprehensive,region) values(12587,'2018-03-19T18:30:00.000Z',420,'CNG','A',1479,false,false,true,true,true,'North');
insert into customer_policy(id,date_of_purchase,customer_id,fuel,vehicle_segment,premium,bodily_injury_liability,personal_injury_protection,property_damage_liability,collision,comprehensive,region) values(12588,'2018-03-24T18:30:00.000Z',420,'CNG','A',1103,false,false,false,false,true,'North');
insert into customer_policy(id,date_of_purchase,customer_id,fuel,vehicle_segment,premium,bodily_injury_liability,personal_injury_protection,property_damage_liability,collision,comprehensive,region) values(12589,'2018-03-24T18:30:00.000Z',420,'CNG','A',1747,true,true,true,true,false,'North');
insert into customer_policy(id,date_of_purchase,customer_id,fuel,vehicle_segment,premium,bodily_injury_liability,personal_injury_protection,property_damage_liability,collision,comprehensive,region) values(12590,'2018-03-21T18:30:00.000Z',420,'CNG','A',2047,true,true,true,false,false,'North');
insert into customer_policy(id,date_of_purchase,customer_id,fuel,vehicle_segment,premium,bodily_injury_liability,personal_injury_protection,property_damage_liability,collision,comprehensive,region) values(12591,'2018-03-07T18:30:00.000Z',420,'CNG','A',878,true,true,true,true,false,'North');
insert into customer_policy(id,date_of_purchase,customer_id,fuel,vehicle_segment,premium,bodily_injury_liability,personal_injury_protection,property_damage_liability,collision,comprehensive,region) values(12592,'2018-03-24T18:30:00.000Z',420,'CNG','A',2073,true,true,false,true,false,'North');
insert into customer_policy(id,date_of_purchase,customer_id,fuel,vehicle_segment,premium,bodily_injury_liability,personal_injury_protection,property_damage_liability,collision,comprehensive,region) values(12593,'2018-03-03T18:30:00.000Z',420,'CNG','A',519,false,true,true,false,false,'North');
insert into customer_policy(id,date_of_purchase,customer_id,fuel,vehicle_segment,premium,bodily_injury_liability,personal_injury_protection,property_damage_liability,collision,comprehensive,region) values(12594,'2018-03-20T18:30:00.000Z',420,'CNG','A',1215,true,true,false,false,false,'North');
insert into customer_policy(id,date_of_purchase,customer_id,fuel,vehicle_segment,premium,bodily_injury_liability,personal_injury_protection,property_damage_liability,collision,comprehensive,region) values(12595,'2018-03-24T18:30:00.000Z',420,'CNG','A',1821,false,true,true,false,false,'North');
insert into customer_policy(id,date_of_purchase,customer_id,fuel,vehicle_segment,premium,bodily_injury_liability,personal_injury_protection,property_damage_liability,collision,comprehensive,region) values(12596,'2018-12-25T18:30:00.000Z',420,'CNG','A',598,true,false,true,true,false,'North');
insert into customer_policy(id,date_of_purchase,customer_id,fuel,vehicle_segment,premium,bodily_injury_liability,personal_injury_protection,property_damage_liability,collision,comprehensive,region) values(12597,'2018-12-09T18:30:00.000Z',420,'CNG','A',1768,false,false,false,true,false,'North');
insert into customer_policy(id,date_of_purchase,customer_id,fuel,vehicle_segment,premium,bodily_injury_liability,personal_injury_protection,property_damage_liability,collision,comprehensive,region) values(12598,'2018-12-09T18:30:00.000Z',420,'CNG','A',1821,true,false,false,true,false,'North');
insert into customer_policy(id,date_of_purchase,customer_id,fuel,vehicle_segment,premium,bodily_injury_liability,personal_injury_protection,property_damage_liability,collision,comprehensive,region) values(12599,'2018-12-26T18:30:00.000Z',420,'CNG','A',2093,false,false,true,false,false,'North');
insert into customer_policy(id,date_of_purchase,customer_id,fuel,vehicle_segment,premium,bodily_injury_liability,personal_injury_protection,property_damage_liability,collision,comprehensive,region) values(12600,'2018-11-30T18:30:00.000Z',420,'CNG','A',727,false,true,true,false,true,'North');
insert into customer_policy(id,date_of_purchase,customer_id,fuel,vehicle_segment,premium,bodily_injury_liability,personal_injury_protection,property_damage_liability,collision,comprehensive,region) values(12601,'2018-12-22T18:30:00.000Z',420,'CNG','A',2038,true,true,false,false,false,'North');
insert into customer_policy(id,date_of_purchase,customer_id,fuel,vehicle_segment,premium,bodily_injury_liability,personal_injury_protection,property_damage_liability,collision,comprehensive,region) values(12602,'2018-12-25T18:30:00.000Z',420,'CNG','A',1830,true,true,false,true,false,'North');
insert into customer_policy(id,date_of_purchase,customer_id,fuel,vehicle_segment,premium,bodily_injury_liability,personal_injury_protection,property_damage_liability,collision,comprehensive,region) values(12603,'2018-12-24T18:30:00.000Z',420,'CNG','A',1607,false,true,false,true,false,'North');
insert into customer_policy(id,date_of_purchase,customer_id,fuel,vehicle_segment,premium,bodily_injury_liability,personal_injury_protection,property_damage_liability,collision,comprehensive,region) values(12604,'2018-12-05T18:30:00.000Z',420,'CNG','A',1591,true,false,false,true,true,'North');
insert into customer_policy(id,date_of_purchase,customer_id,fuel,vehicle_segment,premium,bodily_injury_liability,personal_injury_protection,property_damage_liability,collision,comprehensive,region) values(12605,'2018-12-19T18:30:00.000Z',420,'CNG','A',856,true,true,false,false,true,'North');
insert into customer_policy(id,date_of_purchase,customer_id,fuel,vehicle_segment,premium,bodily_injury_liability,personal_injury_protection,property_damage_liability,collision,comprehensive,region) values(12606,'2018-12-24T18:30:00.000Z',420,'CNG','A',2135,true,false,false,true,true,'North');
insert into customer_policy(id,date_of_purchase,customer_id,fuel,vehicle_segment,premium,bodily_injury_liability,personal_injury_protection,property_damage_liability,collision,comprehensive,region) values(12607,'2018-12-29T18:30:00.000Z',420,'CNG','A',854,true,true,false,false,false,'North');
insert into customer_policy(id,date_of_purchase,customer_id,fuel,vehicle_segment,premium,bodily_injury_liability,personal_injury_protection,property_damage_liability,collision,comprehensive,region) values(12608,'2018-12-06T18:30:00.000Z',420,'CNG','A',2202,true,false,true,false,true,'North');
insert into customer_policy(id,date_of_purchase,customer_id,fuel,vehicle_segment,premium,bodily_injury_liability,personal_injury_protection,property_damage_liability,collision,comprehensive,region) values(12609,'2018-11-30T18:30:00.000Z',420,'CNG','A',1282,false,false,true,true,true,'North');
insert into customer_policy(id,date_of_purchase,customer_id,fuel,vehicle_segment,premium,bodily_injury_liability,personal_injury_protection,property_damage_liability,collision,comprehensive,region) values(12610,'2018-11-30T18:30:00.000Z',420,'CNG','A',1975,true,true,false,true,false,'North');
insert into customer_policy(id,date_of_purchase,customer_id,fuel,vehicle_segment,premium,bodily_injury_liability,personal_injury_protection,property_damage_liability,collision,comprehensive,region) values(12611,'2018-12-11T18:30:00.000Z',420,'CNG','A',1390,true,false,true,false,true,'North');
insert into customer_policy(id,date_of_purchase,customer_id,fuel,vehicle_segment,premium,bodily_injury_liability,personal_injury_protection,property_damage_liability,collision,comprehensive,region) values(12612,'2018-12-18T18:30:00.000Z',420,'CNG','A',642,false,true,true,false,false,'North');
insert into customer_policy(id,date_of_purchase,customer_id,fuel,vehicle_segment,premium,bodily_injury_liability,personal_injury_protection,property_damage_liability,collision,comprehensive,region) values(12613,'2018-12-08T18:30:00.000Z',420,'CNG','A',1453,true,false,false,false,true,'North');
insert into customer_policy(id,date_of_purchase,customer_id,fuel,vehicle_segment,premium,bodily_injury_liability,personal_injury_protection,property_damage_liability,collision,comprehensive,region) values(12614,'2018-12-10T18:30:00.000Z',420,'CNG','A',2031,false,false,false,true,true,'North');
insert into customer_policy(id,date_of_purchase,customer_id,fuel,vehicle_segment,premium,bodily_injury_liability,personal_injury_protection,property_damage_liability,collision,comprehensive,region) values(12615,'2018-12-05T18:30:00.000Z',420,'CNG','A',2212,true,false,false,true,false,'North');
insert into customer_policy(id,date_of_purchase,customer_id,fuel,vehicle_segment,premium,bodily_injury_liability,personal_injury_protection,property_damage_liability,collision,comprehensive,region) values(12616,'2018-12-02T18:30:00.000Z',420,'CNG','A',902,false,false,true,true,true,'North');
insert into customer_policy(id,date_of_purchase,customer_id,fuel,vehicle_segment,premium,bodily_injury_liability,personal_injury_protection,property_damage_liability,collision,comprehensive,region) values(12617,'2018-12-27T18:30:00.000Z',420,'CNG','A',2365,false,true,true,false,true,'North');
insert into customer_policy(id,date_of_purchase,customer_id,fuel,vehicle_segment,premium,bodily_injury_liability,personal_injury_protection,property_damage_liability,collision,comprehensive,region) values(12618,'2018-12-24T18:30:00.000Z',420,'CNG','A',733,true,true,true,false,false,'North');
insert into customer_policy(id,date_of_purchase,customer_id,fuel,vehicle_segment,premium,bodily_injury_liability,personal_injury_protection,property_damage_liability,collision,comprehensive,region) values(12619,'2018-12-08T18:30:00.000Z',420,'CNG','A',2266,true,true,false,false,true,'North');
insert into customer_policy(id,date_of_purchase,customer_id,fuel,vehicle_segment,premium,bodily_injury_liability,personal_injury_protection,property_damage_liability,collision,comprehensive,region) values(12620,'2018-03-16T18:30:00.000Z',420,'CNG','A',2373,true,true,false,true,false,'North');
insert into customer_policy(id,date_of_purchase,customer_id,fuel,vehicle_segment,premium,bodily_injury_liability,personal_injury_protection,property_damage_liability,collision,comprehensive,region) values(12621,'2018-03-02T18:30:00.000Z',420,'CNG','A',776,true,false,false,false,false,'North');
insert into customer_policy(id,date_of_purchase,customer_id,fuel,vehicle_segment,premium,bodily_injury_liability,personal_injury_protection,property_damage_liability,collision,comprehensive,region) values(12622,'2018-03-27T18:30:00.000Z',420,'CNG','A',1729,true,true,false,false,false,'North');
insert into customer_policy(id,date_of_purchase,customer_id,fuel,vehicle_segment,premium,bodily_injury_liability,personal_injury_protection,property_damage_liability,collision,comprehensive,region) values(12623,'2018-03-29T18:30:00.000Z',420,'CNG','A',2437,false,true,true,true,true,'North');
insert into customer_policy(id,date_of_purchase,customer_id,fuel,vehicle_segment,premium,bodily_injury_liability,personal_injury_protection,property_damage_liability,collision,comprehensive,region) values(12624,'2018-03-25T18:30:00.000Z',420,'CNG','A',1173,false,false,false,false,true,'North');
insert into customer_policy(id,date_of_purchase,customer_id,fuel,vehicle_segment,premium,bodily_injury_liability,personal_injury_protection,property_damage_liability,collision,comprehensive,region) values(12625,'2018-02-28T18:30:00.000Z',420,'CNG','A',751,false,true,true,true,true,'North');
insert into customer_policy(id,date_of_purchase,customer_id,fuel,vehicle_segment,premium,bodily_injury_liability,personal_injury_protection,property_damage_liability,collision,comprehensive,region) values(12626,'2018-03-20T18:30:00.000Z',420,'CNG','A',2499,true,true,false,false,false,'North');
insert into customer_policy(id,date_of_purchase,customer_id,fuel,vehicle_segment,premium,bodily_injury_liability,personal_injury_protection,property_damage_liability,collision,comprehensive,region) values(12627,'2018-03-22T18:30:00.000Z',420,'CNG','A',2292,true,false,false,false,false,'North');
insert into customer_policy(id,date_of_purchase,customer_id,fuel,vehicle_segment,premium,bodily_injury_liability,personal_injury_protection,property_damage_liability,collision,comprehensive,region) values(12628,'2018-03-07T18:30:00.000Z',420,'CNG','A',1359,false,false,true,false,true,'North');
insert into customer_policy(id,date_of_purchase,customer_id,fuel,vehicle_segment,premium,bodily_injury_liability,personal_injury_protection,property_damage_liability,collision,comprehensive,region) values(12629,'2018-03-07T18:30:00.000Z',420,'CNG','A',613,false,false,true,false,false,'North');
insert into customer_policy(id,date_of_purchase,customer_id,fuel,vehicle_segment,premium,bodily_injury_liability,personal_injury_protection,property_damage_liability,collision,comprehensive,region) values(12630,'2018-03-25T18:30:00.000Z',420,'CNG','A',694,true,true,true,true,false,'North');
insert into customer_policy(id,date_of_purchase,customer_id,fuel,vehicle_segment,premium,bodily_injury_liability,personal_injury_protection,property_damage_liability,collision,comprehensive,region) values(12631,'2018-03-20T18:30:00.000Z',420,'CNG','A',585,true,false,true,false,false,'North');
insert into customer_policy(id,date_of_purchase,customer_id,fuel,vehicle_segment,premium,bodily_injury_liability,personal_injury_protection,property_damage_liability,collision,comprehensive,region) values(12632,'2018-02-28T18:30:00.000Z',420,'CNG','A',1965,false,true,false,false,false,'North');
insert into customer_policy(id,date_of_purchase,customer_id,fuel,vehicle_segment,premium,bodily_injury_liability,personal_injury_protection,property_damage_liability,collision,comprehensive,region) values(12633,'2018-03-09T18:30:00.000Z',420,'CNG','A',1414,false,false,false,false,false,'North');
insert into customer_policy(id,date_of_purchase,customer_id,fuel,vehicle_segment,premium,bodily_injury_liability,personal_injury_protection,property_damage_liability,collision,comprehensive,region) values(12634,'2018-03-15T18:30:00.000Z',420,'CNG','A',1015,false,false,true,false,false,'North');
insert into customer_policy(id,date_of_purchase,customer_id,fuel,vehicle_segment,premium,bodily_injury_liability,personal_injury_protection,property_damage_liability,collision,comprehensive,region) values(12635,'2018-03-27T18:30:00.000Z',420,'CNG','A',1074,false,false,true,false,false,'North');
insert into customer_policy(id,date_of_purchase,customer_id,fuel,vehicle_segment,premium,bodily_injury_liability,personal_injury_protection,property_damage_liability,collision,comprehensive,region) values(12636,'2018-03-23T18:30:00.000Z',420,'CNG','A',1583,true,true,false,false,true,'North');
insert into customer_policy(id,date_of_purchase,customer_id,fuel,vehicle_segment,premium,bodily_injury_liability,personal_injury_protection,property_damage_liability,collision,comprehensive,region) values(12637,'2018-03-10T18:30:00.000Z',420,'CNG','A',873,false,false,false,false,false,'North');
insert into customer_policy(id,date_of_purchase,customer_id,fuel,vehicle_segment,premium,bodily_injury_liability,personal_injury_protection,property_damage_liability,collision,comprehensive,region) values(12638,'2018-03-02T18:30:00.000Z',420,'CNG','A',1650,false,true,false,true,true,'North');
insert into customer_policy(id,date_of_purchase,customer_id,fuel,vehicle_segment,premium,bodily_injury_liability,personal_injury_protection,property_damage_liability,collision,comprehensive,region) values(12639,'2018-03-23T18:30:00.000Z',420,'CNG','A',2104,true,true,true,true,false,'North');
insert into customer_policy(id,date_of_purchase,customer_id,fuel,vehicle_segment,premium,bodily_injury_liability,personal_injury_protection,property_damage_liability,collision,comprehensive,region) values(12640,'2018-03-15T18:30:00.000Z',420,'CNG','A',1328,false,false,true,true,true,'North');
insert into customer_policy(id,date_of_purchase,customer_id,fuel,vehicle_segment,premium,bodily_injury_liability,personal_injury_protection,property_damage_liability,collision,comprehensive,region) values(12641,'2018-03-19T18:30:00.000Z',420,'CNG','A',2390,true,false,false,false,false,'North');
insert into customer_policy(id,date_of_purchase,customer_id,fuel,vehicle_segment,premium,bodily_injury_liability,personal_injury_protection,property_damage_liability,collision,comprehensive,region) values(12642,'2018-03-10T18:30:00.000Z',420,'CNG','A',948,false,false,true,false,false,'North');
insert into customer_policy(id,date_of_purchase,customer_id,fuel,vehicle_segment,premium,bodily_injury_liability,personal_injury_protection,property_damage_liability,collision,comprehensive,region) values(12643,'2018-03-05T18:30:00.000Z',420,'CNG','A',1116,true,true,true,false,false,'North');
insert into customer_policy(id,date_of_purchase,customer_id,fuel,vehicle_segment,premium,bodily_injury_liability,personal_injury_protection,property_damage_liability,collision,comprehensive,region) values(12644,'2018-03-01T18:30:00.000Z',420,'CNG','A',1101,true,false,false,true,true,'North');
insert into customer_policy(id,date_of_purchase,customer_id,fuel,vehicle_segment,premium,bodily_injury_liability,personal_injury_protection,property_damage_liability,collision,comprehensive,region) values(12645,'2018-04-23T18:30:00.000Z',420,'CNG','A',1302,true,true,false,true,true,'North');
insert into customer_policy(id,date_of_purchase,customer_id,fuel,vehicle_segment,premium,bodily_injury_liability,personal_injury_protection,property_damage_liability,collision,comprehensive,region) values(12646,'2018-04-03T18:30:00.000Z',420,'CNG','A',1895,false,true,false,true,true,'North');
insert into customer_policy(id,date_of_purchase,customer_id,fuel,vehicle_segment,premium,bodily_injury_liability,personal_injury_protection,property_damage_liability,collision,comprehensive,region) values(12647,'2018-04-23T18:30:00.000Z',420,'CNG','A',1601,false,true,false,false,false,'North');
insert into customer_policy(id,date_of_purchase,customer_id,fuel,vehicle_segment,premium,bodily_injury_liability,personal_injury_protection,property_damage_liability,collision,comprehensive,region) values(12648,'2018-04-23T18:30:00.000Z',420,'CNG','A',1110,true,false,true,false,true,'North');
insert into customer_policy(id,date_of_purchase,customer_id,fuel,vehicle_segment,premium,bodily_injury_liability,personal_injury_protection,property_damage_liability,collision,comprehensive,region) values(12649,'2018-04-05T18:30:00.000Z',420,'CNG','A',2049,true,false,true,false,true,'North');
insert into customer_policy(id,date_of_purchase,customer_id,fuel,vehicle_segment,premium,bodily_injury_liability,personal_injury_protection,property_damage_liability,collision,comprehensive,region) values(12650,'2018-04-16T18:30:00.000Z',420,'CNG','A',598,true,false,false,true,false,'North');
insert into customer_policy(id,date_of_purchase,customer_id,fuel,vehicle_segment,premium,bodily_injury_liability,personal_injury_protection,property_damage_liability,collision,comprehensive,region) values(12651,'2018-04-27T18:30:00.000Z',420,'CNG','A',1023,false,true,false,false,true,'North');
insert into customer_policy(id,date_of_purchase,customer_id,fuel,vehicle_segment,premium,bodily_injury_liability,personal_injury_protection,property_damage_liability,collision,comprehensive,region) values(12652,'2018-04-11T18:30:00.000Z',420,'CNG','A',1638,true,true,false,true,true,'North');
insert into customer_policy(id,date_of_purchase,customer_id,fuel,vehicle_segment,premium,bodily_injury_liability,personal_injury_protection,property_damage_liability,collision,comprehensive,region) values(12653,'2018-04-10T18:30:00.000Z',420,'CNG','A',2076,true,true,false,false,true,'North');
insert into customer_policy(id,date_of_purchase,customer_id,fuel,vehicle_segment,premium,bodily_injury_liability,personal_injury_protection,property_damage_liability,collision,comprehensive,region) values(12654,'2018-04-24T18:30:00.000Z',420,'CNG','A',738,false,true,true,true,false,'North');
insert into customer_policy(id,date_of_purchase,customer_id,fuel,vehicle_segment,premium,bodily_injury_liability,personal_injury_protection,property_damage_liability,collision,comprehensive,region) values(12655,'2018-04-12T18:30:00.000Z',420,'CNG','A',1869,false,false,true,false,false,'North');
insert into customer_policy(id,date_of_purchase,customer_id,fuel,vehicle_segment,premium,bodily_injury_liability,personal_injury_protection,property_damage_liability,collision,comprehensive,region) values(12656,'2018-04-21T18:30:00.000Z',420,'CNG','A',2455,true,false,false,true,true,'North');
insert into customer_policy(id,date_of_purchase,customer_id,fuel,vehicle_segment,premium,bodily_injury_liability,personal_injury_protection,property_damage_liability,collision,comprehensive,region) values(12657,'2018-04-05T18:30:00.000Z',420,'CNG','A',1506,false,false,true,true,false,'North');
insert into customer_policy(id,date_of_purchase,customer_id,fuel,vehicle_segment,premium,bodily_injury_liability,personal_injury_protection,property_damage_liability,collision,comprehensive,region) values(12658,'2018-04-18T18:30:00.000Z',420,'CNG','A',1615,true,false,false,true,false,'North');
insert into customer_policy(id,date_of_purchase,customer_id,fuel,vehicle_segment,premium,bodily_injury_liability,personal_injury_protection,property_damage_liability,collision,comprehensive,region) values(12659,'2018-04-22T18:30:00.000Z',420,'CNG','A',2399,true,false,false,true,false,'North');
insert into customer_policy(id,date_of_purchase,customer_id,fuel,vehicle_segment,premium,bodily_injury_liability,personal_injury_protection,property_damage_liability,collision,comprehensive,region) values(12660,'2018-04-15T18:30:00.000Z',420,'CNG','A',761,false,true,false,false,false,'North');
insert into customer_policy(id,date_of_purchase,customer_id,fuel,vehicle_segment,premium,bodily_injury_liability,personal_injury_protection,property_damage_liability,collision,comprehensive,region) values(12661,'2018-04-18T18:30:00.000Z',420,'CNG','A',1553,true,false,false,true,true,'North');
insert into customer_policy(id,date_of_purchase,customer_id,fuel,vehicle_segment,premium,bodily_injury_liability,personal_injury_protection,property_damage_liability,collision,comprehensive,region) values(12662,'2018-04-18T18:30:00.000Z',420,'CNG','A',1873,false,true,true,false,false,'North');
insert into customer_policy(id,date_of_purchase,customer_id,fuel,vehicle_segment,premium,bodily_injury_liability,personal_injury_protection,property_damage_liability,collision,comprehensive,region) values(12663,'2018-04-23T18:30:00.000Z',420,'CNG','A',2190,false,true,true,true,true,'North');
insert into customer_policy(id,date_of_purchase,customer_id,fuel,vehicle_segment,premium,bodily_injury_liability,personal_injury_protection,property_damage_liability,collision,comprehensive,region) values(12664,'2018-04-21T18:30:00.000Z',420,'CNG','A',1150,true,false,false,false,false,'North');
insert into customer_policy(id,date_of_purchase,customer_id,fuel,vehicle_segment,premium,bodily_injury_liability,personal_injury_protection,property_damage_liability,collision,comprehensive,region) values(12665,'2018-04-05T18:30:00.000Z',420,'CNG','A',2495,true,true,true,true,true,'North');
insert into customer_policy(id,date_of_purchase,customer_id,fuel,vehicle_segment,premium,bodily_injury_liability,personal_injury_protection,property_damage_liability,collision,comprehensive,region) values(12666,'2018-04-09T18:30:00.000Z',420,'CNG','A',1211,true,false,true,true,false,'North');
insert into customer_policy(id,date_of_purchase,customer_id,fuel,vehicle_segment,premium,bodily_injury_liability,personal_injury_protection,property_damage_liability,collision,comprehensive,region) values(12667,'2018-04-21T18:30:00.000Z',420,'CNG','A',1944,false,false,false,false,false,'North');
insert into customer_policy(id,date_of_purchase,customer_id,fuel,vehicle_segment,premium,bodily_injury_liability,personal_injury_protection,property_damage_liability,collision,comprehensive,region) values(12668,'2018-04-05T18:30:00.000Z',420,'CNG','A',795,false,true,true,false,true,'North');
insert into customer_policy(id,date_of_purchase,customer_id,fuel,vehicle_segment,premium,bodily_injury_liability,personal_injury_protection,property_damage_liability,collision,comprehensive,region) values(12669,'2018-04-22T18:30:00.000Z',420,'CNG','A',1726,false,true,true,true,true,'North');
insert into customer_policy(id,date_of_purchase,customer_id,fuel,vehicle_segment,premium,bodily_injury_liability,personal_injury_protection,property_damage_liability,collision,comprehensive,region) values(12670,'2018-04-25T18:30:00.000Z',420,'CNG','A',1412,true,false,false,true,true,'North');
insert into customer_policy(id,date_of_purchase,customer_id,fuel,vehicle_segment,premium,bodily_injury_liability,personal_injury_protection,property_damage_liability,collision,comprehensive,region) values(12671,'2018-04-18T18:30:00.000Z',420,'CNG','A',681,true,false,true,true,false,'North');
insert into customer_policy(id,date_of_purchase,customer_id,fuel,vehicle_segment,premium,bodily_injury_liability,personal_injury_protection,property_damage_liability,collision,comprehensive,region) values(12672,'2018-04-07T18:30:00.000Z',420,'CNG','A',1428,true,true,false,false,false,'North');
insert into customer_policy(id,date_of_purchase,customer_id,fuel,vehicle_segment,premium,bodily_injury_liability,personal_injury_protection,property_damage_liability,collision,comprehensive,region) values(12673,'2018-04-07T18:30:00.000Z',420,'CNG','A',1891,true,false,false,true,true,'North');
insert into customer_policy(id,date_of_purchase,customer_id,fuel,vehicle_segment,premium,bodily_injury_liability,personal_injury_protection,property_damage_liability,collision,comprehensive,region) values(12674,'2018-04-10T18:30:00.000Z',420,'CNG','A',621,true,true,false,false,true,'North');
insert into customer_policy(id,date_of_purchase,customer_id,fuel,vehicle_segment,premium,bodily_injury_liability,personal_injury_protection,property_damage_liability,collision,comprehensive,region) values(12675,'2018-04-11T18:30:00.000Z',420,'CNG','A',1475,false,false,false,true,false,'North');
insert into customer_policy(id,date_of_purchase,customer_id,fuel,vehicle_segment,premium,bodily_injury_liability,personal_injury_protection,property_damage_liability,collision,comprehensive,region) values(12676,'2018-04-28T18:30:00.000Z',420,'CNG','A',2205,false,true,false,true,true,'North');
insert into customer_policy(id,date_of_purchase,customer_id,fuel,vehicle_segment,premium,bodily_injury_liability,personal_injury_protection,property_damage_liability,collision,comprehensive,region) values(12677,'2018-04-24T18:30:00.000Z',420,'CNG','A',555,true,false,false,true,false,'North');
insert into customer_policy(id,date_of_purchase,customer_id,fuel,vehicle_segment,premium,bodily_injury_liability,personal_injury_protection,property_damage_liability,collision,comprehensive,region) values(12678,'2018-04-17T18:30:00.000Z',420,'CNG','A',2437,false,true,false,true,true,'North');
insert into customer_policy(id,date_of_purchase,customer_id,fuel,vehicle_segment,premium,bodily_injury_liability,personal_injury_protection,property_damage_liability,collision,comprehensive,region) values(12679,'2018-04-25T18:30:00.000Z',420,'CNG','A',1837,false,false,true,true,true,'North');
insert into customer_policy(id,date_of_purchase,customer_id,fuel,vehicle_segment,premium,bodily_injury_liability,personal_injury_protection,property_damage_liability,collision,comprehensive,region) values(12680,'2018-04-04T18:30:00.000Z',420,'CNG','A',1798,true,false,true,false,true,'North');
insert into customer_policy(id,date_of_purchase,customer_id,fuel,vehicle_segment,premium,bodily_injury_liability,personal_injury_protection,property_damage_liability,collision,comprehensive,region) values(12681,'2018-04-27T18:30:00.000Z',420,'CNG','A',1759,false,false,false,true,false,'North');
insert into customer_policy(id,date_of_purchase,customer_id,fuel,vehicle_segment,premium,bodily_injury_liability,personal_injury_protection,property_damage_liability,collision,comprehensive,region) values(12682,'2018-04-06T18:30:00.000Z',420,'CNG','A',2125,false,false,true,false,false,'North');
insert into customer_policy(id,date_of_purchase,customer_id,fuel,vehicle_segment,premium,bodily_injury_liability,personal_injury_protection,property_damage_liability,collision,comprehensive,region) values(12683,'2018-03-31T18:30:00.000Z',420,'CNG','A',1429,false,true,false,true,true,'North');
insert into customer_policy(id,date_of_purchase,customer_id,fuel,vehicle_segment,premium,bodily_injury_liability,personal_injury_protection,property_damage_liability,collision,comprehensive,region) values(12684,'2018-04-26T18:30:00.000Z',420,'CNG','A',548,true,false,true,true,true,'North');
insert into customer_policy(id,date_of_purchase,customer_id,fuel,vehicle_segment,premium,bodily_injury_liability,personal_injury_protection,property_damage_liability,collision,comprehensive,region) values(12685,'2018-04-06T18:30:00.000Z',420,'CNG','A',2081,true,true,true,false,false,'North');
insert into customer_policy(id,date_of_purchase,customer_id,fuel,vehicle_segment,premium,bodily_injury_liability,personal_injury_protection,property_damage_liability,collision,comprehensive,region) values(12686,'2018-04-16T18:30:00.000Z',420,'CNG','A',940,true,false,false,false,true,'North');
insert into customer_policy(id,date_of_purchase,customer_id,fuel,vehicle_segment,premium,bodily_injury_liability,personal_injury_protection,property_damage_liability,collision,comprehensive,region) values(12687,'2018-04-19T18:30:00.000Z',420,'CNG','A',1835,true,true,true,false,true,'North');
insert into customer_policy(id,date_of_purchase,customer_id,fuel,vehicle_segment,premium,bodily_injury_liability,personal_injury_protection,property_damage_liability,collision,comprehensive,region) values(12688,'2018-04-13T18:30:00.000Z',420,'CNG','A',744,true,false,false,false,true,'North');
insert into customer_policy(id,date_of_purchase,customer_id,fuel,vehicle_segment,premium,bodily_injury_liability,personal_injury_protection,property_damage_liability,collision,comprehensive,region) values(12689,'2018-04-14T18:30:00.000Z',420,'CNG','A',1193,false,false,true,false,true,'North');
insert into customer_policy(id,date_of_purchase,customer_id,fuel,vehicle_segment,premium,bodily_injury_liability,personal_injury_protection,property_damage_liability,collision,comprehensive,region) values(12690,'2018-04-04T18:30:00.000Z',420,'CNG','A',1328,false,false,false,false,true,'North');
insert into customer_policy(id,date_of_purchase,customer_id,fuel,vehicle_segment,premium,bodily_injury_liability,personal_injury_protection,property_damage_liability,collision,comprehensive,region) values(12691,'2018-04-09T18:30:00.000Z',420,'CNG','A',1752,true,true,true,true,true,'North');
insert into customer_policy(id,date_of_purchase,customer_id,fuel,vehicle_segment,premium,bodily_injury_liability,personal_injury_protection,property_damage_liability,collision,comprehensive,region) values(12692,'2018-04-22T18:30:00.000Z',420,'CNG','A',614,true,false,false,true,true,'North');
insert into customer_policy(id,date_of_purchase,customer_id,fuel,vehicle_segment,premium,bodily_injury_liability,personal_injury_protection,property_damage_liability,collision,comprehensive,region) values(12693,'2018-04-27T18:30:00.000Z',420,'CNG','A',644,false,false,true,false,true,'North');
insert into customer_policy(id,date_of_purchase,customer_id,fuel,vehicle_segment,premium,bodily_injury_liability,personal_injury_protection,property_damage_liability,collision,comprehensive,region) values(12694,'2018-04-02T18:30:00.000Z',420,'CNG','A',2362,false,true,true,false,false,'North');
insert into customer_policy(id,date_of_purchase,customer_id,fuel,vehicle_segment,premium,bodily_injury_liability,personal_injury_protection,property_damage_liability,collision,comprehensive,region) values(12695,'2018-04-20T18:30:00.000Z',420,'CNG','A',1450,true,false,false,false,false,'North');
insert into customer_policy(id,date_of_purchase,customer_id,fuel,vehicle_segment,premium,bodily_injury_liability,personal_injury_protection,property_damage_liability,collision,comprehensive,region) values(12696,'2018-04-01T18:30:00.000Z',420,'CNG','A',2032,false,true,true,false,false,'North');
insert into customer_policy(id,date_of_purchase,customer_id,fuel,vehicle_segment,premium,bodily_injury_liability,personal_injury_protection,property_damage_liability,collision,comprehensive,region) values(12697,'2018-04-11T18:30:00.000Z',420,'CNG','A',516,false,false,false,false,false,'North');
insert into customer_policy(id,date_of_purchase,customer_id,fuel,vehicle_segment,premium,bodily_injury_liability,personal_injury_protection,property_damage_liability,collision,comprehensive,region) values(12698,'2018-04-29T18:30:00.000Z',420,'CNG','A',513,false,true,true,false,false,'North');
insert into customer_policy(id,date_of_purchase,customer_id,fuel,vehicle_segment,premium,bodily_injury_liability,personal_injury_protection,property_damage_liability,collision,comprehensive,region) values(12699,'2018-04-24T18:30:00.000Z',420,'CNG','A',677,true,true,true,true,true,'North');
insert into customer(id,gender,income_group_id,marital_status) values(755,'MALE',2,false);
insert into customer_policy(id,date_of_purchase,customer_id,fuel,vehicle_segment,premium,bodily_injury_liability,personal_injury_protection,property_damage_liability,collision,comprehensive,region) values(12700,'2018-04-22T18:30:00.000Z',755,'CNG','A',2050,true,false,false,true,true,'North');
insert into customer(id,gender,income_group_id,marital_status) values(756,'MALE',2,true);
insert into customer_policy(id,date_of_purchase,customer_id,fuel,vehicle_segment,premium,bodily_injury_liability,personal_injury_protection,property_damage_liability,collision,comprehensive,region) values(12701,'2018-04-09T18:30:00.000Z',756,'CNG','A',785,false,true,false,true,false,'North');
insert into customer(id,gender,income_group_id,marital_status) values(757,'MALE',2,false);
insert into customer_policy(id,date_of_purchase,customer_id,fuel,vehicle_segment,premium,bodily_injury_liability,personal_injury_protection,property_damage_liability,collision,comprehensive,region) values(12702,'2018-04-11T18:30:00.000Z',757,'CNG','A',1770,true,true,false,false,true,'North');
insert into customer(id,gender,income_group_id,marital_status) values(758,'MALE',2,false);
insert into customer_policy(id,date_of_purchase,customer_id,fuel,vehicle_segment,premium,bodily_injury_liability,personal_injury_protection,property_damage_liability,collision,comprehensive,region) values(12703,'2018-04-02T18:30:00.000Z',758,'CNG','A',2437,false,false,true,false,true,'North');
insert into customer(id,gender,income_group_id,marital_status) values(759,'MALE',2,false);
insert into customer_policy(id,date_of_purchase,customer_id,fuel,vehicle_segment,premium,bodily_injury_liability,personal_injury_protection,property_damage_liability,collision,comprehensive,region) values(12704,'2018-04-13T18:30:00.000Z',759,'CNG','A',595,false,false,true,true,false,'North');
insert into customer(id,gender,income_group_id,marital_status) values(760,'MALE',2,true);
insert into customer_policy(id,date_of_purchase,customer_id,fuel,vehicle_segment,premium,bodily_injury_liability,personal_injury_protection,property_damage_liability,collision,comprehensive,region) values(12705,'2018-04-16T18:30:00.000Z',760,'CNG','A',1868,true,true,false,true,false,'North');
insert into customer(id,gender,income_group_id,marital_status) values(761,'MALE',2,false);
insert into customer_policy(id,date_of_purchase,customer_id,fuel,vehicle_segment,premium,bodily_injury_liability,personal_injury_protection,property_damage_liability,collision,comprehensive,region) values(12706,'2018-03-31T18:30:00.000Z',761,'CNG','A',1300,false,true,false,false,true,'North');
insert into customer(id,gender,income_group_id,marital_status) values(762,'MALE',2,false);
insert into customer_policy(id,date_of_purchase,customer_id,fuel,vehicle_segment,premium,bodily_injury_liability,personal_injury_protection,property_damage_liability,collision,comprehensive,region) values(12707,'2018-04-25T18:30:00.000Z',762,'CNG','A',1830,false,false,true,true,false,'North');
insert into customer(id,gender,income_group_id,marital_status) values(763,'MALE',2,true);
insert into customer_policy(id,date_of_purchase,customer_id,fuel,vehicle_segment,premium,bodily_injury_liability,personal_injury_protection,property_damage_liability,collision,comprehensive,region) values(12708,'2018-04-03T18:30:00.000Z',763,'CNG','A',1893,false,true,true,true,false,'South');
insert into customer(id,gender,income_group_id,marital_status) values(764,'MALE',2,false);
insert into customer_policy(id,date_of_purchase,customer_id,fuel,vehicle_segment,premium,bodily_injury_liability,personal_injury_protection,property_damage_liability,collision,comprehensive,region) values(12709,'2018-04-28T18:30:00.000Z',764,'CNG','A',1256,false,true,true,false,false,'South');
insert into customer(id,gender,income_group_id,marital_status) values(765,'MALE',2,false);
insert into customer_policy(id,date_of_purchase,customer_id,fuel,vehicle_segment,premium,bodily_injury_liability,personal_injury_protection,property_damage_liability,collision,comprehensive,region) values(12710,'2018-04-28T18:30:00.000Z',765,'CNG','A',839,true,false,false,true,false,'South');
insert into customer(id,gender,income_group_id,marital_status) values(766,'MALE',2,false);
insert into customer_policy(id,date_of_purchase,customer_id,fuel,vehicle_segment,premium,bodily_injury_liability,personal_injury_protection,property_damage_liability,collision,comprehensive,region) values(12711,'2018-04-15T18:30:00.000Z',766,'CNG','A',1954,false,false,false,true,false,'South');
insert into customer(id,gender,income_group_id,marital_status) values(767,'MALE',2,true);
insert into customer_policy(id,date_of_purchase,customer_id,fuel,vehicle_segment,premium,bodily_injury_liability,personal_injury_protection,property_damage_liability,collision,comprehensive,region) values(12712,'2018-04-11T18:30:00.000Z',767,'CNG','A',2001,true,true,false,false,false,'South');
insert into customer(id,gender,income_group_id,marital_status) values(768,'MALE',2,true);
insert into customer_policy(id,date_of_purchase,customer_id,fuel,vehicle_segment,premium,bodily_injury_liability,personal_injury_protection,property_damage_liability,collision,comprehensive,region) values(12713,'2018-04-03T18:30:00.000Z',768,'CNG','A',1375,true,true,true,true,true,'South');
insert into customer(id,gender,income_group_id,marital_status) values(769,'MALE',2,true);
insert into customer_policy(id,date_of_purchase,customer_id,fuel,vehicle_segment,premium,bodily_injury_liability,personal_injury_protection,property_damage_liability,collision,comprehensive,region) values(12714,'2018-04-24T18:30:00.000Z',769,'CNG','A',1134,false,false,false,false,true,'South');
insert into customer(id,gender,income_group_id,marital_status) values(770,'MALE',2,false);
insert into customer_policy(id,date_of_purchase,customer_id,fuel,vehicle_segment,premium,bodily_injury_liability,personal_injury_protection,property_damage_liability,collision,comprehensive,region) values(12715,'2018-04-24T18:30:00.000Z',770,'CNG','A',2239,false,false,false,false,false,'South');
insert into customer(id,gender,income_group_id,marital_status) values(771,'MALE',2,false);
insert into customer_policy(id,date_of_purchase,customer_id,fuel,vehicle_segment,premium,bodily_injury_liability,personal_injury_protection,property_damage_liability,collision,comprehensive,region) values(12716,'2018-04-14T18:30:00.000Z',771,'CNG','A',2445,true,false,false,true,false,'South');
insert into customer(id,gender,income_group_id,marital_status) values(772,'MALE',2,true);
insert into customer_policy(id,date_of_purchase,customer_id,fuel,vehicle_segment,premium,bodily_injury_liability,personal_injury_protection,property_damage_liability,collision,comprehensive,region) values(12717,'2018-04-12T18:30:00.000Z',772,'CNG','A',1095,false,false,false,false,true,'South');
insert into customer(id,gender,income_group_id,marital_status) values(773,'MALE',2,false);
insert into customer_policy(id,date_of_purchase,customer_id,fuel,vehicle_segment,premium,bodily_injury_liability,personal_injury_protection,property_damage_liability,collision,comprehensive,region) values(12718,'2018-04-29T18:30:00.000Z',773,'CNG','A',2326,true,false,true,false,false,'South');
insert into customer(id,gender,income_group_id,marital_status) values(774,'MALE',2,true);
insert into customer_policy(id,date_of_purchase,customer_id,fuel,vehicle_segment,premium,bodily_injury_liability,personal_injury_protection,property_damage_liability,collision,comprehensive,region) values(12719,'2018-04-05T18:30:00.000Z',774,'CNG','A',1169,false,false,false,true,false,'South');
insert into customer(id,gender,income_group_id,marital_status) values(775,'MALE',2,true);
insert into customer_policy(id,date_of_purchase,customer_id,fuel,vehicle_segment,premium,bodily_injury_liability,personal_injury_protection,property_damage_liability,collision,comprehensive,region) values(12720,'2018-04-21T18:30:00.000Z',775,'CNG','A',1186,true,false,false,false,true,'South');
insert into customer(id,gender,income_group_id,marital_status) values(776,'MALE',2,false);
insert into customer_policy(id,date_of_purchase,customer_id,fuel,vehicle_segment,premium,bodily_injury_liability,personal_injury_protection,property_damage_liability,collision,comprehensive,region) values(12721,'2018-04-10T18:30:00.000Z',776,'CNG','A',1362,false,true,false,false,false,'South');
insert into customer(id,gender,income_group_id,marital_status) values(777,'MALE',2,false);
insert into customer_policy(id,date_of_purchase,customer_id,fuel,vehicle_segment,premium,bodily_injury_liability,personal_injury_protection,property_damage_liability,collision,comprehensive,region) values(12722,'2018-04-27T18:30:00.000Z',777,'CNG','A',1091,false,true,false,true,false,'South');
insert into customer(id,gender,income_group_id,marital_status) values(778,'MALE',2,false);
insert into customer_policy(id,date_of_purchase,customer_id,fuel,vehicle_segment,premium,bodily_injury_liability,personal_injury_protection,property_damage_liability,collision,comprehensive,region) values(12723,'2018-04-16T18:30:00.000Z',778,'CNG','A',1133,false,false,false,true,false,'South');
insert into customer(id,gender,income_group_id,marital_status) values(779,'MALE',2,true);
insert into customer_policy(id,date_of_purchase,customer_id,fuel,vehicle_segment,premium,bodily_injury_liability,personal_injury_protection,property_damage_liability,collision,comprehensive,region) values(12724,'2018-04-21T18:30:00.000Z',779,'CNG','A',1657,true,true,false,true,false,'South');
insert into customer(id,gender,income_group_id,marital_status) values(780,'MALE',2,false);
insert into customer_policy(id,date_of_purchase,customer_id,fuel,vehicle_segment,premium,bodily_injury_liability,personal_injury_protection,property_damage_liability,collision,comprehensive,region) values(12725,'2018-04-16T18:30:00.000Z',780,'CNG','A',1265,false,false,false,false,false,'South');
insert into customer(id,gender,income_group_id,marital_status) values(781,'MALE',2,true);
insert into customer_policy(id,date_of_purchase,customer_id,fuel,vehicle_segment,premium,bodily_injury_liability,personal_injury_protection,property_damage_liability,collision,comprehensive,region) values(12726,'2018-04-13T18:30:00.000Z',781,'CNG','A',2162,true,false,false,false,false,'South');
insert into customer(id,gender,income_group_id,marital_status) values(782,'MALE',2,false);
insert into customer_policy(id,date_of_purchase,customer_id,fuel,vehicle_segment,premium,bodily_injury_liability,personal_injury_protection,property_damage_liability,collision,comprehensive,region) values(12727,'2018-04-27T18:30:00.000Z',782,'CNG','A',1675,false,true,true,true,false,'South');
insert into customer(id,gender,income_group_id,marital_status) values(783,'MALE',2,false);
insert into customer_policy(id,date_of_purchase,customer_id,fuel,vehicle_segment,premium,bodily_injury_liability,personal_injury_protection,property_damage_liability,collision,comprehensive,region) values(12728,'2018-04-07T18:30:00.000Z',783,'CNG','A',1066,true,true,true,false,true,'South');
insert into customer(id,gender,income_group_id,marital_status) values(784,'MALE',2,false);
insert into customer_policy(id,date_of_purchase,customer_id,fuel,vehicle_segment,premium,bodily_injury_liability,personal_injury_protection,property_damage_liability,collision,comprehensive,region) values(12729,'2018-04-05T18:30:00.000Z',784,'CNG','A',1008,true,false,false,true,true,'South');
insert into customer(id,gender,income_group_id,marital_status) values(785,'MALE',2,true);
insert into customer_policy(id,date_of_purchase,customer_id,fuel,vehicle_segment,premium,bodily_injury_liability,personal_injury_protection,property_damage_liability,collision,comprehensive,region) values(12730,'2018-04-13T18:30:00.000Z',785,'CNG','A',508,false,false,true,true,false,'South');
insert into customer(id,gender,income_group_id,marital_status) values(786,'MALE',2,true);
insert into customer_policy(id,date_of_purchase,customer_id,fuel,vehicle_segment,premium,bodily_injury_liability,personal_injury_protection,property_damage_liability,collision,comprehensive,region) values(12731,'2018-04-24T18:30:00.000Z',786,'CNG','A',708,true,false,false,true,false,'South');
insert into customer(id,gender,income_group_id,marital_status) values(787,'MALE',2,false);
insert into customer_policy(id,date_of_purchase,customer_id,fuel,vehicle_segment,premium,bodily_injury_liability,personal_injury_protection,property_damage_liability,collision,comprehensive,region) values(12732,'2018-04-09T18:30:00.000Z',787,'CNG','A',2129,true,true,true,true,true,'South');
insert into customer(id,gender,income_group_id,marital_status) values(788,'MALE',2,false);
insert into customer_policy(id,date_of_purchase,customer_id,fuel,vehicle_segment,premium,bodily_injury_liability,personal_injury_protection,property_damage_liability,collision,comprehensive,region) values(12733,'2018-04-11T18:30:00.000Z',788,'CNG','A',1633,false,true,false,true,true,'South');
insert into customer(id,gender,income_group_id,marital_status) values(789,'MALE',2,false);
insert into customer_policy(id,date_of_purchase,customer_id,fuel,vehicle_segment,premium,bodily_injury_liability,personal_injury_protection,property_damage_liability,collision,comprehensive,region) values(12734,'2018-04-06T18:30:00.000Z',789,'CNG','A',954,true,true,true,false,false,'South');
insert into customer(id,gender,income_group_id,marital_status) values(790,'MALE',2,false);
insert into customer_policy(id,date_of_purchase,customer_id,fuel,vehicle_segment,premium,bodily_injury_liability,personal_injury_protection,property_damage_liability,collision,comprehensive,region) values(12735,'2018-04-05T18:30:00.000Z',790,'CNG','A',1413,true,true,true,true,false,'South');
insert into customer(id,gender,income_group_id,marital_status) values(791,'MALE',2,true);
insert into customer_policy(id,date_of_purchase,customer_id,fuel,vehicle_segment,premium,bodily_injury_liability,personal_injury_protection,property_damage_liability,collision,comprehensive,region) values(12736,'2018-04-17T18:30:00.000Z',791,'CNG','A',1674,false,false,true,false,true,'South');
insert into customer(id,gender,income_group_id,marital_status) values(792,'MALE',2,true);
insert into customer_policy(id,date_of_purchase,customer_id,fuel,vehicle_segment,premium,bodily_injury_liability,personal_injury_protection,property_damage_liability,collision,comprehensive,region) values(12737,'2018-04-02T18:30:00.000Z',792,'CNG','A',2246,true,true,false,false,true,'South');
insert into customer(id,gender,income_group_id,marital_status) values(793,'MALE',2,true);
insert into customer_policy(id,date_of_purchase,customer_id,fuel,vehicle_segment,premium,bodily_injury_liability,personal_injury_protection,property_damage_liability,collision,comprehensive,region) values(12738,'2018-04-22T18:30:00.000Z',793,'CNG','A',1700,false,true,false,true,true,'South');
insert into customer(id,gender,income_group_id,marital_status) values(794,'MALE',2,true);
insert into customer_policy(id,date_of_purchase,customer_id,fuel,vehicle_segment,premium,bodily_injury_liability,personal_injury_protection,property_damage_liability,collision,comprehensive,region) values(12739,'2018-04-06T18:30:00.000Z',794,'CNG','A',782,true,true,true,true,true,'South');
insert into customer(id,gender,income_group_id,marital_status) values(795,'MALE',2,true);
insert into customer_policy(id,date_of_purchase,customer_id,fuel,vehicle_segment,premium,bodily_injury_liability,personal_injury_protection,property_damage_liability,collision,comprehensive,region) values(12740,'2018-04-04T18:30:00.000Z',795,'CNG','A',2069,false,false,true,false,true,'South');
insert into customer(id,gender,income_group_id,marital_status) values(796,'MALE',2,true);
insert into customer_policy(id,date_of_purchase,customer_id,fuel,vehicle_segment,premium,bodily_injury_liability,personal_injury_protection,property_damage_liability,collision,comprehensive,region) values(12741,'2018-04-01T18:30:00.000Z',796,'CNG','A',1932,true,true,true,false,false,'South');
insert into customer(id,gender,income_group_id,marital_status) values(797,'MALE',2,true);
insert into customer_policy(id,date_of_purchase,customer_id,fuel,vehicle_segment,premium,bodily_injury_liability,personal_injury_protection,property_damage_liability,collision,comprehensive,region) values(12742,'2018-04-22T18:30:00.000Z',797,'CNG','A',1389,true,true,false,true,false,'South');
insert into customer(id,gender,income_group_id,marital_status) values(798,'MALE',2,false);
insert into customer_policy(id,date_of_purchase,customer_id,fuel,vehicle_segment,premium,bodily_injury_liability,personal_injury_protection,property_damage_liability,collision,comprehensive,region) values(12743,'2018-04-04T18:30:00.000Z',798,'CNG','A',1378,false,false,false,true,true,'South');
insert into customer(id,gender,income_group_id,marital_status) values(799,'MALE',2,true);
insert into customer_policy(id,date_of_purchase,customer_id,fuel,vehicle_segment,premium,bodily_injury_liability,personal_injury_protection,property_damage_liability,collision,comprehensive,region) values(12744,'2018-04-23T18:30:00.000Z',799,'CNG','A',1142,true,true,true,false,false,'South');
insert into customer(id,gender,income_group_id,marital_status) values(800,'MALE',2,false);
insert into customer_policy(id,date_of_purchase,customer_id,fuel,vehicle_segment,premium,bodily_injury_liability,personal_injury_protection,property_damage_liability,collision,comprehensive,region) values(12745,'2018-04-10T18:30:00.000Z',800,'CNG','A',1305,true,true,false,true,false,'South');
insert into customer(id,gender,income_group_id,marital_status) values(801,'MALE',2,true);
insert into customer_policy(id,date_of_purchase,customer_id,fuel,vehicle_segment,premium,bodily_injury_liability,personal_injury_protection,property_damage_liability,collision,comprehensive,region) values(12746,'2018-04-26T18:30:00.000Z',801,'CNG','A',790,true,false,true,true,true,'South');
insert into customer(id,gender,income_group_id,marital_status) values(802,'MALE',2,true);
insert into customer_policy(id,date_of_purchase,customer_id,fuel,vehicle_segment,premium,bodily_injury_liability,personal_injury_protection,property_damage_liability,collision,comprehensive,region) values(12747,'2018-04-29T18:30:00.000Z',802,'CNG','A',811,false,true,true,false,false,'South');
insert into customer(id,gender,income_group_id,marital_status) values(803,'MALE',2,false);
insert into customer_policy(id,date_of_purchase,customer_id,fuel,vehicle_segment,premium,bodily_injury_liability,personal_injury_protection,property_damage_liability,collision,comprehensive,region) values(12748,'2018-04-25T18:30:00.000Z',803,'CNG','A',1860,false,true,false,true,true,'South');
insert into customer(id,gender,income_group_id,marital_status) values(804,'MALE',2,false);
insert into customer_policy(id,date_of_purchase,customer_id,fuel,vehicle_segment,premium,bodily_injury_liability,personal_injury_protection,property_damage_liability,collision,comprehensive,region) values(12749,'2018-04-05T18:30:00.000Z',804,'CNG','A',1858,false,true,false,false,false,'South');
insert into customer(id,gender,income_group_id,marital_status) values(805,'MALE',2,true);
insert into customer_policy(id,date_of_purchase,customer_id,fuel,vehicle_segment,premium,bodily_injury_liability,personal_injury_protection,property_damage_liability,collision,comprehensive,region) values(12750,'2018-04-15T18:30:00.000Z',805,'CNG','A',1981,true,false,true,true,true,'South');
insert into customer(id,gender,income_group_id,marital_status) values(806,'MALE',2,false);
insert into customer_policy(id,date_of_purchase,customer_id,fuel,vehicle_segment,premium,bodily_injury_liability,personal_injury_protection,property_damage_liability,collision,comprehensive,region) values(12751,'2018-04-10T18:30:00.000Z',806,'CNG','A',1654,false,true,false,false,false,'South');
insert into customer(id,gender,income_group_id,marital_status) values(807,'MALE',2,false);
insert into customer_policy(id,date_of_purchase,customer_id,fuel,vehicle_segment,premium,bodily_injury_liability,personal_injury_protection,property_damage_liability,collision,comprehensive,region) values(12752,'2018-04-18T18:30:00.000Z',807,'CNG','A',2449,false,true,true,false,true,'South');
insert into customer(id,gender,income_group_id,marital_status) values(808,'MALE',2,false);
insert into customer_policy(id,date_of_purchase,customer_id,fuel,vehicle_segment,premium,bodily_injury_liability,personal_injury_protection,property_damage_liability,collision,comprehensive,region) values(12753,'2018-04-12T18:30:00.000Z',808,'CNG','A',2087,true,true,false,false,false,'South');
insert into customer(id,gender,income_group_id,marital_status) values(809,'MALE',2,false);
insert into customer_policy(id,date_of_purchase,customer_id,fuel,vehicle_segment,premium,bodily_injury_liability,personal_injury_protection,property_damage_liability,collision,comprehensive,region) values(12754,'2018-04-28T18:30:00.000Z',809,'CNG','A',1815,false,true,false,true,true,'South');
insert into customer(id,gender,income_group_id,marital_status) values(810,'MALE',2,true);
insert into customer_policy(id,date_of_purchase,customer_id,fuel,vehicle_segment,premium,bodily_injury_liability,personal_injury_protection,property_damage_liability,collision,comprehensive,region) values(12755,'2018-04-25T18:30:00.000Z',810,'CNG','A',781,true,true,true,true,true,'South');
insert into customer(id,gender,income_group_id,marital_status) values(811,'MALE',2,false);
insert into customer_policy(id,date_of_purchase,customer_id,fuel,vehicle_segment,premium,bodily_injury_liability,personal_injury_protection,property_damage_liability,collision,comprehensive,region) values(12756,'2018-04-04T18:30:00.000Z',811,'CNG','A',2428,true,false,false,false,false,'South');
insert into customer(id,gender,income_group_id,marital_status) values(812,'MALE',2,true);
insert into customer_policy(id,date_of_purchase,customer_id,fuel,vehicle_segment,premium,bodily_injury_liability,personal_injury_protection,property_damage_liability,collision,comprehensive,region) values(12757,'2018-04-26T18:30:00.000Z',812,'CNG','A',587,false,true,true,true,false,'South');
insert into customer(id,gender,income_group_id,marital_status) values(813,'MALE',2,true);
insert into customer_policy(id,date_of_purchase,customer_id,fuel,vehicle_segment,premium,bodily_injury_liability,personal_injury_protection,property_damage_liability,collision,comprehensive,region) values(12758,'2018-04-01T18:30:00.000Z',813,'CNG','A',1897,true,false,true,true,false,'South');
insert into customer(id,gender,income_group_id,marital_status) values(814,'MALE',2,false);
insert into customer_policy(id,date_of_purchase,customer_id,fuel,vehicle_segment,premium,bodily_injury_liability,personal_injury_protection,property_damage_liability,collision,comprehensive,region) values(12759,'2018-04-28T18:30:00.000Z',814,'CNG','A',517,false,true,false,true,true,'South');
insert into customer(id,gender,income_group_id,marital_status) values(815,'MALE',2,false);
insert into customer_policy(id,date_of_purchase,customer_id,fuel,vehicle_segment,premium,bodily_injury_liability,personal_injury_protection,property_damage_liability,collision,comprehensive,region) values(12760,'2018-04-01T18:30:00.000Z',815,'CNG','A',1705,false,true,true,true,false,'South');
insert into customer(id,gender,income_group_id,marital_status) values(816,'MALE',2,true);
insert into customer_policy(id,date_of_purchase,customer_id,fuel,vehicle_segment,premium,bodily_injury_liability,personal_injury_protection,property_damage_liability,collision,comprehensive,region) values(12761,'2018-04-06T18:30:00.000Z',816,'CNG','A',912,true,false,true,true,false,'South');
insert into customer(id,gender,income_group_id,marital_status) values(817,'MALE',2,false);
insert into customer_policy(id,date_of_purchase,customer_id,fuel,vehicle_segment,premium,bodily_injury_liability,personal_injury_protection,property_damage_liability,collision,comprehensive,region) values(12762,'2018-04-01T18:30:00.000Z',817,'CNG','A',2204,true,true,true,false,false,'South');
insert into customer(id,gender,income_group_id,marital_status) values(818,'MALE',2,false);
insert into customer_policy(id,date_of_purchase,customer_id,fuel,vehicle_segment,premium,bodily_injury_liability,personal_injury_protection,property_damage_liability,collision,comprehensive,region) values(12763,'2018-04-01T18:30:00.000Z',818,'CNG','A',2207,false,true,true,false,false,'South');
insert into customer(id,gender,income_group_id,marital_status) values(819,'MALE',2,true);
insert into customer_policy(id,date_of_purchase,customer_id,fuel,vehicle_segment,premium,bodily_injury_liability,personal_injury_protection,property_damage_liability,collision,comprehensive,region) values(12764,'2018-04-22T18:30:00.000Z',819,'CNG','A',1943,false,false,true,true,false,'South');
insert into customer(id,gender,income_group_id,marital_status) values(820,'MALE',2,false);
insert into customer_policy(id,date_of_purchase,customer_id,fuel,vehicle_segment,premium,bodily_injury_liability,personal_injury_protection,property_damage_liability,collision,comprehensive,region) values(12765,'2018-04-28T18:30:00.000Z',820,'CNG','A',1625,false,true,true,true,false,'South');
insert into customer(id,gender,income_group_id,marital_status) values(821,'MALE',2,false);
insert into customer_policy(id,date_of_purchase,customer_id,fuel,vehicle_segment,premium,bodily_injury_liability,personal_injury_protection,property_damage_liability,collision,comprehensive,region) values(12766,'2018-04-29T18:30:00.000Z',821,'CNG','A',762,true,false,true,true,false,'South');
insert into customer(id,gender,income_group_id,marital_status) values(822,'MALE',2,true);
insert into customer_policy(id,date_of_purchase,customer_id,fuel,vehicle_segment,premium,bodily_injury_liability,personal_injury_protection,property_damage_liability,collision,comprehensive,region) values(12767,'2018-04-12T18:30:00.000Z',822,'CNG','A',1595,false,false,false,true,false,'South');
insert into customer(id,gender,income_group_id,marital_status) values(823,'MALE',2,true);
insert into customer_policy(id,date_of_purchase,customer_id,fuel,vehicle_segment,premium,bodily_injury_liability,personal_injury_protection,property_damage_liability,collision,comprehensive,region) values(12768,'2018-04-26T18:30:00.000Z',823,'CNG','A',625,false,false,false,false,false,'South');
insert into customer(id,gender,income_group_id,marital_status) values(824,'MALE',2,false);
insert into customer_policy(id,date_of_purchase,customer_id,fuel,vehicle_segment,premium,bodily_injury_liability,personal_injury_protection,property_damage_liability,collision,comprehensive,region) values(12769,'2018-04-08T18:30:00.000Z',824,'CNG','A',1484,false,false,false,false,false,'South');
insert into customer(id,gender,income_group_id,marital_status) values(825,'MALE',2,false);
insert into customer_policy(id,date_of_purchase,customer_id,fuel,vehicle_segment,premium,bodily_injury_liability,personal_injury_protection,property_damage_liability,collision,comprehensive,region) values(12770,'2018-04-29T18:30:00.000Z',825,'CNG','A',1604,true,true,true,false,true,'South');
insert into customer(id,gender,income_group_id,marital_status) values(826,'MALE',2,false);
insert into customer_policy(id,date_of_purchase,customer_id,fuel,vehicle_segment,premium,bodily_injury_liability,personal_injury_protection,property_damage_liability,collision,comprehensive,region) values(12771,'2018-04-07T18:30:00.000Z',826,'CNG','A',1046,false,false,true,true,true,'South');
insert into customer(id,gender,income_group_id,marital_status) values(827,'MALE',2,false);
insert into customer_policy(id,date_of_purchase,customer_id,fuel,vehicle_segment,premium,bodily_injury_liability,personal_injury_protection,property_damage_liability,collision,comprehensive,region) values(12772,'2018-04-05T18:30:00.000Z',827,'CNG','A',694,false,false,true,false,true,'South');
insert into customer(id,gender,income_group_id,marital_status) values(828,'MALE',2,false);
insert into customer_policy(id,date_of_purchase,customer_id,fuel,vehicle_segment,premium,bodily_injury_liability,personal_injury_protection,property_damage_liability,collision,comprehensive,region) values(12773,'2018-04-16T18:30:00.000Z',828,'CNG','A',1248,true,true,true,false,true,'South');
insert into customer(id,gender,income_group_id,marital_status) values(829,'MALE',2,false);
insert into customer_policy(id,date_of_purchase,customer_id,fuel,vehicle_segment,premium,bodily_injury_liability,personal_injury_protection,property_damage_liability,collision,comprehensive,region) values(12774,'2018-04-01T18:30:00.000Z',829,'CNG','A',2111,true,false,true,false,true,'South');
insert into customer(id,gender,income_group_id,marital_status) values(830,'MALE',2,true);
insert into customer_policy(id,date_of_purchase,customer_id,fuel,vehicle_segment,premium,bodily_injury_liability,personal_injury_protection,property_damage_liability,collision,comprehensive,region) values(12775,'2018-04-03T18:30:00.000Z',830,'CNG','A',1648,false,true,true,true,true,'South');
insert into customer(id,gender,income_group_id,marital_status) values(831,'MALE',2,true);
insert into customer_policy(id,date_of_purchase,customer_id,fuel,vehicle_segment,premium,bodily_injury_liability,personal_injury_protection,property_damage_liability,collision,comprehensive,region) values(12776,'2018-04-20T18:30:00.000Z',831,'CNG','A',630,false,false,false,false,false,'South');
insert into customer(id,gender,income_group_id,marital_status) values(832,'MALE',2,false);
insert into customer_policy(id,date_of_purchase,customer_id,fuel,vehicle_segment,premium,bodily_injury_liability,personal_injury_protection,property_damage_liability,collision,comprehensive,region) values(12777,'2018-04-18T18:30:00.000Z',832,'CNG','A',1829,false,false,false,false,false,'South');
insert into customer(id,gender,income_group_id,marital_status) values(833,'MALE',2,false);
insert into customer_policy(id,date_of_purchase,customer_id,fuel,vehicle_segment,premium,bodily_injury_liability,personal_injury_protection,property_damage_liability,collision,comprehensive,region) values(12778,'2018-04-20T18:30:00.000Z',833,'CNG','A',2113,false,false,false,false,false,'South');
insert into customer(id,gender,income_group_id,marital_status) values(834,'MALE',2,true);
insert into customer_policy(id,date_of_purchase,customer_id,fuel,vehicle_segment,premium,bodily_injury_liability,personal_injury_protection,property_damage_liability,collision,comprehensive,region) values(12779,'2018-04-17T18:30:00.000Z',834,'CNG','A',734,true,true,false,true,false,'South');
insert into customer(id,gender,income_group_id,marital_status) values(835,'MALE',2,false);
insert into customer_policy(id,date_of_purchase,customer_id,fuel,vehicle_segment,premium,bodily_injury_liability,personal_injury_protection,property_damage_liability,collision,comprehensive,region) values(12780,'2018-04-07T18:30:00.000Z',835,'CNG','A',2177,true,false,true,false,true,'South');
insert into customer(id,gender,income_group_id,marital_status) values(836,'MALE',2,false);
insert into customer_policy(id,date_of_purchase,customer_id,fuel,vehicle_segment,premium,bodily_injury_liability,personal_injury_protection,property_damage_liability,collision,comprehensive,region) values(12781,'2018-04-06T18:30:00.000Z',836,'CNG','A',1923,false,false,true,false,true,'South');
insert into customer(id,gender,income_group_id,marital_status) values(837,'MALE',2,false);
insert into customer_policy(id,date_of_purchase,customer_id,fuel,vehicle_segment,premium,bodily_injury_liability,personal_injury_protection,property_damage_liability,collision,comprehensive,region) values(12782,'2018-04-17T18:30:00.000Z',837,'CNG','A',1340,false,true,false,false,true,'South');
insert into customer(id,gender,income_group_id,marital_status) values(838,'MALE',2,false);
insert into customer_policy(id,date_of_purchase,customer_id,fuel,vehicle_segment,premium,bodily_injury_liability,personal_injury_protection,property_damage_liability,collision,comprehensive,region) values(12783,'2018-04-14T18:30:00.000Z',838,'CNG','A',1282,true,false,false,true,false,'South');
insert into customer(id,gender,income_group_id,marital_status) values(839,'MALE',2,true);
insert into customer_policy(id,date_of_purchase,customer_id,fuel,vehicle_segment,premium,bodily_injury_liability,personal_injury_protection,property_damage_liability,collision,comprehensive,region) values(12784,'2018-04-04T18:30:00.000Z',839,'CNG','A',2479,true,true,false,true,true,'South');
insert into customer(id,gender,income_group_id,marital_status) values(840,'MALE',2,false);
insert into customer_policy(id,date_of_purchase,customer_id,fuel,vehicle_segment,premium,bodily_injury_liability,personal_injury_protection,property_damage_liability,collision,comprehensive,region) values(12785,'2018-04-10T18:30:00.000Z',840,'CNG','A',1206,false,true,true,true,false,'South');
insert into customer_policy(id,date_of_purchase,customer_id,fuel,vehicle_segment,premium,bodily_injury_liability,personal_injury_protection,property_damage_liability,collision,comprehensive,region) values(12786,'2018-04-22T18:30:00.000Z',840,'CNG','A',1116,true,false,false,false,true,'South');
insert into customer_policy(id,date_of_purchase,customer_id,fuel,vehicle_segment,premium,bodily_injury_liability,personal_injury_protection,property_damage_liability,collision,comprehensive,region) values(12787,'2018-04-23T18:30:00.000Z',840,'CNG','A',1845,false,true,false,true,false,'South');
insert into customer_policy(id,date_of_purchase,customer_id,fuel,vehicle_segment,premium,bodily_injury_liability,personal_injury_protection,property_damage_liability,collision,comprehensive,region) values(12788,'2018-04-15T18:30:00.000Z',840,'CNG','A',600,false,true,false,false,true,'South');
insert into customer_policy(id,date_of_purchase,customer_id,fuel,vehicle_segment,premium,bodily_injury_liability,personal_injury_protection,property_damage_liability,collision,comprehensive,region) values(12789,'2018-03-31T18:30:00.000Z',840,'CNG','A',812,true,true,true,false,false,'South');
insert into customer_policy(id,date_of_purchase,customer_id,fuel,vehicle_segment,premium,bodily_injury_liability,personal_injury_protection,property_damage_liability,collision,comprehensive,region) values(12790,'2018-04-25T18:30:00.000Z',840,'CNG','A',2278,true,true,false,true,false,'South');
insert into customer_policy(id,date_of_purchase,customer_id,fuel,vehicle_segment,premium,bodily_injury_liability,personal_injury_protection,property_damage_liability,collision,comprehensive,region) values(12791,'2018-04-04T18:30:00.000Z',840,'CNG','A',1488,true,false,true,false,false,'South');
insert into customer_policy(id,date_of_purchase,customer_id,fuel,vehicle_segment,premium,bodily_injury_liability,personal_injury_protection,property_damage_liability,collision,comprehensive,region) values(12792,'2018-04-27T18:30:00.000Z',840,'CNG','A',1445,false,true,false,false,true,'South');
insert into customer_policy(id,date_of_purchase,customer_id,fuel,vehicle_segment,premium,bodily_injury_liability,personal_injury_protection,property_damage_liability,collision,comprehensive,region) values(12793,'2018-04-14T18:30:00.000Z',840,'CNG','A',1677,true,false,false,false,false,'South');
insert into customer_policy(id,date_of_purchase,customer_id,fuel,vehicle_segment,premium,bodily_injury_liability,personal_injury_protection,property_damage_liability,collision,comprehensive,region) values(12794,'2018-04-06T18:30:00.000Z',840,'CNG','A',2143,false,false,false,false,true,'South');
insert into customer_policy(id,date_of_purchase,customer_id,fuel,vehicle_segment,premium,bodily_injury_liability,personal_injury_protection,property_damage_liability,collision,comprehensive,region) values(12795,'2018-04-08T18:30:00.000Z',840,'CNG','A',1124,false,true,true,true,false,'South');
insert into customer_policy(id,date_of_purchase,customer_id,fuel,vehicle_segment,premium,bodily_injury_liability,personal_injury_protection,property_damage_liability,collision,comprehensive,region) values(12796,'2018-04-28T18:30:00.000Z',840,'CNG','A',2076,true,false,false,false,true,'South');
insert into customer_policy(id,date_of_purchase,customer_id,fuel,vehicle_segment,premium,bodily_injury_liability,personal_injury_protection,property_damage_liability,collision,comprehensive,region) values(12797,'2018-04-19T18:30:00.000Z',840,'CNG','A',614,false,false,false,false,true,'South');
insert into customer_policy(id,date_of_purchase,customer_id,fuel,vehicle_segment,premium,bodily_injury_liability,personal_injury_protection,property_damage_liability,collision,comprehensive,region) values(12798,'2018-04-21T18:30:00.000Z',840,'CNG','A',854,true,false,true,false,true,'South');
insert into customer_policy(id,date_of_purchase,customer_id,fuel,vehicle_segment,premium,bodily_injury_liability,personal_injury_protection,property_damage_liability,collision,comprehensive,region) values(12799,'2018-04-21T18:30:00.000Z',840,'CNG','A',861,true,false,false,false,false,'South');
insert into customer_policy(id,date_of_purchase,customer_id,fuel,vehicle_segment,premium,bodily_injury_liability,personal_injury_protection,property_damage_liability,collision,comprehensive,region) values(12800,'2018-04-16T18:30:00.000Z',840,'CNG','A',2323,true,false,false,true,false,'South');
insert into customer_policy(id,date_of_purchase,customer_id,fuel,vehicle_segment,premium,bodily_injury_liability,personal_injury_protection,property_damage_liability,collision,comprehensive,region) values(12801,'2018-04-28T18:30:00.000Z',840,'CNG','A',508,false,false,false,true,true,'South');
insert into customer_policy(id,date_of_purchase,customer_id,fuel,vehicle_segment,premium,bodily_injury_liability,personal_injury_protection,property_damage_liability,collision,comprehensive,region) values(12802,'2018-04-11T18:30:00.000Z',840,'CNG','A',1484,true,false,true,true,false,'South');
insert into customer_policy(id,date_of_purchase,customer_id,fuel,vehicle_segment,premium,bodily_injury_liability,personal_injury_protection,property_damage_liability,collision,comprehensive,region) values(12803,'2018-04-20T18:30:00.000Z',840,'CNG','A',1273,false,true,true,false,false,'South');
insert into customer_policy(id,date_of_purchase,customer_id,fuel,vehicle_segment,premium,bodily_injury_liability,personal_injury_protection,property_damage_liability,collision,comprehensive,region) values(12804,'2018-04-14T18:30:00.000Z',840,'CNG','A',796,false,true,false,true,false,'South');
insert into customer_policy(id,date_of_purchase,customer_id,fuel,vehicle_segment,premium,bodily_injury_liability,personal_injury_protection,property_damage_liability,collision,comprehensive,region) values(12805,'2018-04-25T18:30:00.000Z',840,'CNG','A',681,false,true,true,true,false,'South');
insert into customer_policy(id,date_of_purchase,customer_id,fuel,vehicle_segment,premium,bodily_injury_liability,personal_injury_protection,property_damage_liability,collision,comprehensive,region) values(12806,'2018-04-02T18:30:00.000Z',840,'CNG','A',1639,true,true,true,true,true,'South');
insert into customer_policy(id,date_of_purchase,customer_id,fuel,vehicle_segment,premium,bodily_injury_liability,personal_injury_protection,property_damage_liability,collision,comprehensive,region) values(12807,'2018-04-14T18:30:00.000Z',840,'CNG','A',791,false,false,true,true,true,'South');
insert into customer_policy(id,date_of_purchase,customer_id,fuel,vehicle_segment,premium,bodily_injury_liability,personal_injury_protection,property_damage_liability,collision,comprehensive,region) values(12808,'2018-04-05T18:30:00.000Z',840,'CNG','A',845,true,true,true,false,true,'South');
insert into customer_policy(id,date_of_purchase,customer_id,fuel,vehicle_segment,premium,bodily_injury_liability,personal_injury_protection,property_damage_liability,collision,comprehensive,region) values(12809,'2018-04-07T18:30:00.000Z',840,'CNG','A',920,false,true,false,true,false,'South');
insert into customer_policy(id,date_of_purchase,customer_id,fuel,vehicle_segment,premium,bodily_injury_liability,personal_injury_protection,property_damage_liability,collision,comprehensive,region) values(12810,'2018-04-24T18:30:00.000Z',840,'CNG','A',2123,false,false,false,true,true,'South');
insert into customer_policy(id,date_of_purchase,customer_id,fuel,vehicle_segment,premium,bodily_injury_liability,personal_injury_protection,property_damage_liability,collision,comprehensive,region) values(12811,'2018-04-06T18:30:00.000Z',840,'CNG','A',1973,true,false,false,false,false,'South');
insert into customer_policy(id,date_of_purchase,customer_id,fuel,vehicle_segment,premium,bodily_injury_liability,personal_injury_protection,property_damage_liability,collision,comprehensive,region) values(12812,'2018-04-15T18:30:00.000Z',840,'CNG','A',2234,false,false,true,true,true,'South');
insert into customer_policy(id,date_of_purchase,customer_id,fuel,vehicle_segment,premium,bodily_injury_liability,personal_injury_protection,property_damage_liability,collision,comprehensive,region) values(12813,'2018-04-13T18:30:00.000Z',840,'CNG','A',1988,false,false,false,false,false,'South');
insert into customer_policy(id,date_of_purchase,customer_id,fuel,vehicle_segment,premium,bodily_injury_liability,personal_injury_protection,property_damage_liability,collision,comprehensive,region) values(12814,'2018-04-15T18:30:00.000Z',840,'CNG','A',2366,true,true,false,false,false,'South');
insert into customer_policy(id,date_of_purchase,customer_id,fuel,vehicle_segment,premium,bodily_injury_liability,personal_injury_protection,property_damage_liability,collision,comprehensive,region) values(12815,'2018-04-14T18:30:00.000Z',840,'CNG','A',1773,true,false,true,false,false,'South');
insert into customer_policy(id,date_of_purchase,customer_id,fuel,vehicle_segment,premium,bodily_injury_liability,personal_injury_protection,property_damage_liability,collision,comprehensive,region) values(12816,'2018-04-08T18:30:00.000Z',840,'CNG','A',1017,true,false,true,false,false,'South');
insert into customer_policy(id,date_of_purchase,customer_id,fuel,vehicle_segment,premium,bodily_injury_liability,personal_injury_protection,property_damage_liability,collision,comprehensive,region) values(12817,'2018-04-07T18:30:00.000Z',840,'CNG','A',1008,true,true,true,false,true,'South');
insert into customer_policy(id,date_of_purchase,customer_id,fuel,vehicle_segment,premium,bodily_injury_liability,personal_injury_protection,property_damage_liability,collision,comprehensive,region) values(12818,'2018-04-20T18:30:00.000Z',840,'CNG','A',1088,true,false,false,true,true,'South');
insert into customer_policy(id,date_of_purchase,customer_id,fuel,vehicle_segment,premium,bodily_injury_liability,personal_injury_protection,property_damage_liability,collision,comprehensive,region) values(12819,'2018-04-07T18:30:00.000Z',840,'CNG','A',923,true,false,true,false,true,'South');
insert into customer_policy(id,date_of_purchase,customer_id,fuel,vehicle_segment,premium,bodily_injury_liability,personal_injury_protection,property_damage_liability,collision,comprehensive,region) values(12820,'2018-04-04T18:30:00.000Z',840,'CNG','A',813,true,false,true,false,true,'South');
insert into customer_policy(id,date_of_purchase,customer_id,fuel,vehicle_segment,premium,bodily_injury_liability,personal_injury_protection,property_damage_liability,collision,comprehensive,region) values(12821,'2018-04-17T18:30:00.000Z',840,'CNG','A',1982,true,true,true,true,true,'South');
insert into customer_policy(id,date_of_purchase,customer_id,fuel,vehicle_segment,premium,bodily_injury_liability,personal_injury_protection,property_damage_liability,collision,comprehensive,region) values(12822,'2018-04-19T18:30:00.000Z',840,'CNG','A',549,true,true,false,true,true,'South');
insert into customer_policy(id,date_of_purchase,customer_id,fuel,vehicle_segment,premium,bodily_injury_liability,personal_injury_protection,property_damage_liability,collision,comprehensive,region) values(12823,'2018-04-21T18:30:00.000Z',840,'CNG','A',1389,false,false,true,false,true,'South');
insert into customer_policy(id,date_of_purchase,customer_id,fuel,vehicle_segment,premium,bodily_injury_liability,personal_injury_protection,property_damage_liability,collision,comprehensive,region) values(12824,'2018-04-18T18:30:00.000Z',840,'CNG','A',2268,false,false,false,true,true,'South');
insert into customer_policy(id,date_of_purchase,customer_id,fuel,vehicle_segment,premium,bodily_injury_liability,personal_injury_protection,property_damage_liability,collision,comprehensive,region) values(12825,'2018-04-20T18:30:00.000Z',840,'CNG','A',770,true,true,false,false,true,'South');
insert into customer_policy(id,date_of_purchase,customer_id,fuel,vehicle_segment,premium,bodily_injury_liability,personal_injury_protection,property_damage_liability,collision,comprehensive,region) values(12826,'2018-04-25T18:30:00.000Z',840,'CNG','A',887,true,false,true,true,false,'South');
insert into customer_policy(id,date_of_purchase,customer_id,fuel,vehicle_segment,premium,bodily_injury_liability,personal_injury_protection,property_damage_liability,collision,comprehensive,region) values(12827,'2018-04-16T18:30:00.000Z',840,'CNG','A',1758,true,false,true,true,false,'South');
insert into customer_policy(id,date_of_purchase,customer_id,fuel,vehicle_segment,premium,bodily_injury_liability,personal_injury_protection,property_damage_liability,collision,comprehensive,region) values(12828,'2018-04-11T18:30:00.000Z',840,'CNG','A',1018,true,false,true,false,true,'South');
insert into customer_policy(id,date_of_purchase,customer_id,fuel,vehicle_segment,premium,bodily_injury_liability,personal_injury_protection,property_damage_liability,collision,comprehensive,region) values(12829,'2018-04-08T18:30:00.000Z',840,'CNG','A',2162,true,true,false,true,false,'South');
insert into customer_policy(id,date_of_purchase,customer_id,fuel,vehicle_segment,premium,bodily_injury_liability,personal_injury_protection,property_damage_liability,collision,comprehensive,region) values(12830,'2018-04-20T18:30:00.000Z',840,'CNG','A',860,false,true,true,true,true,'South');
insert into customer_policy(id,date_of_purchase,customer_id,fuel,vehicle_segment,premium,bodily_injury_liability,personal_injury_protection,property_damage_liability,collision,comprehensive,region) values(12831,'2018-04-23T18:30:00.000Z',840,'CNG','A',1319,false,true,true,false,false,'South');
insert into customer_policy(id,date_of_purchase,customer_id,fuel,vehicle_segment,premium,bodily_injury_liability,personal_injury_protection,property_damage_liability,collision,comprehensive,region) values(12832,'2018-04-07T18:30:00.000Z',840,'CNG','A',1918,true,true,true,true,false,'South');
insert into customer_policy(id,date_of_purchase,customer_id,fuel,vehicle_segment,premium,bodily_injury_liability,personal_injury_protection,property_damage_liability,collision,comprehensive,region) values(12833,'2018-04-03T18:30:00.000Z',840,'CNG','A',732,false,true,true,true,false,'South');
insert into customer_policy(id,date_of_purchase,customer_id,fuel,vehicle_segment,premium,bodily_injury_liability,personal_injury_protection,property_damage_liability,collision,comprehensive,region) values(12834,'2018-03-31T18:30:00.000Z',840,'CNG','A',1019,true,true,false,true,false,'South');
insert into customer_policy(id,date_of_purchase,customer_id,fuel,vehicle_segment,premium,bodily_injury_liability,personal_injury_protection,property_damage_liability,collision,comprehensive,region) values(12835,'2018-04-25T18:30:00.000Z',840,'CNG','A',2415,false,true,true,false,false,'South');
insert into customer_policy(id,date_of_purchase,customer_id,fuel,vehicle_segment,premium,bodily_injury_liability,personal_injury_protection,property_damage_liability,collision,comprehensive,region) values(12836,'2018-04-17T18:30:00.000Z',840,'CNG','A',1538,true,false,true,true,false,'South');
insert into customer_policy(id,date_of_purchase,customer_id,fuel,vehicle_segment,premium,bodily_injury_liability,personal_injury_protection,property_damage_liability,collision,comprehensive,region) values(12837,'2018-04-19T18:30:00.000Z',840,'CNG','A',2279,true,false,true,true,false,'South');
insert into customer_policy(id,date_of_purchase,customer_id,fuel,vehicle_segment,premium,bodily_injury_liability,personal_injury_protection,property_damage_liability,collision,comprehensive,region) values(12838,'2018-04-25T18:30:00.000Z',840,'CNG','A',2218,false,false,false,false,false,'South');
insert into customer_policy(id,date_of_purchase,customer_id,fuel,vehicle_segment,premium,bodily_injury_liability,personal_injury_protection,property_damage_liability,collision,comprehensive,region) values(12839,'2018-04-19T18:30:00.000Z',840,'CNG','A',1653,true,false,true,false,false,'South');
insert into customer_policy(id,date_of_purchase,customer_id,fuel,vehicle_segment,premium,bodily_injury_liability,personal_injury_protection,property_damage_liability,collision,comprehensive,region) values(12840,'2018-04-08T18:30:00.000Z',840,'CNG','A',2436,true,true,true,false,true,'South');
insert into customer_policy(id,date_of_purchase,customer_id,fuel,vehicle_segment,premium,bodily_injury_liability,personal_injury_protection,property_damage_liability,collision,comprehensive,region) values(12841,'2018-04-18T18:30:00.000Z',840,'CNG','A',1673,false,false,false,true,false,'South');
insert into customer_policy(id,date_of_purchase,customer_id,fuel,vehicle_segment,premium,bodily_injury_liability,personal_injury_protection,property_damage_liability,collision,comprehensive,region) values(12842,'2018-04-02T18:30:00.000Z',840,'CNG','A',2332,false,false,false,true,true,'South');
insert into customer_policy(id,date_of_purchase,customer_id,fuel,vehicle_segment,premium,bodily_injury_liability,personal_injury_protection,property_damage_liability,collision,comprehensive,region) values(12843,'2018-04-18T18:30:00.000Z',840,'CNG','A',959,false,false,true,false,true,'South');
insert into customer_policy(id,date_of_purchase,customer_id,fuel,vehicle_segment,premium,bodily_injury_liability,personal_injury_protection,property_damage_liability,collision,comprehensive,region) values(12844,'2018-04-26T18:30:00.000Z',840,'CNG','A',837,true,false,false,true,true,'South');
insert into customer_policy(id,date_of_purchase,customer_id,fuel,vehicle_segment,premium,bodily_injury_liability,personal_injury_protection,property_damage_liability,collision,comprehensive,region) values(12845,'2018-05-01T18:30:00.000Z',840,'CNG','A',2434,false,false,true,true,false,'South');
insert into customer_policy(id,date_of_purchase,customer_id,fuel,vehicle_segment,premium,bodily_injury_liability,personal_injury_protection,property_damage_liability,collision,comprehensive,region) values(12846,'2018-05-07T18:30:00.000Z',840,'CNG','A',1778,true,true,false,true,true,'South');
insert into customer_policy(id,date_of_purchase,customer_id,fuel,vehicle_segment,premium,bodily_injury_liability,personal_injury_protection,property_damage_liability,collision,comprehensive,region) values(12847,'2018-05-26T18:30:00.000Z',840,'CNG','A',2417,false,false,true,true,true,'South');
insert into customer_policy(id,date_of_purchase,customer_id,fuel,vehicle_segment,premium,bodily_injury_liability,personal_injury_protection,property_damage_liability,collision,comprehensive,region) values(12848,'2018-05-06T18:30:00.000Z',840,'CNG','A',1775,true,true,false,false,false,'South');
insert into customer_policy(id,date_of_purchase,customer_id,fuel,vehicle_segment,premium,bodily_injury_liability,personal_injury_protection,property_damage_liability,collision,comprehensive,region) values(12849,'2018-05-26T18:30:00.000Z',840,'CNG','A',1210,false,true,false,true,false,'South');
insert into customer_policy(id,date_of_purchase,customer_id,fuel,vehicle_segment,premium,bodily_injury_liability,personal_injury_protection,property_damage_liability,collision,comprehensive,region) values(12850,'2018-05-26T18:30:00.000Z',840,'CNG','A',568,false,true,true,true,true,'South');
insert into customer_policy(id,date_of_purchase,customer_id,fuel,vehicle_segment,premium,bodily_injury_liability,personal_injury_protection,property_damage_liability,collision,comprehensive,region) values(12851,'2018-05-21T18:30:00.000Z',840,'CNG','A',724,true,false,true,true,false,'South');
insert into customer_policy(id,date_of_purchase,customer_id,fuel,vehicle_segment,premium,bodily_injury_liability,personal_injury_protection,property_damage_liability,collision,comprehensive,region) values(12852,'2018-05-01T18:30:00.000Z',840,'CNG','A',1760,true,true,true,true,true,'South');
insert into customer_policy(id,date_of_purchase,customer_id,fuel,vehicle_segment,premium,bodily_injury_liability,personal_injury_protection,property_damage_liability,collision,comprehensive,region) values(12853,'2018-05-12T18:30:00.000Z',840,'CNG','A',1345,true,true,true,true,false,'South');
insert into customer_policy(id,date_of_purchase,customer_id,fuel,vehicle_segment,premium,bodily_injury_liability,personal_injury_protection,property_damage_liability,collision,comprehensive,region) values(12854,'2018-05-04T18:30:00.000Z',840,'CNG','A',2094,true,true,false,false,false,'South');
insert into customer_policy(id,date_of_purchase,customer_id,fuel,vehicle_segment,premium,bodily_injury_liability,personal_injury_protection,property_damage_liability,collision,comprehensive,region) values(12855,'2018-05-24T18:30:00.000Z',840,'CNG','A',2241,true,true,true,false,false,'South');
insert into customer_policy(id,date_of_purchase,customer_id,fuel,vehicle_segment,premium,bodily_injury_liability,personal_injury_protection,property_damage_liability,collision,comprehensive,region) values(12856,'2018-05-02T18:30:00.000Z',840,'CNG','A',1488,true,true,false,true,true,'South');
insert into customer_policy(id,date_of_purchase,customer_id,fuel,vehicle_segment,premium,bodily_injury_liability,personal_injury_protection,property_damage_liability,collision,comprehensive,region) values(12857,'2018-05-27T18:30:00.000Z',840,'CNG','A',1028,true,true,true,true,true,'South');
insert into customer_policy(id,date_of_purchase,customer_id,fuel,vehicle_segment,premium,bodily_injury_liability,personal_injury_protection,property_damage_liability,collision,comprehensive,region) values(12858,'2018-05-08T18:30:00.000Z',840,'CNG','A',1252,false,false,true,true,false,'South');
insert into customer_policy(id,date_of_purchase,customer_id,fuel,vehicle_segment,premium,bodily_injury_liability,personal_injury_protection,property_damage_liability,collision,comprehensive,region) values(12859,'2018-05-09T18:30:00.000Z',840,'CNG','A',2445,false,false,true,false,false,'South');
insert into customer_policy(id,date_of_purchase,customer_id,fuel,vehicle_segment,premium,bodily_injury_liability,personal_injury_protection,property_damage_liability,collision,comprehensive,region) values(12860,'2018-05-10T18:30:00.000Z',840,'CNG','A',1525,true,false,true,true,false,'South');
insert into customer_policy(id,date_of_purchase,customer_id,fuel,vehicle_segment,premium,bodily_injury_liability,personal_injury_protection,property_damage_liability,collision,comprehensive,region) values(12861,'2018-05-09T18:30:00.000Z',840,'CNG','A',1157,true,false,false,true,false,'South');
insert into customer_policy(id,date_of_purchase,customer_id,fuel,vehicle_segment,premium,bodily_injury_liability,personal_injury_protection,property_damage_liability,collision,comprehensive,region) values(12862,'2018-05-21T18:30:00.000Z',840,'CNG','A',902,true,false,false,true,false,'South');
insert into customer_policy(id,date_of_purchase,customer_id,fuel,vehicle_segment,premium,bodily_injury_liability,personal_injury_protection,property_damage_liability,collision,comprehensive,region) values(12863,'2018-04-30T18:30:00.000Z',840,'CNG','A',2082,false,false,false,true,false,'South');
insert into customer_policy(id,date_of_purchase,customer_id,fuel,vehicle_segment,premium,bodily_injury_liability,personal_injury_protection,property_damage_liability,collision,comprehensive,region) values(12864,'2018-05-21T18:30:00.000Z',840,'CNG','A',1723,true,true,false,true,true,'South');
insert into customer_policy(id,date_of_purchase,customer_id,fuel,vehicle_segment,premium,bodily_injury_liability,personal_injury_protection,property_damage_liability,collision,comprehensive,region) values(12865,'2018-05-05T18:30:00.000Z',840,'CNG','A',1532,false,false,true,true,true,'South');
insert into customer_policy(id,date_of_purchase,customer_id,fuel,vehicle_segment,premium,bodily_injury_liability,personal_injury_protection,property_damage_liability,collision,comprehensive,region) values(12866,'2018-05-13T18:30:00.000Z',840,'CNG','A',972,false,false,true,false,false,'South');
insert into customer_policy(id,date_of_purchase,customer_id,fuel,vehicle_segment,premium,bodily_injury_liability,personal_injury_protection,property_damage_liability,collision,comprehensive,region) values(12867,'2018-05-04T18:30:00.000Z',840,'CNG','A',1089,false,true,false,true,true,'South');
insert into customer_policy(id,date_of_purchase,customer_id,fuel,vehicle_segment,premium,bodily_injury_liability,personal_injury_protection,property_damage_liability,collision,comprehensive,region) values(12868,'2018-05-10T18:30:00.000Z',840,'CNG','A',2400,true,true,true,true,true,'South');
insert into customer_policy(id,date_of_purchase,customer_id,fuel,vehicle_segment,premium,bodily_injury_liability,personal_injury_protection,property_damage_liability,collision,comprehensive,region) values(12869,'2018-05-21T18:30:00.000Z',840,'CNG','A',1667,true,true,true,true,false,'South');
insert into customer_policy(id,date_of_purchase,customer_id,fuel,vehicle_segment,premium,bodily_injury_liability,personal_injury_protection,property_damage_liability,collision,comprehensive,region) values(12870,'2018-05-29T18:30:00.000Z',840,'CNG','A',908,true,true,false,true,true,'South');
insert into customer_policy(id,date_of_purchase,customer_id,fuel,vehicle_segment,premium,bodily_injury_liability,personal_injury_protection,property_damage_liability,collision,comprehensive,region) values(12871,'2018-05-09T18:30:00.000Z',840,'CNG','A',1719,true,false,true,false,true,'South');
insert into customer_policy(id,date_of_purchase,customer_id,fuel,vehicle_segment,premium,bodily_injury_liability,personal_injury_protection,property_damage_liability,collision,comprehensive,region) values(12872,'2018-05-23T18:30:00.000Z',840,'CNG','A',1148,false,true,true,false,false,'South');
insert into customer_policy(id,date_of_purchase,customer_id,fuel,vehicle_segment,premium,bodily_injury_liability,personal_injury_protection,property_damage_liability,collision,comprehensive,region) values(12873,'2018-05-14T18:30:00.000Z',840,'CNG','A',1412,false,true,false,false,true,'South');
insert into customer_policy(id,date_of_purchase,customer_id,fuel,vehicle_segment,premium,bodily_injury_liability,personal_injury_protection,property_damage_liability,collision,comprehensive,region) values(12874,'2018-05-05T18:30:00.000Z',840,'CNG','A',1291,true,false,false,true,false,'South');
insert into customer_policy(id,date_of_purchase,customer_id,fuel,vehicle_segment,premium,bodily_injury_liability,personal_injury_protection,property_damage_liability,collision,comprehensive,region) values(12875,'2018-05-05T18:30:00.000Z',840,'CNG','A',1211,true,false,true,true,true,'South');
insert into customer_policy(id,date_of_purchase,customer_id,fuel,vehicle_segment,premium,bodily_injury_liability,personal_injury_protection,property_damage_liability,collision,comprehensive,region) values(12876,'2018-05-06T18:30:00.000Z',840,'CNG','A',995,true,false,true,true,false,'South');
insert into customer_policy(id,date_of_purchase,customer_id,fuel,vehicle_segment,premium,bodily_injury_liability,personal_injury_protection,property_damage_liability,collision,comprehensive,region) values(12877,'2018-05-29T18:30:00.000Z',840,'CNG','A',724,true,true,true,true,false,'South');
insert into customer_policy(id,date_of_purchase,customer_id,fuel,vehicle_segment,premium,bodily_injury_liability,personal_injury_protection,property_damage_liability,collision,comprehensive,region) values(12878,'2018-05-01T18:30:00.000Z',840,'CNG','A',1177,true,false,false,true,true,'South');
insert into customer_policy(id,date_of_purchase,customer_id,fuel,vehicle_segment,premium,bodily_injury_liability,personal_injury_protection,property_damage_liability,collision,comprehensive,region) values(12879,'2018-05-11T18:30:00.000Z',840,'CNG','A',2403,false,false,false,true,false,'South');
insert into customer_policy(id,date_of_purchase,customer_id,fuel,vehicle_segment,premium,bodily_injury_liability,personal_injury_protection,property_damage_liability,collision,comprehensive,region) values(12880,'2018-05-08T18:30:00.000Z',840,'CNG','A',1134,false,true,false,false,false,'South');
insert into customer_policy(id,date_of_purchase,customer_id,fuel,vehicle_segment,premium,bodily_injury_liability,personal_injury_protection,property_damage_liability,collision,comprehensive,region) values(12881,'2018-05-12T18:30:00.000Z',840,'CNG','A',2419,true,true,true,true,false,'South');
insert into customer_policy(id,date_of_purchase,customer_id,fuel,vehicle_segment,premium,bodily_injury_liability,personal_injury_protection,property_damage_liability,collision,comprehensive,region) values(12882,'2018-05-19T18:30:00.000Z',840,'CNG','A',1049,false,true,true,true,true,'South');
insert into customer_policy(id,date_of_purchase,customer_id,fuel,vehicle_segment,premium,bodily_injury_liability,personal_injury_protection,property_damage_liability,collision,comprehensive,region) values(12883,'2018-05-05T18:30:00.000Z',840,'CNG','A',1123,false,true,false,false,false,'South');
insert into customer_policy(id,date_of_purchase,customer_id,fuel,vehicle_segment,premium,bodily_injury_liability,personal_injury_protection,property_damage_liability,collision,comprehensive,region) values(12884,'2018-05-01T18:30:00.000Z',840,'CNG','A',1571,true,false,true,false,true,'South');
insert into customer_policy(id,date_of_purchase,customer_id,fuel,vehicle_segment,premium,bodily_injury_liability,personal_injury_protection,property_damage_liability,collision,comprehensive,region) values(12885,'2018-05-16T18:30:00.000Z',840,'CNG','A',1540,true,false,true,false,true,'South');
insert into customer_policy(id,date_of_purchase,customer_id,fuel,vehicle_segment,premium,bodily_injury_liability,personal_injury_protection,property_damage_liability,collision,comprehensive,region) values(12886,'2018-05-14T18:30:00.000Z',840,'CNG','A',2154,true,true,false,true,true,'South');
insert into customer_policy(id,date_of_purchase,customer_id,fuel,vehicle_segment,premium,bodily_injury_liability,personal_injury_protection,property_damage_liability,collision,comprehensive,region) values(12887,'2018-05-11T18:30:00.000Z',840,'CNG','A',1188,true,true,true,false,true,'South');
insert into customer_policy(id,date_of_purchase,customer_id,fuel,vehicle_segment,premium,bodily_injury_liability,personal_injury_protection,property_damage_liability,collision,comprehensive,region) values(12888,'2018-05-06T18:30:00.000Z',840,'CNG','A',2465,true,true,true,false,false,'South');
insert into customer_policy(id,date_of_purchase,customer_id,fuel,vehicle_segment,premium,bodily_injury_liability,personal_injury_protection,property_damage_liability,collision,comprehensive,region) values(12889,'2018-05-07T18:30:00.000Z',840,'CNG','A',1972,false,false,false,false,true,'South');
insert into customer_policy(id,date_of_purchase,customer_id,fuel,vehicle_segment,premium,bodily_injury_liability,personal_injury_protection,property_damage_liability,collision,comprehensive,region) values(12890,'2018-05-20T18:30:00.000Z',840,'CNG','A',947,false,true,true,false,false,'South');
insert into customer_policy(id,date_of_purchase,customer_id,fuel,vehicle_segment,premium,bodily_injury_liability,personal_injury_protection,property_damage_liability,collision,comprehensive,region) values(12891,'2018-05-13T18:30:00.000Z',840,'CNG','A',2032,false,true,false,true,true,'South');
insert into customer_policy(id,date_of_purchase,customer_id,fuel,vehicle_segment,premium,bodily_injury_liability,personal_injury_protection,property_damage_liability,collision,comprehensive,region) values(12892,'2018-05-11T18:30:00.000Z',840,'CNG','A',1409,false,true,true,false,true,'South');
insert into customer_policy(id,date_of_purchase,customer_id,fuel,vehicle_segment,premium,bodily_injury_liability,personal_injury_protection,property_damage_liability,collision,comprehensive,region) values(12893,'2018-05-01T18:30:00.000Z',840,'CNG','A',1353,false,true,false,true,true,'South');
insert into customer_policy(id,date_of_purchase,customer_id,fuel,vehicle_segment,premium,bodily_injury_liability,personal_injury_protection,property_damage_liability,collision,comprehensive,region) values(12894,'2018-05-10T18:30:00.000Z',840,'CNG','A',2449,true,true,false,true,false,'South');
insert into customer_policy(id,date_of_purchase,customer_id,fuel,vehicle_segment,premium,bodily_injury_liability,personal_injury_protection,property_damage_liability,collision,comprehensive,region) values(12895,'2018-05-29T18:30:00.000Z',840,'CNG','A',1602,true,false,true,false,true,'South');
insert into customer_policy(id,date_of_purchase,customer_id,fuel,vehicle_segment,premium,bodily_injury_liability,personal_injury_protection,property_damage_liability,collision,comprehensive,region) values(12896,'2018-05-18T18:30:00.000Z',840,'CNG','A',1400,false,false,true,false,true,'South');
insert into customer_policy(id,date_of_purchase,customer_id,fuel,vehicle_segment,premium,bodily_injury_liability,personal_injury_protection,property_damage_liability,collision,comprehensive,region) values(12897,'2018-05-28T18:30:00.000Z',840,'CNG','A',915,false,false,true,true,true,'South');
insert into customer_policy(id,date_of_purchase,customer_id,fuel,vehicle_segment,premium,bodily_injury_liability,personal_injury_protection,property_damage_liability,collision,comprehensive,region) values(12898,'2018-05-01T18:30:00.000Z',840,'CNG','A',601,false,false,true,true,true,'South');
insert into customer_policy(id,date_of_purchase,customer_id,fuel,vehicle_segment,premium,bodily_injury_liability,personal_injury_protection,property_damage_liability,collision,comprehensive,region) values(12899,'2018-05-08T18:30:00.000Z',840,'CNG','A',1898,true,false,false,false,false,'South');
insert into customer_policy(id,date_of_purchase,customer_id,fuel,vehicle_segment,premium,bodily_injury_liability,personal_injury_protection,property_damage_liability,collision,comprehensive,region) values(12900,'2018-05-13T18:30:00.000Z',840,'CNG','A',1852,true,true,false,true,true,'South');
insert into customer_policy(id,date_of_purchase,customer_id,fuel,vehicle_segment,premium,bodily_injury_liability,personal_injury_protection,property_damage_liability,collision,comprehensive,region) values(12901,'2018-05-15T18:30:00.000Z',840,'CNG','A',686,true,false,false,true,true,'South');
insert into customer_policy(id,date_of_purchase,customer_id,fuel,vehicle_segment,premium,bodily_injury_liability,personal_injury_protection,property_damage_liability,collision,comprehensive,region) values(12902,'2018-05-28T18:30:00.000Z',840,'CNG','A',1914,false,true,true,false,true,'South');
insert into customer_policy(id,date_of_purchase,customer_id,fuel,vehicle_segment,premium,bodily_injury_liability,personal_injury_protection,property_damage_liability,collision,comprehensive,region) values(12903,'2018-05-05T18:30:00.000Z',840,'CNG','A',689,false,true,true,false,true,'South');
insert into customer_policy(id,date_of_purchase,customer_id,fuel,vehicle_segment,premium,bodily_injury_liability,personal_injury_protection,property_damage_liability,collision,comprehensive,region) values(12904,'2018-05-13T18:30:00.000Z',840,'CNG','A',776,true,true,false,true,false,'South');
insert into customer_policy(id,date_of_purchase,customer_id,fuel,vehicle_segment,premium,bodily_injury_liability,personal_injury_protection,property_damage_liability,collision,comprehensive,region) values(12905,'2018-05-14T18:30:00.000Z',840,'CNG','A',1399,false,false,true,false,true,'South');
insert into customer_policy(id,date_of_purchase,customer_id,fuel,vehicle_segment,premium,bodily_injury_liability,personal_injury_protection,property_damage_liability,collision,comprehensive,region) values(12906,'2018-05-06T18:30:00.000Z',840,'CNG','A',2344,false,false,true,false,true,'South');
insert into customer_policy(id,date_of_purchase,customer_id,fuel,vehicle_segment,premium,bodily_injury_liability,personal_injury_protection,property_damage_liability,collision,comprehensive,region) values(12907,'2018-05-23T18:30:00.000Z',840,'CNG','A',1010,true,true,true,true,true,'South');
insert into customer_policy(id,date_of_purchase,customer_id,fuel,vehicle_segment,premium,bodily_injury_liability,personal_injury_protection,property_damage_liability,collision,comprehensive,region) values(12908,'2018-05-26T18:30:00.000Z',840,'CNG','A',1988,false,true,false,true,true,'South');
insert into customer_policy(id,date_of_purchase,customer_id,fuel,vehicle_segment,premium,bodily_injury_liability,personal_injury_protection,property_damage_liability,collision,comprehensive,region) values(12909,'2018-05-04T18:30:00.000Z',840,'CNG','A',634,false,true,true,false,false,'South');
insert into customer_policy(id,date_of_purchase,customer_id,fuel,vehicle_segment,premium,bodily_injury_liability,personal_injury_protection,property_damage_liability,collision,comprehensive,region) values(12910,'2018-05-11T18:30:00.000Z',840,'CNG','A',2100,false,false,true,true,false,'South');
insert into customer_policy(id,date_of_purchase,customer_id,fuel,vehicle_segment,premium,bodily_injury_liability,personal_injury_protection,property_damage_liability,collision,comprehensive,region) values(12911,'2018-05-14T18:30:00.000Z',840,'CNG','A',635,true,true,false,false,true,'South');
insert into customer_policy(id,date_of_purchase,customer_id,fuel,vehicle_segment,premium,bodily_injury_liability,personal_injury_protection,property_damage_liability,collision,comprehensive,region) values(12912,'2018-05-10T18:30:00.000Z',840,'CNG','A',1829,true,true,true,true,false,'South');
insert into customer_policy(id,date_of_purchase,customer_id,fuel,vehicle_segment,premium,bodily_injury_liability,personal_injury_protection,property_damage_liability,collision,comprehensive,region) values(12913,'2018-05-16T18:30:00.000Z',840,'CNG','A',582,true,false,false,true,true,'South');
insert into customer_policy(id,date_of_purchase,customer_id,fuel,vehicle_segment,premium,bodily_injury_liability,personal_injury_protection,property_damage_liability,collision,comprehensive,region) values(12914,'2018-05-29T18:30:00.000Z',840,'CNG','A',1884,true,false,false,false,false,'South');
insert into customer_policy(id,date_of_purchase,customer_id,fuel,vehicle_segment,premium,bodily_injury_liability,personal_injury_protection,property_damage_liability,collision,comprehensive,region) values(12915,'2018-05-25T18:30:00.000Z',840,'CNG','A',2203,false,true,true,false,false,'South');
insert into customer_policy(id,date_of_purchase,customer_id,fuel,vehicle_segment,premium,bodily_injury_liability,personal_injury_protection,property_damage_liability,collision,comprehensive,region) values(12916,'2018-05-18T18:30:00.000Z',840,'CNG','A',946,true,false,false,true,false,'South');
insert into customer_policy(id,date_of_purchase,customer_id,fuel,vehicle_segment,premium,bodily_injury_liability,personal_injury_protection,property_damage_liability,collision,comprehensive,region) values(12917,'2018-05-01T18:30:00.000Z',840,'CNG','A',716,false,true,true,true,true,'South');
insert into customer_policy(id,date_of_purchase,customer_id,fuel,vehicle_segment,premium,bodily_injury_liability,personal_injury_protection,property_damage_liability,collision,comprehensive,region) values(12918,'2018-05-12T18:30:00.000Z',840,'CNG','A',1625,false,true,false,true,true,'South');
insert into customer_policy(id,date_of_purchase,customer_id,fuel,vehicle_segment,premium,bodily_injury_liability,personal_injury_protection,property_damage_liability,collision,comprehensive,region) values(12919,'2018-05-10T18:30:00.000Z',840,'CNG','A',837,false,false,false,true,false,'South');
insert into customer_policy(id,date_of_purchase,customer_id,fuel,vehicle_segment,premium,bodily_injury_liability,personal_injury_protection,property_damage_liability,collision,comprehensive,region) values(12920,'2018-05-18T18:30:00.000Z',840,'CNG','A',2469,true,true,true,false,true,'South');
insert into customer_policy(id,date_of_purchase,customer_id,fuel,vehicle_segment,premium,bodily_injury_liability,personal_injury_protection,property_damage_liability,collision,comprehensive,region) values(12921,'2018-05-16T18:30:00.000Z',840,'CNG','A',1162,false,false,true,false,true,'South');
insert into customer_policy(id,date_of_purchase,customer_id,fuel,vehicle_segment,premium,bodily_injury_liability,personal_injury_protection,property_damage_liability,collision,comprehensive,region) values(12922,'2018-05-15T18:30:00.000Z',840,'CNG','A',1565,false,false,true,true,false,'South');
insert into customer_policy(id,date_of_purchase,customer_id,fuel,vehicle_segment,premium,bodily_injury_liability,personal_injury_protection,property_damage_liability,collision,comprehensive,region) values(12923,'2018-05-17T18:30:00.000Z',840,'CNG','A',2313,true,false,false,true,false,'South');
insert into customer_policy(id,date_of_purchase,customer_id,fuel,vehicle_segment,premium,bodily_injury_liability,personal_injury_protection,property_damage_liability,collision,comprehensive,region) values(12924,'2018-05-11T18:30:00.000Z',840,'CNG','A',741,true,false,false,true,true,'South');
insert into customer_policy(id,date_of_purchase,customer_id,fuel,vehicle_segment,premium,bodily_injury_liability,personal_injury_protection,property_damage_liability,collision,comprehensive,region) values(12925,'2018-05-06T18:30:00.000Z',840,'CNG','A',1845,true,false,true,false,false,'South');
insert into customer_policy(id,date_of_purchase,customer_id,fuel,vehicle_segment,premium,bodily_injury_liability,personal_injury_protection,property_damage_liability,collision,comprehensive,region) values(12926,'2018-05-20T18:30:00.000Z',840,'CNG','A',1325,false,true,true,false,true,'South');
insert into customer_policy(id,date_of_purchase,customer_id,fuel,vehicle_segment,premium,bodily_injury_liability,personal_injury_protection,property_damage_liability,collision,comprehensive,region) values(12927,'2018-05-20T18:30:00.000Z',840,'CNG','A',1570,true,true,true,false,true,'South');
insert into customer_policy(id,date_of_purchase,customer_id,fuel,vehicle_segment,premium,bodily_injury_liability,personal_injury_protection,property_damage_liability,collision,comprehensive,region) values(12928,'2018-05-16T18:30:00.000Z',840,'CNG','A',2209,false,false,true,true,true,'South');
insert into customer_policy(id,date_of_purchase,customer_id,fuel,vehicle_segment,premium,bodily_injury_liability,personal_injury_protection,property_damage_liability,collision,comprehensive,region) values(12929,'2018-05-23T18:30:00.000Z',840,'CNG','A',538,false,true,false,true,false,'South');
insert into customer_policy(id,date_of_purchase,customer_id,fuel,vehicle_segment,premium,bodily_injury_liability,personal_injury_protection,property_damage_liability,collision,comprehensive,region) values(12930,'2018-05-20T18:30:00.000Z',840,'CNG','A',1895,true,true,true,true,true,'South');
insert into customer_policy(id,date_of_purchase,customer_id,fuel,vehicle_segment,premium,bodily_injury_liability,personal_injury_protection,property_damage_liability,collision,comprehensive,region) values(12931,'2018-05-29T18:30:00.000Z',840,'CNG','A',2182,false,true,false,true,true,'South');
insert into customer_policy(id,date_of_purchase,customer_id,fuel,vehicle_segment,premium,bodily_injury_liability,personal_injury_protection,property_damage_liability,collision,comprehensive,region) values(12932,'2018-05-22T18:30:00.000Z',840,'CNG','A',1483,true,true,false,false,true,'South');
insert into customer_policy(id,date_of_purchase,customer_id,fuel,vehicle_segment,premium,bodily_injury_liability,personal_injury_protection,property_damage_liability,collision,comprehensive,region) values(12933,'2018-05-04T18:30:00.000Z',840,'CNG','A',1241,true,false,true,true,false,'South');
insert into customer_policy(id,date_of_purchase,customer_id,fuel,vehicle_segment,premium,bodily_injury_liability,personal_injury_protection,property_damage_liability,collision,comprehensive,region) values(12934,'2018-05-24T18:30:00.000Z',840,'CNG','A',1256,false,false,true,false,false,'South');
insert into customer_policy(id,date_of_purchase,customer_id,fuel,vehicle_segment,premium,bodily_injury_liability,personal_injury_protection,property_damage_liability,collision,comprehensive,region) values(12935,'2018-05-16T18:30:00.000Z',840,'CNG','A',2340,false,false,false,true,false,'South');
insert into customer_policy(id,date_of_purchase,customer_id,fuel,vehicle_segment,premium,bodily_injury_liability,personal_injury_protection,property_damage_liability,collision,comprehensive,region) values(12936,'2018-05-22T18:30:00.000Z',840,'CNG','A',2365,false,true,true,false,false,'South');
insert into customer_policy(id,date_of_purchase,customer_id,fuel,vehicle_segment,premium,bodily_injury_liability,personal_injury_protection,property_damage_liability,collision,comprehensive,region) values(12937,'2018-05-25T18:30:00.000Z',840,'CNG','A',651,true,true,false,false,false,'South');
insert into customer_policy(id,date_of_purchase,customer_id,fuel,vehicle_segment,premium,bodily_injury_liability,personal_injury_protection,property_damage_liability,collision,comprehensive,region) values(12938,'2018-05-29T18:30:00.000Z',840,'CNG','A',2141,false,true,false,false,true,'South');
insert into customer_policy(id,date_of_purchase,customer_id,fuel,vehicle_segment,premium,bodily_injury_liability,personal_injury_protection,property_damage_liability,collision,comprehensive,region) values(12939,'2018-05-24T18:30:00.000Z',840,'CNG','A',1358,false,true,true,true,true,'South');
insert into customer(id,gender,income_group_id,marital_status) values(995,'MALE',3,false);
insert into customer_policy(id,date_of_purchase,customer_id,fuel,vehicle_segment,premium,bodily_injury_liability,personal_injury_protection,property_damage_liability,collision,comprehensive,region) values(12940,'2018-05-15T18:30:00.000Z',995,'CNG','A',2094,true,false,false,false,false,'South');
insert into customer(id,gender,income_group_id,marital_status) values(996,'MALE',3,true);
insert into customer_policy(id,date_of_purchase,customer_id,fuel,vehicle_segment,premium,bodily_injury_liability,personal_injury_protection,property_damage_liability,collision,comprehensive,region) values(12941,'2018-05-17T18:30:00.000Z',996,'CNG','A',1962,false,true,true,true,false,'South');
insert into customer(id,gender,income_group_id,marital_status) values(997,'MALE',3,true);
insert into customer_policy(id,date_of_purchase,customer_id,fuel,vehicle_segment,premium,bodily_injury_liability,personal_injury_protection,property_damage_liability,collision,comprehensive,region) values(12942,'2018-05-29T18:30:00.000Z',997,'CNG','A',2055,true,false,true,false,false,'South');
insert into customer(id,gender,income_group_id,marital_status) values(998,'MALE',3,false);
insert into customer_policy(id,date_of_purchase,customer_id,fuel,vehicle_segment,premium,bodily_injury_liability,personal_injury_protection,property_damage_liability,collision,comprehensive,region) values(12943,'2018-05-21T18:30:00.000Z',998,'CNG','A',1542,true,false,true,true,true,'South');
insert into customer(id,gender,income_group_id,marital_status) values(999,'MALE',3,false);
insert into customer_policy(id,date_of_purchase,customer_id,fuel,vehicle_segment,premium,bodily_injury_liability,personal_injury_protection,property_damage_liability,collision,comprehensive,region) values(12944,'2018-05-18T18:30:00.000Z',999,'CNG','A',1339,false,true,true,true,false,'South');
insert into customer(id,gender,income_group_id,marital_status) values(1000,'MALE',3,true);
insert into customer_policy(id,date_of_purchase,customer_id,fuel,vehicle_segment,premium,bodily_injury_liability,personal_injury_protection,property_damage_liability,collision,comprehensive,region) values(12945,'2018-06-20T18:30:00.000Z',1000,'CNG','A',2284,true,false,true,false,true,'South');
insert into customer(id,gender,income_group_id,marital_status) values(1001,'MALE',3,true);
insert into customer_policy(id,date_of_purchase,customer_id,fuel,vehicle_segment,premium,bodily_injury_liability,personal_injury_protection,property_damage_liability,collision,comprehensive,region) values(12946,'2018-06-28T18:30:00.000Z',1001,'CNG','A',1340,true,true,true,true,true,'South');
insert into customer(id,gender,income_group_id,marital_status) values(1002,'MALE',3,true);
insert into customer_policy(id,date_of_purchase,customer_id,fuel,vehicle_segment,premium,bodily_injury_liability,personal_injury_protection,property_damage_liability,collision,comprehensive,region) values(12947,'2018-06-11T18:30:00.000Z',1002,'CNG','A',2041,false,false,false,false,true,'South');
insert into customer(id,gender,income_group_id,marital_status) values(1003,'MALE',3,true);
insert into customer_policy(id,date_of_purchase,customer_id,fuel,vehicle_segment,premium,bodily_injury_liability,personal_injury_protection,property_damage_liability,collision,comprehensive,region) values(12948,'2018-06-08T18:30:00.000Z',1003,'CNG','A',861,true,false,false,true,false,'South');
insert into customer(id,gender,income_group_id,marital_status) values(1004,'MALE',3,false);
insert into customer_policy(id,date_of_purchase,customer_id,fuel,vehicle_segment,premium,bodily_injury_liability,personal_injury_protection,property_damage_liability,collision,comprehensive,region) values(12949,'2018-06-21T18:30:00.000Z',1004,'CNG','B',1047,true,true,false,false,false,'South');
insert into customer(id,gender,income_group_id,marital_status) values(1005,'MALE',3,false);
insert into customer_policy(id,date_of_purchase,customer_id,fuel,vehicle_segment,premium,bodily_injury_liability,personal_injury_protection,property_damage_liability,collision,comprehensive,region) values(12950,'2018-06-13T18:30:00.000Z',1005,'CNG','B',2001,true,false,false,false,false,'South');
insert into customer(id,gender,income_group_id,marital_status) values(1006,'MALE',3,false);
insert into customer_policy(id,date_of_purchase,customer_id,fuel,vehicle_segment,premium,bodily_injury_liability,personal_injury_protection,property_damage_liability,collision,comprehensive,region) values(12951,'2018-06-25T18:30:00.000Z',1006,'CNG','B',1327,false,false,false,false,true,'South');
insert into customer(id,gender,income_group_id,marital_status) values(1007,'MALE',3,true);
insert into customer_policy(id,date_of_purchase,customer_id,fuel,vehicle_segment,premium,bodily_injury_liability,personal_injury_protection,property_damage_liability,collision,comprehensive,region) values(12952,'2018-06-20T18:30:00.000Z',1007,'CNG','B',2367,false,false,true,false,true,'South');
insert into customer(id,gender,income_group_id,marital_status) values(1008,'MALE',3,false);
insert into customer_policy(id,date_of_purchase,customer_id,fuel,vehicle_segment,premium,bodily_injury_liability,personal_injury_protection,property_damage_liability,collision,comprehensive,region) values(12953,'2018-06-26T18:30:00.000Z',1008,'CNG','B',1829,true,false,false,true,false,'South');
insert into customer(id,gender,income_group_id,marital_status) values(1009,'MALE',3,true);
insert into customer_policy(id,date_of_purchase,customer_id,fuel,vehicle_segment,premium,bodily_injury_liability,personal_injury_protection,property_damage_liability,collision,comprehensive,region) values(12954,'2018-06-08T18:30:00.000Z',1009,'CNG','B',1744,false,false,true,true,true,'South');
insert into customer(id,gender,income_group_id,marital_status) values(1010,'MALE',3,true);
insert into customer_policy(id,date_of_purchase,customer_id,fuel,vehicle_segment,premium,bodily_injury_liability,personal_injury_protection,property_damage_liability,collision,comprehensive,region) values(12955,'2018-06-05T18:30:00.000Z',1010,'CNG','B',878,false,true,false,false,false,'South');
insert into customer(id,gender,income_group_id,marital_status) values(1011,'MALE',3,true);
insert into customer_policy(id,date_of_purchase,customer_id,fuel,vehicle_segment,premium,bodily_injury_liability,personal_injury_protection,property_damage_liability,collision,comprehensive,region) values(12956,'2018-06-10T18:30:00.000Z',1011,'Petrol','B',641,false,false,false,true,true,'South');
insert into customer(id,gender,income_group_id,marital_status) values(1012,'MALE',3,true);
insert into customer_policy(id,date_of_purchase,customer_id,fuel,vehicle_segment,premium,bodily_injury_liability,personal_injury_protection,property_damage_liability,collision,comprehensive,region) values(12957,'2018-06-25T18:30:00.000Z',1012,'Petrol','B',1096,true,true,true,true,true,'South');
insert into customer(id,gender,income_group_id,marital_status) values(1013,'MALE',3,false);
insert into customer_policy(id,date_of_purchase,customer_id,fuel,vehicle_segment,premium,bodily_injury_liability,personal_injury_protection,property_damage_liability,collision,comprehensive,region) values(12958,'2018-06-20T18:30:00.000Z',1013,'Petrol','B',1761,true,false,false,true,true,'South');
insert into customer(id,gender,income_group_id,marital_status) values(1014,'MALE',3,false);
insert into customer_policy(id,date_of_purchase,customer_id,fuel,vehicle_segment,premium,bodily_injury_liability,personal_injury_protection,property_damage_liability,collision,comprehensive,region) values(12959,'2018-06-14T18:30:00.000Z',1014,'Petrol','B',875,true,false,false,true,true,'South');
insert into customer(id,gender,income_group_id,marital_status) values(1015,'MALE',3,false);
insert into customer_policy(id,date_of_purchase,customer_id,fuel,vehicle_segment,premium,bodily_injury_liability,personal_injury_protection,property_damage_liability,collision,comprehensive,region) values(12960,'2018-05-31T18:30:00.000Z',1015,'Petrol','B',698,false,true,false,false,false,'South');
insert into customer(id,gender,income_group_id,marital_status) values(1016,'MALE',3,true);
insert into customer_policy(id,date_of_purchase,customer_id,fuel,vehicle_segment,premium,bodily_injury_liability,personal_injury_protection,property_damage_liability,collision,comprehensive,region) values(12961,'2018-06-29T18:30:00.000Z',1016,'Petrol','B',1251,true,true,false,false,false,'South');
insert into customer(id,gender,income_group_id,marital_status) values(1017,'MALE',3,true);
insert into customer_policy(id,date_of_purchase,customer_id,fuel,vehicle_segment,premium,bodily_injury_liability,personal_injury_protection,property_damage_liability,collision,comprehensive,region) values(12962,'2018-06-16T18:30:00.000Z',1017,'Petrol','B',1500,true,true,false,false,true,'South');
insert into customer(id,gender,income_group_id,marital_status) values(1018,'MALE',3,true);
insert into customer_policy(id,date_of_purchase,customer_id,fuel,vehicle_segment,premium,bodily_injury_liability,personal_injury_protection,property_damage_liability,collision,comprehensive,region) values(12963,'2018-06-29T18:30:00.000Z',1018,'Petrol','B',2422,true,false,true,false,true,'South');
insert into customer(id,gender,income_group_id,marital_status) values(1019,'MALE',3,true);
insert into customer_policy(id,date_of_purchase,customer_id,fuel,vehicle_segment,premium,bodily_injury_liability,personal_injury_protection,property_damage_liability,collision,comprehensive,region) values(12964,'2018-06-21T18:30:00.000Z',1019,'Petrol','B',1197,true,false,true,true,true,'South');
insert into customer(id,gender,income_group_id,marital_status) values(1020,'MALE',3,false);
insert into customer_policy(id,date_of_purchase,customer_id,fuel,vehicle_segment,premium,bodily_injury_liability,personal_injury_protection,property_damage_liability,collision,comprehensive,region) values(12965,'2018-05-31T18:30:00.000Z',1020,'Petrol','B',1507,true,true,true,false,true,'South');
insert into customer(id,gender,income_group_id,marital_status) values(1021,'MALE',3,true);
insert into customer_policy(id,date_of_purchase,customer_id,fuel,vehicle_segment,premium,bodily_injury_liability,personal_injury_protection,property_damage_liability,collision,comprehensive,region) values(12966,'2018-06-27T18:30:00.000Z',1021,'Petrol','B',609,false,false,true,false,true,'South');
insert into customer(id,gender,income_group_id,marital_status) values(1022,'MALE',3,false);
insert into customer_policy(id,date_of_purchase,customer_id,fuel,vehicle_segment,premium,bodily_injury_liability,personal_injury_protection,property_damage_liability,collision,comprehensive,region) values(12967,'2018-06-24T18:30:00.000Z',1022,'Petrol','B',1339,true,false,true,false,true,'South');
insert into customer(id,gender,income_group_id,marital_status) values(1023,'MALE',3,false);
insert into customer_policy(id,date_of_purchase,customer_id,fuel,vehicle_segment,premium,bodily_injury_liability,personal_injury_protection,property_damage_liability,collision,comprehensive,region) values(12968,'2018-06-06T18:30:00.000Z',1023,'Petrol','B',1730,false,false,true,false,false,'South');
insert into customer(id,gender,income_group_id,marital_status) values(1024,'MALE',3,true);
insert into customer_policy(id,date_of_purchase,customer_id,fuel,vehicle_segment,premium,bodily_injury_liability,personal_injury_protection,property_damage_liability,collision,comprehensive,region) values(12969,'2018-05-31T18:30:00.000Z',1024,'Petrol','B',2164,true,true,true,true,true,'South');
insert into customer(id,gender,income_group_id,marital_status) values(1025,'MALE',3,false);
insert into customer_policy(id,date_of_purchase,customer_id,fuel,vehicle_segment,premium,bodily_injury_liability,personal_injury_protection,property_damage_liability,collision,comprehensive,region) values(12970,'2018-06-22T18:30:00.000Z',1025,'Petrol','B',1791,false,false,true,false,true,'South');
insert into customer(id,gender,income_group_id,marital_status) values(1026,'MALE',3,true);
insert into customer_policy(id,date_of_purchase,customer_id,fuel,vehicle_segment,premium,bodily_injury_liability,personal_injury_protection,property_damage_liability,collision,comprehensive,region) values(12971,'2018-06-17T18:30:00.000Z',1026,'Petrol','B',759,true,true,true,false,false,'South');
insert into customer(id,gender,income_group_id,marital_status) values(1027,'MALE',3,false);
insert into customer_policy(id,date_of_purchase,customer_id,fuel,vehicle_segment,premium,bodily_injury_liability,personal_injury_protection,property_damage_liability,collision,comprehensive,region) values(12972,'2018-06-13T18:30:00.000Z',1027,'Petrol','B',1199,true,false,false,true,false,'South');
insert into customer(id,gender,income_group_id,marital_status) values(1028,'MALE',3,true);
insert into customer_policy(id,date_of_purchase,customer_id,fuel,vehicle_segment,premium,bodily_injury_liability,personal_injury_protection,property_damage_liability,collision,comprehensive,region) values(12973,'2018-06-27T18:30:00.000Z',1028,'Petrol','B',1214,true,true,true,true,true,'South');
insert into customer(id,gender,income_group_id,marital_status) values(1029,'MALE',3,true);
insert into customer_policy(id,date_of_purchase,customer_id,fuel,vehicle_segment,premium,bodily_injury_liability,personal_injury_protection,property_damage_liability,collision,comprehensive,region) values(12974,'2018-06-12T18:30:00.000Z',1029,'Petrol','B',2104,true,false,true,false,true,'South');
insert into customer(id,gender,income_group_id,marital_status) values(1030,'MALE',3,true);
insert into customer_policy(id,date_of_purchase,customer_id,fuel,vehicle_segment,premium,bodily_injury_liability,personal_injury_protection,property_damage_liability,collision,comprehensive,region) values(12975,'2018-06-08T18:30:00.000Z',1030,'Petrol','B',538,true,false,true,false,true,'South');
insert into customer(id,gender,income_group_id,marital_status) values(1031,'MALE',3,false);
insert into customer_policy(id,date_of_purchase,customer_id,fuel,vehicle_segment,premium,bodily_injury_liability,personal_injury_protection,property_damage_liability,collision,comprehensive,region) values(12976,'2018-06-26T18:30:00.000Z',1031,'Petrol','B',1951,false,false,true,false,false,'South');
insert into customer(id,gender,income_group_id,marital_status) values(1032,'MALE',3,false);
insert into customer_policy(id,date_of_purchase,customer_id,fuel,vehicle_segment,premium,bodily_injury_liability,personal_injury_protection,property_damage_liability,collision,comprehensive,region) values(12977,'2018-06-17T18:30:00.000Z',1032,'Petrol','B',804,false,true,true,false,true,'South');
insert into customer(id,gender,income_group_id,marital_status) values(1033,'MALE',3,false);
insert into customer_policy(id,date_of_purchase,customer_id,fuel,vehicle_segment,premium,bodily_injury_liability,personal_injury_protection,property_damage_liability,collision,comprehensive,region) values(12978,'2018-06-07T18:30:00.000Z',1033,'Petrol','B',1778,true,false,true,false,false,'South');
insert into customer(id,gender,income_group_id,marital_status) values(1034,'MALE',3,false);
insert into customer_policy(id,date_of_purchase,customer_id,fuel,vehicle_segment,premium,bodily_injury_liability,personal_injury_protection,property_damage_liability,collision,comprehensive,region) values(12979,'2018-06-21T18:30:00.000Z',1034,'Petrol','B',1368,false,false,false,false,true,'South');
insert into customer(id,gender,income_group_id,marital_status) values(1035,'MALE',3,false);
insert into customer_policy(id,date_of_purchase,customer_id,fuel,vehicle_segment,premium,bodily_injury_liability,personal_injury_protection,property_damage_liability,collision,comprehensive,region) values(12980,'2018-06-20T18:30:00.000Z',1035,'Petrol','B',1744,false,true,true,true,true,'South');
insert into customer(id,gender,income_group_id,marital_status) values(1036,'MALE',3,true);
insert into customer_policy(id,date_of_purchase,customer_id,fuel,vehicle_segment,premium,bodily_injury_liability,personal_injury_protection,property_damage_liability,collision,comprehensive,region) values(12981,'2018-06-09T18:30:00.000Z',1036,'Petrol','B',844,true,false,false,false,true,'South');
insert into customer(id,gender,income_group_id,marital_status) values(1037,'MALE',3,true);
insert into customer_policy(id,date_of_purchase,customer_id,fuel,vehicle_segment,premium,bodily_injury_liability,personal_injury_protection,property_damage_liability,collision,comprehensive,region) values(12982,'2018-06-11T18:30:00.000Z',1037,'Petrol','B',1769,true,true,true,true,true,'South');
insert into customer(id,gender,income_group_id,marital_status) values(1038,'MALE',3,false);
insert into customer_policy(id,date_of_purchase,customer_id,fuel,vehicle_segment,premium,bodily_injury_liability,personal_injury_protection,property_damage_liability,collision,comprehensive,region) values(12983,'2018-06-01T18:30:00.000Z',1038,'Petrol','B',873,true,true,true,true,false,'South');
insert into customer(id,gender,income_group_id,marital_status) values(1039,'MALE',3,true);
insert into customer_policy(id,date_of_purchase,customer_id,fuel,vehicle_segment,premium,bodily_injury_liability,personal_injury_protection,property_damage_liability,collision,comprehensive,region) values(12984,'2018-06-06T18:30:00.000Z',1039,'Petrol','B',2088,true,true,false,false,true,'South');
insert into customer(id,gender,income_group_id,marital_status) values(1040,'MALE',3,true);
insert into customer_policy(id,date_of_purchase,customer_id,fuel,vehicle_segment,premium,bodily_injury_liability,personal_injury_protection,property_damage_liability,collision,comprehensive,region) values(12985,'2018-06-03T18:30:00.000Z',1040,'Petrol','B',520,false,true,false,true,false,'South');
insert into customer(id,gender,income_group_id,marital_status) values(1041,'MALE',3,true);
insert into customer_policy(id,date_of_purchase,customer_id,fuel,vehicle_segment,premium,bodily_injury_liability,personal_injury_protection,property_damage_liability,collision,comprehensive,region) values(12986,'2018-06-11T18:30:00.000Z',1041,'Petrol','B',1642,true,true,false,true,true,'South');
insert into customer(id,gender,income_group_id,marital_status) values(1042,'MALE',3,false);
insert into customer_policy(id,date_of_purchase,customer_id,fuel,vehicle_segment,premium,bodily_injury_liability,personal_injury_protection,property_damage_liability,collision,comprehensive,region) values(12987,'2018-06-25T18:30:00.000Z',1042,'Petrol','B',1261,true,true,true,false,true,'South');
insert into customer(id,gender,income_group_id,marital_status) values(1043,'MALE',2,true);
insert into customer_policy(id,date_of_purchase,customer_id,fuel,vehicle_segment,premium,bodily_injury_liability,personal_injury_protection,property_damage_liability,collision,comprehensive,region) values(12988,'2018-06-23T18:30:00.000Z',1043,'Petrol','B',2266,false,false,true,true,false,'South');
insert into customer(id,gender,income_group_id,marital_status) values(1044,'MALE',2,false);
insert into customer_policy(id,date_of_purchase,customer_id,fuel,vehicle_segment,premium,bodily_injury_liability,personal_injury_protection,property_damage_liability,collision,comprehensive,region) values(12989,'2018-06-26T18:30:00.000Z',1044,'Petrol','B',2302,false,false,true,true,true,'South');
insert into customer(id,gender,income_group_id,marital_status) values(1045,'MALE',2,false);
insert into customer_policy(id,date_of_purchase,customer_id,fuel,vehicle_segment,premium,bodily_injury_liability,personal_injury_protection,property_damage_liability,collision,comprehensive,region) values(12990,'2018-06-06T18:30:00.000Z',1045,'Petrol','B',2191,false,true,true,false,true,'South');
insert into customer(id,gender,income_group_id,marital_status) values(1046,'MALE',2,true);
insert into customer_policy(id,date_of_purchase,customer_id,fuel,vehicle_segment,premium,bodily_injury_liability,personal_injury_protection,property_damage_liability,collision,comprehensive,region) values(12991,'2018-06-28T18:30:00.000Z',1046,'Petrol','B',620,true,false,false,true,false,'South');
insert into customer(id,gender,income_group_id,marital_status) values(1047,'MALE',2,true);
insert into customer_policy(id,date_of_purchase,customer_id,fuel,vehicle_segment,premium,bodily_injury_liability,personal_injury_protection,property_damage_liability,collision,comprehensive,region) values(12992,'2018-06-09T18:30:00.000Z',1047,'Petrol','B',874,true,true,true,false,true,'South');
insert into customer(id,gender,income_group_id,marital_status) values(1048,'MALE',2,true);
insert into customer_policy(id,date_of_purchase,customer_id,fuel,vehicle_segment,premium,bodily_injury_liability,personal_injury_protection,property_damage_liability,collision,comprehensive,region) values(12993,'2018-06-17T18:30:00.000Z',1048,'Petrol','B',1217,true,false,true,false,true,'South');
insert into customer(id,gender,income_group_id,marital_status) values(1049,'MALE',2,false);
insert into customer_policy(id,date_of_purchase,customer_id,fuel,vehicle_segment,premium,bodily_injury_liability,personal_injury_protection,property_damage_liability,collision,comprehensive,region) values(12994,'2018-06-13T18:30:00.000Z',1049,'Petrol','B',586,false,true,false,true,false,'South');
insert into customer(id,gender,income_group_id,marital_status) values(1050,'MALE',2,false);
insert into customer_policy(id,date_of_purchase,customer_id,fuel,vehicle_segment,premium,bodily_injury_liability,personal_injury_protection,property_damage_liability,collision,comprehensive,region) values(12995,'2018-06-18T18:30:00.000Z',1050,'Petrol','B',972,false,true,true,false,true,'South');
insert into customer(id,gender,income_group_id,marital_status) values(1051,'MALE',2,false);
insert into customer_policy(id,date_of_purchase,customer_id,fuel,vehicle_segment,premium,bodily_injury_liability,personal_injury_protection,property_damage_liability,collision,comprehensive,region) values(12996,'2018-06-16T18:30:00.000Z',1051,'Petrol','B',958,true,true,false,true,false,'South');
insert into customer(id,gender,income_group_id,marital_status) values(1052,'MALE',2,true);
insert into customer_policy(id,date_of_purchase,customer_id,fuel,vehicle_segment,premium,bodily_injury_liability,personal_injury_protection,property_damage_liability,collision,comprehensive,region) values(12997,'2018-06-15T18:30:00.000Z',1052,'Petrol','B',1971,true,true,false,true,false,'South');
insert into customer(id,gender,income_group_id,marital_status) values(1053,'MALE',2,false);
insert into customer_policy(id,date_of_purchase,customer_id,fuel,vehicle_segment,premium,bodily_injury_liability,personal_injury_protection,property_damage_liability,collision,comprehensive,region) values(12998,'2018-06-03T18:30:00.000Z',1053,'Petrol','B',1225,true,true,true,false,false,'South');
insert into customer(id,gender,income_group_id,marital_status) values(1054,'MALE',2,true);
insert into customer_policy(id,date_of_purchase,customer_id,fuel,vehicle_segment,premium,bodily_injury_liability,personal_injury_protection,property_damage_liability,collision,comprehensive,region) values(12999,'2018-06-24T18:30:00.000Z',1054,'Petrol','B',1789,false,true,true,false,true,'South');
insert into customer(id,gender,income_group_id,marital_status) values(1055,'MALE',2,true);
insert into customer_policy(id,date_of_purchase,customer_id,fuel,vehicle_segment,premium,bodily_injury_liability,personal_injury_protection,property_damage_liability,collision,comprehensive,region) values(13000,'2018-06-28T18:30:00.000Z',1055,'Petrol','B',523,false,true,false,true,true,'South');
insert into customer(id,gender,income_group_id,marital_status) values(1056,'MALE',2,true);
insert into customer_policy(id,date_of_purchase,customer_id,fuel,vehicle_segment,premium,bodily_injury_liability,personal_injury_protection,property_damage_liability,collision,comprehensive,region) values(13001,'2018-06-22T18:30:00.000Z',1056,'Petrol','B',1548,true,true,true,true,true,'South');
insert into customer(id,gender,income_group_id,marital_status) values(1057,'MALE',2,false);
insert into customer_policy(id,date_of_purchase,customer_id,fuel,vehicle_segment,premium,bodily_injury_liability,personal_injury_protection,property_damage_liability,collision,comprehensive,region) values(13002,'2018-06-05T18:30:00.000Z',1057,'Petrol','B',1524,false,false,true,false,false,'South');
insert into customer(id,gender,income_group_id,marital_status) values(1058,'MALE',2,true);
insert into customer_policy(id,date_of_purchase,customer_id,fuel,vehicle_segment,premium,bodily_injury_liability,personal_injury_protection,property_damage_liability,collision,comprehensive,region) values(13003,'2018-06-17T18:30:00.000Z',1058,'Petrol','B',752,true,false,true,false,true,'South');
insert into customer(id,gender,income_group_id,marital_status) values(1059,'MALE',2,false);
insert into customer_policy(id,date_of_purchase,customer_id,fuel,vehicle_segment,premium,bodily_injury_liability,personal_injury_protection,property_damage_liability,collision,comprehensive,region) values(13004,'2018-06-06T18:30:00.000Z',1059,'Petrol','B',1787,false,true,true,false,false,'South');
insert into customer(id,gender,income_group_id,marital_status) values(1060,'MALE',2,true);
insert into customer_policy(id,date_of_purchase,customer_id,fuel,vehicle_segment,premium,bodily_injury_liability,personal_injury_protection,property_damage_liability,collision,comprehensive,region) values(13005,'2018-06-01T18:30:00.000Z',1060,'Petrol','B',1416,true,false,false,true,true,'South');
insert into customer(id,gender,income_group_id,marital_status) values(1061,'MALE',2,true);
insert into customer_policy(id,date_of_purchase,customer_id,fuel,vehicle_segment,premium,bodily_injury_liability,personal_injury_protection,property_damage_liability,collision,comprehensive,region) values(13006,'2018-06-15T18:30:00.000Z',1061,'Petrol','B',1685,true,false,false,true,true,'South');
insert into customer(id,gender,income_group_id,marital_status) values(1062,'MALE',2,false);
insert into customer_policy(id,date_of_purchase,customer_id,fuel,vehicle_segment,premium,bodily_injury_liability,personal_injury_protection,property_damage_liability,collision,comprehensive,region) values(13007,'2018-06-14T18:30:00.000Z',1062,'Petrol','B',920,false,false,false,false,false,'South');
insert into customer(id,gender,income_group_id,marital_status) values(1063,'MALE',2,true);
insert into customer_policy(id,date_of_purchase,customer_id,fuel,vehicle_segment,premium,bodily_injury_liability,personal_injury_protection,property_damage_liability,collision,comprehensive,region) values(13008,'2018-06-23T18:30:00.000Z',1063,'Petrol','B',1976,true,true,true,false,true,'South');
insert into customer(id,gender,income_group_id,marital_status) values(1064,'MALE',2,true);
insert into customer_policy(id,date_of_purchase,customer_id,fuel,vehicle_segment,premium,bodily_injury_liability,personal_injury_protection,property_damage_liability,collision,comprehensive,region) values(13009,'2018-06-10T18:30:00.000Z',1064,'Petrol','B',2353,true,true,true,true,false,'South');
insert into customer(id,gender,income_group_id,marital_status) values(1065,'MALE',2,false);
insert into customer_policy(id,date_of_purchase,customer_id,fuel,vehicle_segment,premium,bodily_injury_liability,personal_injury_protection,property_damage_liability,collision,comprehensive,region) values(13010,'2018-06-18T18:30:00.000Z',1065,'Petrol','B',1045,true,false,true,true,false,'South');
insert into customer(id,gender,income_group_id,marital_status) values(1066,'MALE',2,false);
insert into customer_policy(id,date_of_purchase,customer_id,fuel,vehicle_segment,premium,bodily_injury_liability,personal_injury_protection,property_damage_liability,collision,comprehensive,region) values(13011,'2018-06-13T18:30:00.000Z',1066,'Petrol','B',1998,true,false,true,false,false,'South');
insert into customer(id,gender,income_group_id,marital_status) values(1067,'MALE',2,false);
insert into customer_policy(id,date_of_purchase,customer_id,fuel,vehicle_segment,premium,bodily_injury_liability,personal_injury_protection,property_damage_liability,collision,comprehensive,region) values(13012,'2018-06-02T18:30:00.000Z',1067,'Petrol','B',593,false,false,true,false,true,'South');
insert into customer(id,gender,income_group_id,marital_status) values(1068,'MALE',2,false);
insert into customer_policy(id,date_of_purchase,customer_id,fuel,vehicle_segment,premium,bodily_injury_liability,personal_injury_protection,property_damage_liability,collision,comprehensive,region) values(13013,'2018-06-05T18:30:00.000Z',1068,'Petrol','B',1994,true,true,false,true,false,'South');
insert into customer(id,gender,income_group_id,marital_status) values(1069,'MALE',2,false);
insert into customer_policy(id,date_of_purchase,customer_id,fuel,vehicle_segment,premium,bodily_injury_liability,personal_injury_protection,property_damage_liability,collision,comprehensive,region) values(13014,'2018-06-12T18:30:00.000Z',1069,'Petrol','B',1595,false,false,false,false,true,'South');
insert into customer(id,gender,income_group_id,marital_status) values(1070,'MALE',2,false);
insert into customer_policy(id,date_of_purchase,customer_id,fuel,vehicle_segment,premium,bodily_injury_liability,personal_injury_protection,property_damage_liability,collision,comprehensive,region) values(13015,'2018-06-21T18:30:00.000Z',1070,'Petrol','B',2181,false,true,false,true,false,'South');
insert into customer(id,gender,income_group_id,marital_status) values(1071,'MALE',2,false);
insert into customer_policy(id,date_of_purchase,customer_id,fuel,vehicle_segment,premium,bodily_injury_liability,personal_injury_protection,property_damage_liability,collision,comprehensive,region) values(13016,'2018-06-15T18:30:00.000Z',1071,'Petrol','B',2403,false,false,true,true,false,'South');
insert into customer(id,gender,income_group_id,marital_status) values(1072,'MALE',2,false);
insert into customer_policy(id,date_of_purchase,customer_id,fuel,vehicle_segment,premium,bodily_injury_liability,personal_injury_protection,property_damage_liability,collision,comprehensive,region) values(13017,'2018-06-07T18:30:00.000Z',1072,'Petrol','B',1918,true,false,false,true,false,'South');
insert into customer(id,gender,income_group_id,marital_status) values(1073,'MALE',2,false);
insert into customer_policy(id,date_of_purchase,customer_id,fuel,vehicle_segment,premium,bodily_injury_liability,personal_injury_protection,property_damage_liability,collision,comprehensive,region) values(13018,'2018-06-10T18:30:00.000Z',1073,'Petrol','B',1651,false,true,true,false,true,'South');
insert into customer(id,gender,income_group_id,marital_status) values(1074,'MALE',2,true);
insert into customer_policy(id,date_of_purchase,customer_id,fuel,vehicle_segment,premium,bodily_injury_liability,personal_injury_protection,property_damage_liability,collision,comprehensive,region) values(13019,'2018-06-27T18:30:00.000Z',1074,'Petrol','B',541,true,true,true,false,false,'South');
insert into customer(id,gender,income_group_id,marital_status) values(1075,'MALE',2,true);
insert into customer_policy(id,date_of_purchase,customer_id,fuel,vehicle_segment,premium,bodily_injury_liability,personal_injury_protection,property_damage_liability,collision,comprehensive,region) values(13020,'2018-06-29T18:30:00.000Z',1075,'Petrol','B',1164,true,true,false,false,false,'South');
insert into customer(id,gender,income_group_id,marital_status) values(1076,'MALE',2,true);
insert into customer_policy(id,date_of_purchase,customer_id,fuel,vehicle_segment,premium,bodily_injury_liability,personal_injury_protection,property_damage_liability,collision,comprehensive,region) values(13021,'2018-06-15T18:30:00.000Z',1076,'Petrol','B',2289,false,true,false,false,false,'South');
insert into customer(id,gender,income_group_id,marital_status) values(1077,'MALE',2,true);
insert into customer_policy(id,date_of_purchase,customer_id,fuel,vehicle_segment,premium,bodily_injury_liability,personal_injury_protection,property_damage_liability,collision,comprehensive,region) values(13022,'2018-06-10T18:30:00.000Z',1077,'Petrol','B',1519,false,true,true,false,true,'South');
insert into customer(id,gender,income_group_id,marital_status) values(1078,'MALE',2,false);
insert into customer_policy(id,date_of_purchase,customer_id,fuel,vehicle_segment,premium,bodily_injury_liability,personal_injury_protection,property_damage_liability,collision,comprehensive,region) values(13023,'2018-06-04T18:30:00.000Z',1078,'Petrol','B',1840,true,false,true,true,true,'South');
insert into customer(id,gender,income_group_id,marital_status) values(1079,'MALE',2,true);
insert into customer_policy(id,date_of_purchase,customer_id,fuel,vehicle_segment,premium,bodily_injury_liability,personal_injury_protection,property_damage_liability,collision,comprehensive,region) values(13024,'2018-06-19T18:30:00.000Z',1079,'Petrol','B',1798,false,false,false,false,true,'South');
insert into customer(id,gender,income_group_id,marital_status) values(1080,'MALE',2,false);
insert into customer_policy(id,date_of_purchase,customer_id,fuel,vehicle_segment,premium,bodily_injury_liability,personal_injury_protection,property_damage_liability,collision,comprehensive,region) values(13025,'2018-06-14T18:30:00.000Z',1080,'Petrol','B',933,false,false,true,true,false,'South');
insert into customer(id,gender,income_group_id,marital_status) values(1081,'MALE',2,true);
insert into customer_policy(id,date_of_purchase,customer_id,fuel,vehicle_segment,premium,bodily_injury_liability,personal_injury_protection,property_damage_liability,collision,comprehensive,region) values(13026,'2018-06-26T18:30:00.000Z',1081,'Petrol','B',2291,false,false,false,true,true,'South');
insert into customer(id,gender,income_group_id,marital_status) values(1082,'MALE',2,false);
insert into customer_policy(id,date_of_purchase,customer_id,fuel,vehicle_segment,premium,bodily_injury_liability,personal_injury_protection,property_damage_liability,collision,comprehensive,region) values(13027,'2018-06-27T18:30:00.000Z',1082,'Petrol','B',648,true,false,false,true,false,'South');
insert into customer(id,gender,income_group_id,marital_status) values(1083,'MALE',2,false);
insert into customer_policy(id,date_of_purchase,customer_id,fuel,vehicle_segment,premium,bodily_injury_liability,personal_injury_protection,property_damage_liability,collision,comprehensive,region) values(13028,'2018-06-25T18:30:00.000Z',1083,'Petrol','B',1933,true,false,true,false,false,'South');
insert into customer(id,gender,income_group_id,marital_status) values(1084,'MALE',2,false);
insert into customer_policy(id,date_of_purchase,customer_id,fuel,vehicle_segment,premium,bodily_injury_liability,personal_injury_protection,property_damage_liability,collision,comprehensive,region) values(13029,'2018-06-28T18:30:00.000Z',1084,'Petrol','B',911,false,false,false,false,false,'South');
insert into customer(id,gender,income_group_id,marital_status) values(1085,'MALE',2,false);
insert into customer_policy(id,date_of_purchase,customer_id,fuel,vehicle_segment,premium,bodily_injury_liability,personal_injury_protection,property_damage_liability,collision,comprehensive,region) values(13030,'2018-06-09T18:30:00.000Z',1085,'Petrol','B',2299,true,false,true,true,true,'South');
insert into customer(id,gender,income_group_id,marital_status) values(1086,'MALE',2,false);
insert into customer_policy(id,date_of_purchase,customer_id,fuel,vehicle_segment,premium,bodily_injury_liability,personal_injury_protection,property_damage_liability,collision,comprehensive,region) values(13031,'2018-06-26T18:30:00.000Z',1086,'Petrol','B',620,false,true,true,false,false,'South');
insert into customer(id,gender,income_group_id,marital_status) values(1087,'MALE',2,false);
insert into customer_policy(id,date_of_purchase,customer_id,fuel,vehicle_segment,premium,bodily_injury_liability,personal_injury_protection,property_damage_liability,collision,comprehensive,region) values(13032,'2018-06-26T18:30:00.000Z',1087,'Petrol','B',2418,false,true,false,true,false,'South');
insert into customer(id,gender,income_group_id,marital_status) values(1088,'MALE',2,false);
insert into customer_policy(id,date_of_purchase,customer_id,fuel,vehicle_segment,premium,bodily_injury_liability,personal_injury_protection,property_damage_liability,collision,comprehensive,region) values(13033,'2018-06-17T18:30:00.000Z',1088,'Petrol','B',1785,true,false,false,false,false,'South');
insert into customer(id,gender,income_group_id,marital_status) values(1089,'MALE',2,true);
insert into customer_policy(id,date_of_purchase,customer_id,fuel,vehicle_segment,premium,bodily_injury_liability,personal_injury_protection,property_damage_liability,collision,comprehensive,region) values(13034,'2018-06-03T18:30:00.000Z',1089,'Petrol','B',2139,true,true,true,false,false,'South');
insert into customer(id,gender,income_group_id,marital_status) values(1090,'MALE',2,false);
insert into customer_policy(id,date_of_purchase,customer_id,fuel,vehicle_segment,premium,bodily_injury_liability,personal_injury_protection,property_damage_liability,collision,comprehensive,region) values(13035,'2018-06-22T18:30:00.000Z',1090,'Petrol','B',2023,false,true,true,true,true,'South');
insert into customer(id,gender,income_group_id,marital_status) values(1091,'MALE',2,false);
insert into customer_policy(id,date_of_purchase,customer_id,fuel,vehicle_segment,premium,bodily_injury_liability,personal_injury_protection,property_damage_liability,collision,comprehensive,region) values(13036,'2018-06-05T18:30:00.000Z',1091,'Petrol','B',2099,false,false,false,false,true,'South');
insert into customer(id,gender,income_group_id,marital_status) values(1092,'MALE',2,false);
insert into customer_policy(id,date_of_purchase,customer_id,fuel,vehicle_segment,premium,bodily_injury_liability,personal_injury_protection,property_damage_liability,collision,comprehensive,region) values(13037,'2018-06-18T18:30:00.000Z',1092,'Petrol','B',1559,true,false,false,true,false,'South');
insert into customer(id,gender,income_group_id,marital_status) values(1093,'MALE',2,true);
insert into customer_policy(id,date_of_purchase,customer_id,fuel,vehicle_segment,premium,bodily_injury_liability,personal_injury_protection,property_damage_liability,collision,comprehensive,region) values(13038,'2018-06-10T18:30:00.000Z',1093,'Petrol','B',1277,false,false,false,true,true,'South');
insert into customer(id,gender,income_group_id,marital_status) values(1094,'MALE',2,true);
insert into customer_policy(id,date_of_purchase,customer_id,fuel,vehicle_segment,premium,bodily_injury_liability,personal_injury_protection,property_damage_liability,collision,comprehensive,region) values(13039,'2018-06-28T18:30:00.000Z',1094,'Petrol','B',2487,true,true,false,false,true,'South');
insert into customer(id,gender,income_group_id,marital_status) values(1095,'MALE',2,false);
insert into customer_policy(id,date_of_purchase,customer_id,fuel,vehicle_segment,premium,bodily_injury_liability,personal_injury_protection,property_damage_liability,collision,comprehensive,region) values(13040,'2018-06-01T18:30:00.000Z',1095,'Petrol','B',1717,false,false,false,true,true,'South');
insert into customer(id,gender,income_group_id,marital_status) values(1096,'MALE',2,true);
insert into customer_policy(id,date_of_purchase,customer_id,fuel,vehicle_segment,premium,bodily_injury_liability,personal_injury_protection,property_damage_liability,collision,comprehensive,region) values(13041,'2018-06-13T18:30:00.000Z',1096,'Petrol','B',2342,true,true,false,false,false,'South');
insert into customer(id,gender,income_group_id,marital_status) values(1097,'MALE',2,true);
insert into customer_policy(id,date_of_purchase,customer_id,fuel,vehicle_segment,premium,bodily_injury_liability,personal_injury_protection,property_damage_liability,collision,comprehensive,region) values(13042,'2018-05-31T18:30:00.000Z',1097,'Petrol','B',717,false,true,true,true,false,'South');
insert into customer(id,gender,income_group_id,marital_status) values(1098,'MALE',2,false);
insert into customer_policy(id,date_of_purchase,customer_id,fuel,vehicle_segment,premium,bodily_injury_liability,personal_injury_protection,property_damage_liability,collision,comprehensive,region) values(13043,'2018-06-15T18:30:00.000Z',1098,'Petrol','B',1533,false,false,false,true,false,'South');
insert into customer(id,gender,income_group_id,marital_status) values(1099,'MALE',2,true);
insert into customer_policy(id,date_of_purchase,customer_id,fuel,vehicle_segment,premium,bodily_injury_liability,personal_injury_protection,property_damage_liability,collision,comprehensive,region) values(13044,'2018-06-22T18:30:00.000Z',1099,'Petrol','B',751,true,false,true,false,false,'South');
insert into customer(id,gender,income_group_id,marital_status) values(1100,'MALE',2,true);
insert into customer_policy(id,date_of_purchase,customer_id,fuel,vehicle_segment,premium,bodily_injury_liability,personal_injury_protection,property_damage_liability,collision,comprehensive,region) values(13045,'2018-07-28T18:30:00.000Z',1100,'Petrol','B',2277,true,false,false,false,true,'South');
insert into customer(id,gender,income_group_id,marital_status) values(1101,'MALE',2,false);
insert into customer_policy(id,date_of_purchase,customer_id,fuel,vehicle_segment,premium,bodily_injury_liability,personal_injury_protection,property_damage_liability,collision,comprehensive,region) values(13046,'2018-07-05T18:30:00.000Z',1101,'Petrol','B',2205,false,false,false,false,true,'South');
insert into customer(id,gender,income_group_id,marital_status) values(1102,'MALE',2,false);
insert into customer_policy(id,date_of_purchase,customer_id,fuel,vehicle_segment,premium,bodily_injury_liability,personal_injury_protection,property_damage_liability,collision,comprehensive,region) values(13047,'2018-07-04T18:30:00.000Z',1102,'Petrol','B',1095,true,false,false,false,true,'South');
insert into customer(id,gender,income_group_id,marital_status) values(1103,'MALE',2,true);
insert into customer_policy(id,date_of_purchase,customer_id,fuel,vehicle_segment,premium,bodily_injury_liability,personal_injury_protection,property_damage_liability,collision,comprehensive,region) values(13048,'2018-07-22T18:30:00.000Z',1103,'Petrol','B',552,false,false,true,true,true,'South');
insert into customer(id,gender,income_group_id,marital_status) values(1104,'MALE',2,false);
insert into customer_policy(id,date_of_purchase,customer_id,fuel,vehicle_segment,premium,bodily_injury_liability,personal_injury_protection,property_damage_liability,collision,comprehensive,region) values(13049,'2018-07-23T18:30:00.000Z',1104,'Petrol','B',2489,true,false,true,false,false,'South');
insert into customer(id,gender,income_group_id,marital_status) values(1105,'MALE',2,false);
insert into customer_policy(id,date_of_purchase,customer_id,fuel,vehicle_segment,premium,bodily_injury_liability,personal_injury_protection,property_damage_liability,collision,comprehensive,region) values(13050,'2018-07-20T18:30:00.000Z',1105,'Petrol','B',2345,true,true,true,false,false,'South');
insert into customer(id,gender,income_group_id,marital_status) values(1106,'MALE',2,false);
insert into customer_policy(id,date_of_purchase,customer_id,fuel,vehicle_segment,premium,bodily_injury_liability,personal_injury_protection,property_damage_liability,collision,comprehensive,region) values(13051,'2018-07-04T18:30:00.000Z',1106,'Petrol','B',1712,false,false,true,false,false,'South');
insert into customer(id,gender,income_group_id,marital_status) values(1107,'MALE',2,true);
insert into customer_policy(id,date_of_purchase,customer_id,fuel,vehicle_segment,premium,bodily_injury_liability,personal_injury_protection,property_damage_liability,collision,comprehensive,region) values(13052,'2018-07-22T18:30:00.000Z',1107,'Petrol','B',2326,true,false,true,true,true,'South');
insert into customer(id,gender,income_group_id,marital_status) values(1108,'MALE',2,true);
insert into customer_policy(id,date_of_purchase,customer_id,fuel,vehicle_segment,premium,bodily_injury_liability,personal_injury_protection,property_damage_liability,collision,comprehensive,region) values(13053,'2018-07-05T18:30:00.000Z',1108,'Petrol','B',505,false,false,false,true,true,'South');
insert into customer(id,gender,income_group_id,marital_status) values(1109,'MALE',2,true);
insert into customer_policy(id,date_of_purchase,customer_id,fuel,vehicle_segment,premium,bodily_injury_liability,personal_injury_protection,property_damage_liability,collision,comprehensive,region) values(13054,'2018-07-22T18:30:00.000Z',1109,'Petrol','B',882,false,false,false,false,true,'South');
insert into customer(id,gender,income_group_id,marital_status) values(1110,'MALE',2,false);
insert into customer_policy(id,date_of_purchase,customer_id,fuel,vehicle_segment,premium,bodily_injury_liability,personal_injury_protection,property_damage_liability,collision,comprehensive,region) values(13055,'2018-07-17T18:30:00.000Z',1110,'Petrol','B',837,true,false,false,true,false,'South');
insert into customer(id,gender,income_group_id,marital_status) values(1111,'MALE',2,false);
insert into customer_policy(id,date_of_purchase,customer_id,fuel,vehicle_segment,premium,bodily_injury_liability,personal_injury_protection,property_damage_liability,collision,comprehensive,region) values(13056,'2018-07-02T18:30:00.000Z',1111,'Petrol','B',2418,false,true,true,false,true,'South');
insert into customer(id,gender,income_group_id,marital_status) values(1112,'MALE',2,true);
insert into customer_policy(id,date_of_purchase,customer_id,fuel,vehicle_segment,premium,bodily_injury_liability,personal_injury_protection,property_damage_liability,collision,comprehensive,region) values(13057,'2018-07-23T18:30:00.000Z',1112,'Petrol','B',625,false,true,true,true,false,'South');
insert into customer(id,gender,income_group_id,marital_status) values(1113,'MALE',2,false);
insert into customer_policy(id,date_of_purchase,customer_id,fuel,vehicle_segment,premium,bodily_injury_liability,personal_injury_protection,property_damage_liability,collision,comprehensive,region) values(13058,'2018-07-19T18:30:00.000Z',1113,'Petrol','B',1643,true,true,false,true,false,'South');
insert into customer(id,gender,income_group_id,marital_status) values(1114,'MALE',2,false);
insert into customer_policy(id,date_of_purchase,customer_id,fuel,vehicle_segment,premium,bodily_injury_liability,personal_injury_protection,property_damage_liability,collision,comprehensive,region) values(13059,'2018-07-27T18:30:00.000Z',1114,'Petrol','B',1564,false,false,false,true,false,'South');
insert into customer(id,gender,income_group_id,marital_status) values(1115,'MALE',2,true);
insert into customer_policy(id,date_of_purchase,customer_id,fuel,vehicle_segment,premium,bodily_injury_liability,personal_injury_protection,property_damage_liability,collision,comprehensive,region) values(13060,'2018-07-12T18:30:00.000Z',1115,'Petrol','B',1642,false,false,false,true,true,'South');
insert into customer(id,gender,income_group_id,marital_status) values(1116,'MALE',2,true);
insert into customer_policy(id,date_of_purchase,customer_id,fuel,vehicle_segment,premium,bodily_injury_liability,personal_injury_protection,property_damage_liability,collision,comprehensive,region) values(13061,'2018-07-23T18:30:00.000Z',1116,'Petrol','B',1354,false,true,false,false,false,'South');
insert into customer(id,gender,income_group_id,marital_status) values(1117,'MALE',2,false);
insert into customer_policy(id,date_of_purchase,customer_id,fuel,vehicle_segment,premium,bodily_injury_liability,personal_injury_protection,property_damage_liability,collision,comprehensive,region) values(13062,'2018-07-12T18:30:00.000Z',1117,'Petrol','B',1614,true,true,false,false,true,'South');
insert into customer(id,gender,income_group_id,marital_status) values(1118,'MALE',2,false);
insert into customer_policy(id,date_of_purchase,customer_id,fuel,vehicle_segment,premium,bodily_injury_liability,personal_injury_protection,property_damage_liability,collision,comprehensive,region) values(13063,'2018-07-02T18:30:00.000Z',1118,'Petrol','B',1764,true,true,true,false,true,'South');
insert into customer(id,gender,income_group_id,marital_status) values(1119,'MALE',2,false);
insert into customer_policy(id,date_of_purchase,customer_id,fuel,vehicle_segment,premium,bodily_injury_liability,personal_injury_protection,property_damage_liability,collision,comprehensive,region) values(13064,'2018-07-17T18:30:00.000Z',1119,'Petrol','B',1848,true,true,true,false,true,'South');
insert into customer(id,gender,income_group_id,marital_status) values(1120,'MALE',2,false);
insert into customer_policy(id,date_of_purchase,customer_id,fuel,vehicle_segment,premium,bodily_injury_liability,personal_injury_protection,property_damage_liability,collision,comprehensive,region) values(13065,'2018-07-07T18:30:00.000Z',1120,'Petrol','B',953,true,true,false,true,true,'South');
insert into customer(id,gender,income_group_id,marital_status) values(1121,'MALE',2,false);
insert into customer_policy(id,date_of_purchase,customer_id,fuel,vehicle_segment,premium,bodily_injury_liability,personal_injury_protection,property_damage_liability,collision,comprehensive,region) values(13066,'2018-07-02T18:30:00.000Z',1121,'Petrol','B',2009,false,false,false,false,true,'South');
insert into customer(id,gender,income_group_id,marital_status) values(1122,'MALE',2,true);
insert into customer_policy(id,date_of_purchase,customer_id,fuel,vehicle_segment,premium,bodily_injury_liability,personal_injury_protection,property_damage_liability,collision,comprehensive,region) values(13067,'2018-07-25T18:30:00.000Z',1122,'Petrol','B',1726,false,true,false,true,true,'South');
insert into customer(id,gender,income_group_id,marital_status) values(1123,'MALE',2,false);
insert into customer_policy(id,date_of_purchase,customer_id,fuel,vehicle_segment,premium,bodily_injury_liability,personal_injury_protection,property_damage_liability,collision,comprehensive,region) values(13068,'2018-07-24T18:30:00.000Z',1123,'Petrol','B',741,true,true,true,false,true,'South');
insert into customer(id,gender,income_group_id,marital_status) values(1124,'MALE',2,false);
insert into customer_policy(id,date_of_purchase,customer_id,fuel,vehicle_segment,premium,bodily_injury_liability,personal_injury_protection,property_damage_liability,collision,comprehensive,region) values(13069,'2018-07-16T18:30:00.000Z',1124,'Petrol','B',2467,false,false,true,false,false,'South');
insert into customer(id,gender,income_group_id,marital_status) values(1125,'MALE',2,false);
insert into customer_policy(id,date_of_purchase,customer_id,fuel,vehicle_segment,premium,bodily_injury_liability,personal_injury_protection,property_damage_liability,collision,comprehensive,region) values(13070,'2018-07-14T18:30:00.000Z',1125,'Petrol','B',775,false,true,true,true,true,'South');
insert into customer(id,gender,income_group_id,marital_status) values(1126,'MALE',2,true);
insert into customer_policy(id,date_of_purchase,customer_id,fuel,vehicle_segment,premium,bodily_injury_liability,personal_injury_protection,property_damage_liability,collision,comprehensive,region) values(13071,'2018-07-18T18:30:00.000Z',1126,'Petrol','B',1545,true,false,false,true,false,'South');
insert into customer(id,gender,income_group_id,marital_status) values(1127,'MALE',2,true);
insert into customer_policy(id,date_of_purchase,customer_id,fuel,vehicle_segment,premium,bodily_injury_liability,personal_injury_protection,property_damage_liability,collision,comprehensive,region) values(13072,'2018-07-13T18:30:00.000Z',1127,'Petrol','B',631,true,false,false,true,true,'South');
insert into customer(id,gender,income_group_id,marital_status) values(1128,'MALE',2,false);
insert into customer_policy(id,date_of_purchase,customer_id,fuel,vehicle_segment,premium,bodily_injury_liability,personal_injury_protection,property_damage_liability,collision,comprehensive,region) values(13073,'2018-07-23T18:30:00.000Z',1128,'Petrol','B',2250,true,true,true,false,false,'East');
insert into customer(id,gender,income_group_id,marital_status) values(1129,'MALE',2,false);
insert into customer_policy(id,date_of_purchase,customer_id,fuel,vehicle_segment,premium,bodily_injury_liability,personal_injury_protection,property_damage_liability,collision,comprehensive,region) values(13074,'2018-07-06T18:30:00.000Z',1129,'Petrol','B',1741,false,false,false,true,false,'East');
insert into customer(id,gender,income_group_id,marital_status) values(1130,'MALE',2,false);
insert into customer_policy(id,date_of_purchase,customer_id,fuel,vehicle_segment,premium,bodily_injury_liability,personal_injury_protection,property_damage_liability,collision,comprehensive,region) values(13075,'2018-07-27T18:30:00.000Z',1130,'Petrol','B',1668,false,true,false,true,false,'East');
insert into customer(id,gender,income_group_id,marital_status) values(1131,'MALE',2,true);
insert into customer_policy(id,date_of_purchase,customer_id,fuel,vehicle_segment,premium,bodily_injury_liability,personal_injury_protection,property_damage_liability,collision,comprehensive,region) values(13076,'2018-07-19T18:30:00.000Z',1131,'Petrol','B',1303,true,true,true,false,true,'East');
insert into customer(id,gender,income_group_id,marital_status) values(1132,'MALE',2,false);
insert into customer_policy(id,date_of_purchase,customer_id,fuel,vehicle_segment,premium,bodily_injury_liability,personal_injury_protection,property_damage_liability,collision,comprehensive,region) values(13077,'2018-07-06T18:30:00.000Z',1132,'Petrol','B',691,true,false,true,true,false,'East');
insert into customer(id,gender,income_group_id,marital_status) values(1133,'MALE',2,true);
insert into customer_policy(id,date_of_purchase,customer_id,fuel,vehicle_segment,premium,bodily_injury_liability,personal_injury_protection,property_damage_liability,collision,comprehensive,region) values(13078,'2018-07-06T18:30:00.000Z',1133,'Petrol','B',1157,true,false,true,true,false,'East');
insert into customer(id,gender,income_group_id,marital_status) values(1134,'MALE',2,false);
insert into customer_policy(id,date_of_purchase,customer_id,fuel,vehicle_segment,premium,bodily_injury_liability,personal_injury_protection,property_damage_liability,collision,comprehensive,region) values(13079,'2018-07-13T18:30:00.000Z',1134,'Petrol','B',648,true,false,false,true,false,'East');
insert into customer(id,gender,income_group_id,marital_status) values(1135,'MALE',2,true);
insert into customer_policy(id,date_of_purchase,customer_id,fuel,vehicle_segment,premium,bodily_injury_liability,personal_injury_protection,property_damage_liability,collision,comprehensive,region) values(13080,'2018-07-04T18:30:00.000Z',1135,'Petrol','B',563,false,false,true,true,true,'East');
insert into customer(id,gender,income_group_id,marital_status) values(1136,'MALE',2,true);
insert into customer_policy(id,date_of_purchase,customer_id,fuel,vehicle_segment,premium,bodily_injury_liability,personal_injury_protection,property_damage_liability,collision,comprehensive,region) values(13081,'2018-07-01T18:30:00.000Z',1136,'Petrol','B',2040,true,true,true,false,true,'East');
insert into customer(id,gender,income_group_id,marital_status) values(1137,'MALE',2,true);
insert into customer_policy(id,date_of_purchase,customer_id,fuel,vehicle_segment,premium,bodily_injury_liability,personal_injury_protection,property_damage_liability,collision,comprehensive,region) values(13082,'2018-07-10T18:30:00.000Z',1137,'Petrol','B',1211,false,false,true,false,false,'East');
insert into customer(id,gender,income_group_id,marital_status) values(1138,'MALE',2,true);
insert into customer_policy(id,date_of_purchase,customer_id,fuel,vehicle_segment,premium,bodily_injury_liability,personal_injury_protection,property_damage_liability,collision,comprehensive,region) values(13083,'2018-07-13T18:30:00.000Z',1138,'Petrol','B',1666,false,true,true,true,false,'East');
insert into customer(id,gender,income_group_id,marital_status) values(1139,'MALE',2,false);
insert into customer_policy(id,date_of_purchase,customer_id,fuel,vehicle_segment,premium,bodily_injury_liability,personal_injury_protection,property_damage_liability,collision,comprehensive,region) values(13084,'2018-07-12T18:30:00.000Z',1139,'Petrol','B',1140,false,true,false,false,false,'East');
insert into customer(id,gender,income_group_id,marital_status) values(1140,'MALE',2,true);
insert into customer_policy(id,date_of_purchase,customer_id,fuel,vehicle_segment,premium,bodily_injury_liability,personal_injury_protection,property_damage_liability,collision,comprehensive,region) values(13085,'2018-07-21T18:30:00.000Z',1140,'Petrol','B',2108,false,false,false,false,true,'East');
insert into customer(id,gender,income_group_id,marital_status) values(1141,'MALE',2,true);
insert into customer_policy(id,date_of_purchase,customer_id,fuel,vehicle_segment,premium,bodily_injury_liability,personal_injury_protection,property_damage_liability,collision,comprehensive,region) values(13086,'2018-07-08T18:30:00.000Z',1141,'Petrol','B',1734,true,false,false,false,true,'East');
insert into customer(id,gender,income_group_id,marital_status) values(1142,'MALE',2,true);
insert into customer_policy(id,date_of_purchase,customer_id,fuel,vehicle_segment,premium,bodily_injury_liability,personal_injury_protection,property_damage_liability,collision,comprehensive,region) values(13087,'2018-07-09T18:30:00.000Z',1142,'Petrol','B',1281,false,false,false,false,false,'East');
insert into customer(id,gender,income_group_id,marital_status) values(1143,'MALE',2,true);
insert into customer_policy(id,date_of_purchase,customer_id,fuel,vehicle_segment,premium,bodily_injury_liability,personal_injury_protection,property_damage_liability,collision,comprehensive,region) values(13088,'2018-07-04T18:30:00.000Z',1143,'Petrol','B',1926,false,false,true,false,true,'East');
insert into customer(id,gender,income_group_id,marital_status) values(1144,'MALE',2,false);
insert into customer_policy(id,date_of_purchase,customer_id,fuel,vehicle_segment,premium,bodily_injury_liability,personal_injury_protection,property_damage_liability,collision,comprehensive,region) values(13089,'2018-07-27T18:30:00.000Z',1144,'Petrol','B',2095,true,false,false,true,false,'East');
insert into customer(id,gender,income_group_id,marital_status) values(1145,'MALE',2,true);
insert into customer_policy(id,date_of_purchase,customer_id,fuel,vehicle_segment,premium,bodily_injury_liability,personal_injury_protection,property_damage_liability,collision,comprehensive,region) values(13090,'2018-07-25T18:30:00.000Z',1145,'Petrol','B',2199,false,false,true,true,true,'East');
insert into customer(id,gender,income_group_id,marital_status) values(1146,'MALE',2,true);
insert into customer_policy(id,date_of_purchase,customer_id,fuel,vehicle_segment,premium,bodily_injury_liability,personal_injury_protection,property_damage_liability,collision,comprehensive,region) values(13091,'2018-07-15T18:30:00.000Z',1146,'Petrol','B',611,true,false,false,true,false,'East');
insert into customer(id,gender,income_group_id,marital_status) values(1147,'MALE',2,false);
insert into customer_policy(id,date_of_purchase,customer_id,fuel,vehicle_segment,premium,bodily_injury_liability,personal_injury_protection,property_damage_liability,collision,comprehensive,region) values(13092,'2018-07-01T18:30:00.000Z',1147,'Petrol','B',2117,true,true,true,true,true,'East');
insert into customer(id,gender,income_group_id,marital_status) values(1148,'MALE',2,true);
insert into customer_policy(id,date_of_purchase,customer_id,fuel,vehicle_segment,premium,bodily_injury_liability,personal_injury_protection,property_damage_liability,collision,comprehensive,region) values(13093,'2018-07-22T18:30:00.000Z',1148,'Petrol','B',1427,false,false,false,true,true,'East');
insert into customer(id,gender,income_group_id,marital_status) values(1149,'MALE',2,true);
insert into customer_policy(id,date_of_purchase,customer_id,fuel,vehicle_segment,premium,bodily_injury_liability,personal_injury_protection,property_damage_liability,collision,comprehensive,region) values(13094,'2018-07-12T18:30:00.000Z',1149,'Petrol','B',2141,false,true,true,true,true,'East');
insert into customer(id,gender,income_group_id,marital_status) values(1150,'MALE',2,false);
insert into customer_policy(id,date_of_purchase,customer_id,fuel,vehicle_segment,premium,bodily_injury_liability,personal_injury_protection,property_damage_liability,collision,comprehensive,region) values(13095,'2018-07-18T18:30:00.000Z',1150,'Petrol','B',1286,true,true,true,true,true,'East');
insert into customer(id,gender,income_group_id,marital_status) values(1151,'MALE',2,true);
insert into customer_policy(id,date_of_purchase,customer_id,fuel,vehicle_segment,premium,bodily_injury_liability,personal_injury_protection,property_damage_liability,collision,comprehensive,region) values(13096,'2018-07-25T18:30:00.000Z',1151,'Petrol','B',521,true,true,true,false,false,'East');
insert into customer(id,gender,income_group_id,marital_status) values(1152,'MALE',2,true);
insert into customer_policy(id,date_of_purchase,customer_id,fuel,vehicle_segment,premium,bodily_injury_liability,personal_injury_protection,property_damage_liability,collision,comprehensive,region) values(13097,'2018-07-17T18:30:00.000Z',1152,'Petrol','B',1002,false,true,true,false,true,'East');
insert into customer(id,gender,income_group_id,marital_status) values(1153,'MALE',2,false);
insert into customer_policy(id,date_of_purchase,customer_id,fuel,vehicle_segment,premium,bodily_injury_liability,personal_injury_protection,property_damage_liability,collision,comprehensive,region) values(13098,'2018-07-29T18:30:00.000Z',1153,'Petrol','B',1425,true,false,false,false,false,'East');
insert into customer(id,gender,income_group_id,marital_status) values(1154,'MALE',2,false);
insert into customer_policy(id,date_of_purchase,customer_id,fuel,vehicle_segment,premium,bodily_injury_liability,personal_injury_protection,property_damage_liability,collision,comprehensive,region) values(13099,'2018-07-03T18:30:00.000Z',1154,'Petrol','B',1796,true,true,false,true,true,'East');
insert into customer(id,gender,income_group_id,marital_status) values(1155,'MALE',2,false);
insert into customer_policy(id,date_of_purchase,customer_id,fuel,vehicle_segment,premium,bodily_injury_liability,personal_injury_protection,property_damage_liability,collision,comprehensive,region) values(13100,'2018-07-10T18:30:00.000Z',1155,'Petrol','B',1627,true,true,true,true,false,'East');
insert into customer(id,gender,income_group_id,marital_status) values(1156,'MALE',2,true);
insert into customer_policy(id,date_of_purchase,customer_id,fuel,vehicle_segment,premium,bodily_injury_liability,personal_injury_protection,property_damage_liability,collision,comprehensive,region) values(13101,'2018-07-24T18:30:00.000Z',1156,'Petrol','B',1019,true,false,true,false,false,'East');
insert into customer(id,gender,income_group_id,marital_status) values(1157,'MALE',2,true);
insert into customer_policy(id,date_of_purchase,customer_id,fuel,vehicle_segment,premium,bodily_injury_liability,personal_injury_protection,property_damage_liability,collision,comprehensive,region) values(13102,'2018-07-13T18:30:00.000Z',1157,'Petrol','B',1492,false,false,false,true,false,'East');
insert into customer(id,gender,income_group_id,marital_status) values(1158,'MALE',2,true);
insert into customer_policy(id,date_of_purchase,customer_id,fuel,vehicle_segment,premium,bodily_injury_liability,personal_injury_protection,property_damage_liability,collision,comprehensive,region) values(13103,'2018-07-08T18:30:00.000Z',1158,'Petrol','B',2220,false,true,true,true,true,'East');
insert into customer(id,gender,income_group_id,marital_status) values(1159,'MALE',2,false);
insert into customer_policy(id,date_of_purchase,customer_id,fuel,vehicle_segment,premium,bodily_injury_liability,personal_injury_protection,property_damage_liability,collision,comprehensive,region) values(13104,'2018-07-14T18:30:00.000Z',1159,'Petrol','B',705,false,true,false,true,true,'East');
insert into customer(id,gender,income_group_id,marital_status) values(1160,'MALE',2,true);
insert into customer_policy(id,date_of_purchase,customer_id,fuel,vehicle_segment,premium,bodily_injury_liability,personal_injury_protection,property_damage_liability,collision,comprehensive,region) values(13105,'2018-07-05T18:30:00.000Z',1160,'Petrol','B',1925,true,false,false,false,false,'East');
insert into customer(id,gender,income_group_id,marital_status) values(1161,'MALE',2,false);
insert into customer_policy(id,date_of_purchase,customer_id,fuel,vehicle_segment,premium,bodily_injury_liability,personal_injury_protection,property_damage_liability,collision,comprehensive,region) values(13106,'2018-07-10T18:30:00.000Z',1161,'Petrol','B',1673,true,false,false,false,true,'East');
insert into customer(id,gender,income_group_id,marital_status) values(1162,'MALE',2,true);
insert into customer_policy(id,date_of_purchase,customer_id,fuel,vehicle_segment,premium,bodily_injury_liability,personal_injury_protection,property_damage_liability,collision,comprehensive,region) values(13107,'2018-07-19T18:30:00.000Z',1162,'Petrol','B',2359,true,true,true,true,true,'East');
insert into customer(id,gender,income_group_id,marital_status) values(1163,'MALE',2,true);
insert into customer_policy(id,date_of_purchase,customer_id,fuel,vehicle_segment,premium,bodily_injury_liability,personal_injury_protection,property_damage_liability,collision,comprehensive,region) values(13108,'2018-07-01T18:30:00.000Z',1163,'Petrol','B',1857,true,true,false,true,true,'East');
insert into customer(id,gender,income_group_id,marital_status) values(1164,'MALE',2,false);
insert into customer_policy(id,date_of_purchase,customer_id,fuel,vehicle_segment,premium,bodily_injury_liability,personal_injury_protection,property_damage_liability,collision,comprehensive,region) values(13109,'2018-07-27T18:30:00.000Z',1164,'Petrol','B',2235,true,false,false,true,true,'East');
insert into customer(id,gender,income_group_id,marital_status) values(1165,'MALE',2,true);
insert into customer_policy(id,date_of_purchase,customer_id,fuel,vehicle_segment,premium,bodily_injury_liability,personal_injury_protection,property_damage_liability,collision,comprehensive,region) values(13110,'2018-07-14T18:30:00.000Z',1165,'Petrol','B',1192,true,true,true,false,false,'East');
insert into customer(id,gender,income_group_id,marital_status) values(1166,'MALE',2,true);
insert into customer_policy(id,date_of_purchase,customer_id,fuel,vehicle_segment,premium,bodily_injury_liability,personal_injury_protection,property_damage_liability,collision,comprehensive,region) values(13111,'2018-07-12T18:30:00.000Z',1166,'Petrol','B',1490,false,true,false,true,true,'East');
insert into customer(id,gender,income_group_id,marital_status) values(1167,'MALE',1,false);
insert into customer_policy(id,date_of_purchase,customer_id,fuel,vehicle_segment,premium,bodily_injury_liability,personal_injury_protection,property_damage_liability,collision,comprehensive,region) values(13112,'2018-07-14T18:30:00.000Z',1167,'Petrol','B',2156,true,true,true,true,true,'East');
insert into customer(id,gender,income_group_id,marital_status) values(1168,'MALE',1,false);
insert into customer_policy(id,date_of_purchase,customer_id,fuel,vehicle_segment,premium,bodily_injury_liability,personal_injury_protection,property_damage_liability,collision,comprehensive,region) values(13113,'2018-07-04T18:30:00.000Z',1168,'Petrol','B',2241,false,true,false,true,false,'East');
insert into customer(id,gender,income_group_id,marital_status) values(1169,'MALE',1,true);
insert into customer_policy(id,date_of_purchase,customer_id,fuel,vehicle_segment,premium,bodily_injury_liability,personal_injury_protection,property_damage_liability,collision,comprehensive,region) values(13114,'2018-07-07T18:30:00.000Z',1169,'Petrol','B',2052,false,true,true,true,false,'East');
insert into customer(id,gender,income_group_id,marital_status) values(1170,'MALE',1,true);
insert into customer_policy(id,date_of_purchase,customer_id,fuel,vehicle_segment,premium,bodily_injury_liability,personal_injury_protection,property_damage_liability,collision,comprehensive,region) values(13115,'2018-07-09T18:30:00.000Z',1170,'Petrol','B',1371,false,true,false,true,true,'East');
insert into customer(id,gender,income_group_id,marital_status) values(1171,'MALE',1,true);
insert into customer_policy(id,date_of_purchase,customer_id,fuel,vehicle_segment,premium,bodily_injury_liability,personal_injury_protection,property_damage_liability,collision,comprehensive,region) values(13116,'2018-07-21T18:30:00.000Z',1171,'Petrol','B',1351,true,true,false,true,false,'East');
insert into customer(id,gender,income_group_id,marital_status) values(1172,'MALE',1,false);
insert into customer_policy(id,date_of_purchase,customer_id,fuel,vehicle_segment,premium,bodily_injury_liability,personal_injury_protection,property_damage_liability,collision,comprehensive,region) values(13117,'2018-07-10T18:30:00.000Z',1172,'Petrol','B',1008,false,false,false,true,false,'East');
insert into customer(id,gender,income_group_id,marital_status) values(1173,'MALE',1,true);
insert into customer_policy(id,date_of_purchase,customer_id,fuel,vehicle_segment,premium,bodily_injury_liability,personal_injury_protection,property_damage_liability,collision,comprehensive,region) values(13118,'2018-07-03T18:30:00.000Z',1173,'Petrol','B',1798,false,true,false,true,false,'East');
insert into customer(id,gender,income_group_id,marital_status) values(1174,'MALE',1,true);
insert into customer_policy(id,date_of_purchase,customer_id,fuel,vehicle_segment,premium,bodily_injury_liability,personal_injury_protection,property_damage_liability,collision,comprehensive,region) values(13119,'2018-06-30T18:30:00.000Z',1174,'Petrol','B',1253,false,true,true,true,false,'East');
insert into customer(id,gender,income_group_id,marital_status) values(1175,'MALE',1,false);
insert into customer_policy(id,date_of_purchase,customer_id,fuel,vehicle_segment,premium,bodily_injury_liability,personal_injury_protection,property_damage_liability,collision,comprehensive,region) values(13120,'2018-07-07T18:30:00.000Z',1175,'Petrol','B',1939,true,false,false,false,false,'East');
insert into customer(id,gender,income_group_id,marital_status) values(1176,'MALE',1,false);
insert into customer_policy(id,date_of_purchase,customer_id,fuel,vehicle_segment,premium,bodily_injury_liability,personal_injury_protection,property_damage_liability,collision,comprehensive,region) values(13121,'2018-07-24T18:30:00.000Z',1176,'Petrol','B',2475,true,false,true,false,false,'East');
insert into customer(id,gender,income_group_id,marital_status) values(1177,'MALE',1,false);
insert into customer_policy(id,date_of_purchase,customer_id,fuel,vehicle_segment,premium,bodily_injury_liability,personal_injury_protection,property_damage_liability,collision,comprehensive,region) values(13122,'2018-07-12T18:30:00.000Z',1177,'Petrol','B',1949,false,true,false,false,true,'East');
insert into customer(id,gender,income_group_id,marital_status) values(1178,'MALE',1,true);
insert into customer_policy(id,date_of_purchase,customer_id,fuel,vehicle_segment,premium,bodily_injury_liability,personal_injury_protection,property_damage_liability,collision,comprehensive,region) values(13123,'2018-07-24T18:30:00.000Z',1178,'Petrol','B',1143,true,false,true,true,true,'East');
insert into customer(id,gender,income_group_id,marital_status) values(1179,'MALE',1,true);
insert into customer_policy(id,date_of_purchase,customer_id,fuel,vehicle_segment,premium,bodily_injury_liability,personal_injury_protection,property_damage_liability,collision,comprehensive,region) values(13124,'2018-06-30T18:30:00.000Z',1179,'Petrol','B',2084,false,true,false,true,false,'East');
insert into customer(id,gender,income_group_id,marital_status) values(1180,'MALE',1,false);
insert into customer_policy(id,date_of_purchase,customer_id,fuel,vehicle_segment,premium,bodily_injury_liability,personal_injury_protection,property_damage_liability,collision,comprehensive,region) values(13125,'2018-07-21T18:30:00.000Z',1180,'Petrol','B',2434,true,true,false,false,true,'East');
insert into customer(id,gender,income_group_id,marital_status) values(1181,'MALE',1,true);
insert into customer_policy(id,date_of_purchase,customer_id,fuel,vehicle_segment,premium,bodily_injury_liability,personal_injury_protection,property_damage_liability,collision,comprehensive,region) values(13126,'2018-07-24T18:30:00.000Z',1181,'Petrol','B',2313,false,false,false,true,false,'East');
insert into customer(id,gender,income_group_id,marital_status) values(1182,'MALE',1,true);
insert into customer_policy(id,date_of_purchase,customer_id,fuel,vehicle_segment,premium,bodily_injury_liability,personal_injury_protection,property_damage_liability,collision,comprehensive,region) values(13127,'2018-07-24T18:30:00.000Z',1182,'Petrol','B',500,false,true,false,false,false,'East');
insert into customer(id,gender,income_group_id,marital_status) values(1183,'MALE',1,false);
insert into customer_policy(id,date_of_purchase,customer_id,fuel,vehicle_segment,premium,bodily_injury_liability,personal_injury_protection,property_damage_liability,collision,comprehensive,region) values(13128,'2018-07-29T18:30:00.000Z',1183,'Petrol','B',1977,true,false,true,false,true,'East');
insert into customer(id,gender,income_group_id,marital_status) values(1184,'MALE',1,true);
insert into customer_policy(id,date_of_purchase,customer_id,fuel,vehicle_segment,premium,bodily_injury_liability,personal_injury_protection,property_damage_liability,collision,comprehensive,region) values(13129,'2018-07-19T18:30:00.000Z',1184,'Petrol','B',1195,true,true,true,false,false,'East');
insert into customer(id,gender,income_group_id,marital_status) values(1185,'MALE',1,false);
insert into customer_policy(id,date_of_purchase,customer_id,fuel,vehicle_segment,premium,bodily_injury_liability,personal_injury_protection,property_damage_liability,collision,comprehensive,region) values(13130,'2018-07-13T18:30:00.000Z',1185,'Petrol','B',1163,false,false,false,false,true,'East');
insert into customer(id,gender,income_group_id,marital_status) values(1186,'MALE',1,true);
insert into customer_policy(id,date_of_purchase,customer_id,fuel,vehicle_segment,premium,bodily_injury_liability,personal_injury_protection,property_damage_liability,collision,comprehensive,region) values(13131,'2018-07-15T18:30:00.000Z',1186,'Petrol','B',2010,true,false,false,true,true,'East');
insert into customer(id,gender,income_group_id,marital_status) values(1187,'MALE',1,true);
insert into customer_policy(id,date_of_purchase,customer_id,fuel,vehicle_segment,premium,bodily_injury_liability,personal_injury_protection,property_damage_liability,collision,comprehensive,region) values(13132,'2018-07-16T18:30:00.000Z',1187,'Petrol','B',532,true,true,true,false,true,'East');
insert into customer(id,gender,income_group_id,marital_status) values(1188,'MALE',1,true);
insert into customer_policy(id,date_of_purchase,customer_id,fuel,vehicle_segment,premium,bodily_injury_liability,personal_injury_protection,property_damage_liability,collision,comprehensive,region) values(13133,'2018-07-22T18:30:00.000Z',1188,'Petrol','B',2478,false,false,false,false,false,'East');
insert into customer(id,gender,income_group_id,marital_status) values(1189,'MALE',1,false);
insert into customer_policy(id,date_of_purchase,customer_id,fuel,vehicle_segment,premium,bodily_injury_liability,personal_injury_protection,property_damage_liability,collision,comprehensive,region) values(13134,'2018-07-14T18:30:00.000Z',1189,'Petrol','B',1388,true,false,false,false,false,'East');
insert into customer(id,gender,income_group_id,marital_status) values(1190,'MALE',1,false);
insert into customer_policy(id,date_of_purchase,customer_id,fuel,vehicle_segment,premium,bodily_injury_liability,personal_injury_protection,property_damage_liability,collision,comprehensive,region) values(13135,'2018-07-23T18:30:00.000Z',1190,'Petrol','B',1076,true,false,false,false,false,'East');
insert into customer(id,gender,income_group_id,marital_status) values(1191,'MALE',1,true);
insert into customer_policy(id,date_of_purchase,customer_id,fuel,vehicle_segment,premium,bodily_injury_liability,personal_injury_protection,property_damage_liability,collision,comprehensive,region) values(13136,'2018-06-30T18:30:00.000Z',1191,'Petrol','B',564,false,false,true,true,true,'East');
insert into customer(id,gender,income_group_id,marital_status) values(1192,'MALE',1,true);
insert into customer_policy(id,date_of_purchase,customer_id,fuel,vehicle_segment,premium,bodily_injury_liability,personal_injury_protection,property_damage_liability,collision,comprehensive,region) values(13137,'2018-07-16T18:30:00.000Z',1192,'Petrol','B',1225,false,false,true,false,false,'East');
insert into customer(id,gender,income_group_id,marital_status) values(1193,'MALE',1,false);
insert into customer_policy(id,date_of_purchase,customer_id,fuel,vehicle_segment,premium,bodily_injury_liability,personal_injury_protection,property_damage_liability,collision,comprehensive,region) values(13138,'2018-07-24T18:30:00.000Z',1193,'Petrol','B',2295,false,true,true,true,false,'East');
insert into customer(id,gender,income_group_id,marital_status) values(1194,'MALE',1,false);
insert into customer_policy(id,date_of_purchase,customer_id,fuel,vehicle_segment,premium,bodily_injury_liability,personal_injury_protection,property_damage_liability,collision,comprehensive,region) values(13139,'2018-07-22T18:30:00.000Z',1194,'Petrol','B',2285,true,false,true,true,true,'East');
insert into customer(id,gender,income_group_id,marital_status) values(1195,'MALE',1,false);
insert into customer_policy(id,date_of_purchase,customer_id,fuel,vehicle_segment,premium,bodily_injury_liability,personal_injury_protection,property_damage_liability,collision,comprehensive,region) values(13140,'2018-07-27T18:30:00.000Z',1195,'Petrol','B',508,true,false,true,true,false,'East');
insert into customer(id,gender,income_group_id,marital_status) values(1196,'MALE',1,true);
insert into customer_policy(id,date_of_purchase,customer_id,fuel,vehicle_segment,premium,bodily_injury_liability,personal_injury_protection,property_damage_liability,collision,comprehensive,region) values(13141,'2018-07-05T18:30:00.000Z',1196,'Petrol','B',1967,true,false,false,false,true,'East');
insert into customer(id,gender,income_group_id,marital_status) values(1197,'MALE',1,true);
insert into customer_policy(id,date_of_purchase,customer_id,fuel,vehicle_segment,premium,bodily_injury_liability,personal_injury_protection,property_damage_liability,collision,comprehensive,region) values(13142,'2018-07-09T18:30:00.000Z',1197,'Petrol','B',1553,false,false,true,true,true,'East');
insert into customer(id,gender,income_group_id,marital_status) values(1198,'MALE',1,false);
insert into customer_policy(id,date_of_purchase,customer_id,fuel,vehicle_segment,premium,bodily_injury_liability,personal_injury_protection,property_damage_liability,collision,comprehensive,region) values(13143,'2018-07-02T18:30:00.000Z',1198,'Petrol','B',2141,false,true,false,false,false,'East');
insert into customer(id,gender,income_group_id,marital_status) values(1199,'MALE',1,false);
insert into customer_policy(id,date_of_purchase,customer_id,fuel,vehicle_segment,premium,bodily_injury_liability,personal_injury_protection,property_damage_liability,collision,comprehensive,region) values(13144,'2018-07-28T18:30:00.000Z',1199,'Petrol','B',2102,true,false,true,true,false,'East');
insert into customer(id,gender,income_group_id,marital_status) values(1200,'MALE',1,false);
insert into customer_policy(id,date_of_purchase,customer_id,fuel,vehicle_segment,premium,bodily_injury_liability,personal_injury_protection,property_damage_liability,collision,comprehensive,region) values(13145,'2018-08-04T18:30:00.000Z',1200,'Petrol','B',1662,false,true,true,true,false,'East');
insert into customer(id,gender,income_group_id,marital_status) values(1201,'MALE',1,true);
insert into customer_policy(id,date_of_purchase,customer_id,fuel,vehicle_segment,premium,bodily_injury_liability,personal_injury_protection,property_damage_liability,collision,comprehensive,region) values(13146,'2018-08-26T18:30:00.000Z',1201,'Petrol','B',910,false,true,false,false,false,'East');
insert into customer(id,gender,income_group_id,marital_status) values(1202,'MALE',1,false);
insert into customer_policy(id,date_of_purchase,customer_id,fuel,vehicle_segment,premium,bodily_injury_liability,personal_injury_protection,property_damage_liability,collision,comprehensive,region) values(13147,'2018-08-09T18:30:00.000Z',1202,'Petrol','B',2402,false,true,false,true,false,'East');
insert into customer(id,gender,income_group_id,marital_status) values(1203,'MALE',1,false);
insert into customer_policy(id,date_of_purchase,customer_id,fuel,vehicle_segment,premium,bodily_injury_liability,personal_injury_protection,property_damage_liability,collision,comprehensive,region) values(13148,'2018-08-17T18:30:00.000Z',1203,'Petrol','B',1731,true,false,false,false,false,'East');
insert into customer(id,gender,income_group_id,marital_status) values(1204,'MALE',1,false);
insert into customer_policy(id,date_of_purchase,customer_id,fuel,vehicle_segment,premium,bodily_injury_liability,personal_injury_protection,property_damage_liability,collision,comprehensive,region) values(13149,'2018-08-23T18:30:00.000Z',1204,'Petrol','B',557,true,false,true,true,false,'East');
insert into customer(id,gender,income_group_id,marital_status) values(1205,'MALE',1,true);
insert into customer_policy(id,date_of_purchase,customer_id,fuel,vehicle_segment,premium,bodily_injury_liability,personal_injury_protection,property_damage_liability,collision,comprehensive,region) values(13150,'2018-08-09T18:30:00.000Z',1205,'Petrol','B',1377,true,false,false,true,false,'East');
insert into customer(id,gender,income_group_id,marital_status) values(1206,'MALE',1,false);
insert into customer_policy(id,date_of_purchase,customer_id,fuel,vehicle_segment,premium,bodily_injury_liability,personal_injury_protection,property_damage_liability,collision,comprehensive,region) values(13151,'2018-08-29T18:30:00.000Z',1206,'Petrol','B',2301,true,false,false,false,false,'East');
insert into customer(id,gender,income_group_id,marital_status) values(1207,'MALE',1,false);
insert into customer_policy(id,date_of_purchase,customer_id,fuel,vehicle_segment,premium,bodily_injury_liability,personal_injury_protection,property_damage_liability,collision,comprehensive,region) values(13152,'2018-08-02T18:30:00.000Z',1207,'Petrol','B',1157,false,false,true,false,false,'East');
insert into customer(id,gender,income_group_id,marital_status) values(1208,'MALE',1,true);
insert into customer_policy(id,date_of_purchase,customer_id,fuel,vehicle_segment,premium,bodily_injury_liability,personal_injury_protection,property_damage_liability,collision,comprehensive,region) values(13153,'2018-08-05T18:30:00.000Z',1208,'Petrol','B',629,true,false,true,true,false,'East');
insert into customer(id,gender,income_group_id,marital_status) values(1209,'MALE',1,false);
insert into customer_policy(id,date_of_purchase,customer_id,fuel,vehicle_segment,premium,bodily_injury_liability,personal_injury_protection,property_damage_liability,collision,comprehensive,region) values(13154,'2018-08-29T18:30:00.000Z',1209,'Petrol','B',2255,false,true,false,true,false,'East');
insert into customer(id,gender,income_group_id,marital_status) values(1210,'MALE',1,true);
insert into customer_policy(id,date_of_purchase,customer_id,fuel,vehicle_segment,premium,bodily_injury_liability,personal_injury_protection,property_damage_liability,collision,comprehensive,region) values(13155,'2018-08-01T18:30:00.000Z',1210,'Petrol','B',974,false,true,true,false,false,'East');
insert into customer(id,gender,income_group_id,marital_status) values(1211,'MALE',1,true);
insert into customer_policy(id,date_of_purchase,customer_id,fuel,vehicle_segment,premium,bodily_injury_liability,personal_injury_protection,property_damage_liability,collision,comprehensive,region) values(13156,'2018-08-16T18:30:00.000Z',1211,'Petrol','B',1399,true,false,false,true,false,'East');
insert into customer(id,gender,income_group_id,marital_status) values(1212,'MALE',1,true);
insert into customer_policy(id,date_of_purchase,customer_id,fuel,vehicle_segment,premium,bodily_injury_liability,personal_injury_protection,property_damage_liability,collision,comprehensive,region) values(13157,'2018-08-01T18:30:00.000Z',1212,'Petrol','B',1612,false,true,true,false,false,'East');
insert into customer(id,gender,income_group_id,marital_status) values(1213,'MALE',1,false);
insert into customer_policy(id,date_of_purchase,customer_id,fuel,vehicle_segment,premium,bodily_injury_liability,personal_injury_protection,property_damage_liability,collision,comprehensive,region) values(13158,'2018-08-02T18:30:00.000Z',1213,'Petrol','B',2410,true,false,true,true,true,'East');
insert into customer(id,gender,income_group_id,marital_status) values(1214,'MALE',1,true);
insert into customer_policy(id,date_of_purchase,customer_id,fuel,vehicle_segment,premium,bodily_injury_liability,personal_injury_protection,property_damage_liability,collision,comprehensive,region) values(13159,'2018-08-25T18:30:00.000Z',1214,'Petrol','B',1545,false,true,false,true,true,'East');
insert into customer(id,gender,income_group_id,marital_status) values(1215,'MALE',1,true);
insert into customer_policy(id,date_of_purchase,customer_id,fuel,vehicle_segment,premium,bodily_injury_liability,personal_injury_protection,property_damage_liability,collision,comprehensive,region) values(13160,'2018-08-13T18:30:00.000Z',1215,'Petrol','B',1566,true,true,false,false,true,'East');
insert into customer(id,gender,income_group_id,marital_status) values(1216,'MALE',1,true);
insert into customer_policy(id,date_of_purchase,customer_id,fuel,vehicle_segment,premium,bodily_injury_liability,personal_injury_protection,property_damage_liability,collision,comprehensive,region) values(13161,'2018-08-22T18:30:00.000Z',1216,'Petrol','B',703,true,false,false,true,true,'East');
insert into customer(id,gender,income_group_id,marital_status) values(1217,'MALE',1,false);
insert into customer_policy(id,date_of_purchase,customer_id,fuel,vehicle_segment,premium,bodily_injury_liability,personal_injury_protection,property_damage_liability,collision,comprehensive,region) values(13162,'2018-08-24T18:30:00.000Z',1217,'Petrol','B',1441,true,true,true,true,true,'East');
insert into customer(id,gender,income_group_id,marital_status) values(1218,'MALE',1,false);
insert into customer_policy(id,date_of_purchase,customer_id,fuel,vehicle_segment,premium,bodily_injury_liability,personal_injury_protection,property_damage_liability,collision,comprehensive,region) values(13163,'2018-08-02T18:30:00.000Z',1218,'Petrol','B',1005,true,true,true,false,true,'East');
insert into customer(id,gender,income_group_id,marital_status) values(1219,'MALE',1,true);
insert into customer_policy(id,date_of_purchase,customer_id,fuel,vehicle_segment,premium,bodily_injury_liability,personal_injury_protection,property_damage_liability,collision,comprehensive,region) values(13164,'2018-08-03T18:30:00.000Z',1219,'Petrol','B',2163,true,false,false,true,false,'East');
insert into customer(id,gender,income_group_id,marital_status) values(1220,'MALE',1,false);
insert into customer_policy(id,date_of_purchase,customer_id,fuel,vehicle_segment,premium,bodily_injury_liability,personal_injury_protection,property_damage_liability,collision,comprehensive,region) values(13165,'2018-08-13T18:30:00.000Z',1220,'Petrol','B',1835,true,false,true,true,true,'East');
insert into customer(id,gender,income_group_id,marital_status) values(1221,'MALE',1,false);
insert into customer_policy(id,date_of_purchase,customer_id,fuel,vehicle_segment,premium,bodily_injury_liability,personal_injury_protection,property_damage_liability,collision,comprehensive,region) values(13166,'2018-08-25T18:30:00.000Z',1221,'Petrol','B',2033,false,true,true,true,true,'East');
insert into customer(id,gender,income_group_id,marital_status) values(1222,'MALE',1,true);
insert into customer_policy(id,date_of_purchase,customer_id,fuel,vehicle_segment,premium,bodily_injury_liability,personal_injury_protection,property_damage_liability,collision,comprehensive,region) values(13167,'2018-08-16T18:30:00.000Z',1222,'Petrol','B',1950,true,true,false,false,false,'East');
insert into customer(id,gender,income_group_id,marital_status) values(1223,'MALE',1,false);
insert into customer_policy(id,date_of_purchase,customer_id,fuel,vehicle_segment,premium,bodily_injury_liability,personal_injury_protection,property_damage_liability,collision,comprehensive,region) values(13168,'2018-08-19T18:30:00.000Z',1223,'Petrol','B',699,false,false,true,false,true,'East');
insert into customer(id,gender,income_group_id,marital_status) values(1224,'MALE',1,true);
insert into customer_policy(id,date_of_purchase,customer_id,fuel,vehicle_segment,premium,bodily_injury_liability,personal_injury_protection,property_damage_liability,collision,comprehensive,region) values(13169,'2018-08-29T18:30:00.000Z',1224,'Petrol','B',817,false,false,true,false,false,'East');
insert into customer(id,gender,income_group_id,marital_status) values(1225,'MALE',1,true);
insert into customer_policy(id,date_of_purchase,customer_id,fuel,vehicle_segment,premium,bodily_injury_liability,personal_injury_protection,property_damage_liability,collision,comprehensive,region) values(13170,'2018-08-13T18:30:00.000Z',1225,'Petrol','B',2435,true,false,true,false,true,'East');
insert into customer(id,gender,income_group_id,marital_status) values(1226,'MALE',1,false);
insert into customer_policy(id,date_of_purchase,customer_id,fuel,vehicle_segment,premium,bodily_injury_liability,personal_injury_protection,property_damage_liability,collision,comprehensive,region) values(13171,'2018-08-21T18:30:00.000Z',1226,'Petrol','B',1216,false,false,false,true,false,'East');
insert into customer(id,gender,income_group_id,marital_status) values(1227,'MALE',1,true);
insert into customer_policy(id,date_of_purchase,customer_id,fuel,vehicle_segment,premium,bodily_injury_liability,personal_injury_protection,property_damage_liability,collision,comprehensive,region) values(13172,'2018-08-09T18:30:00.000Z',1227,'Petrol','B',705,false,true,true,true,false,'East');
insert into customer(id,gender,income_group_id,marital_status) values(1228,'MALE',1,false);
insert into customer_policy(id,date_of_purchase,customer_id,fuel,vehicle_segment,premium,bodily_injury_liability,personal_injury_protection,property_damage_liability,collision,comprehensive,region) values(13173,'2018-08-16T18:30:00.000Z',1228,'Petrol','B',2443,false,false,true,true,true,'East');
insert into customer(id,gender,income_group_id,marital_status) values(1229,'MALE',1,false);
insert into customer_policy(id,date_of_purchase,customer_id,fuel,vehicle_segment,premium,bodily_injury_liability,personal_injury_protection,property_damage_liability,collision,comprehensive,region) values(13174,'2018-08-25T18:30:00.000Z',1229,'Petrol','B',1398,true,false,true,false,false,'East');
insert into customer(id,gender,income_group_id,marital_status) values(1230,'MALE',1,false);
insert into customer_policy(id,date_of_purchase,customer_id,fuel,vehicle_segment,premium,bodily_injury_liability,personal_injury_protection,property_damage_liability,collision,comprehensive,region) values(13175,'2018-08-23T18:30:00.000Z',1230,'Petrol','B',2471,false,true,true,true,true,'East');
insert into customer(id,gender,income_group_id,marital_status) values(1231,'MALE',1,true);
insert into customer_policy(id,date_of_purchase,customer_id,fuel,vehicle_segment,premium,bodily_injury_liability,personal_injury_protection,property_damage_liability,collision,comprehensive,region) values(13176,'2018-08-21T18:30:00.000Z',1231,'Petrol','B',1854,true,false,true,true,false,'East');
insert into customer(id,gender,income_group_id,marital_status) values(1232,'MALE',1,false);
insert into customer_policy(id,date_of_purchase,customer_id,fuel,vehicle_segment,premium,bodily_injury_liability,personal_injury_protection,property_damage_liability,collision,comprehensive,region) values(13177,'2018-08-27T18:30:00.000Z',1232,'Petrol','B',675,false,false,true,false,true,'East');
insert into customer(id,gender,income_group_id,marital_status) values(1233,'MALE',1,false);
insert into customer_policy(id,date_of_purchase,customer_id,fuel,vehicle_segment,premium,bodily_injury_liability,personal_injury_protection,property_damage_liability,collision,comprehensive,region) values(13178,'2018-08-29T18:30:00.000Z',1233,'Petrol','B',1035,true,false,false,false,false,'East');
insert into customer(id,gender,income_group_id,marital_status) values(1234,'MALE',1,true);
insert into customer_policy(id,date_of_purchase,customer_id,fuel,vehicle_segment,premium,bodily_injury_liability,personal_injury_protection,property_damage_liability,collision,comprehensive,region) values(13179,'2018-08-04T18:30:00.000Z',1234,'Petrol','B',926,true,true,false,true,false,'East');
insert into customer(id,gender,income_group_id,marital_status) values(1235,'MALE',1,true);
insert into customer_policy(id,date_of_purchase,customer_id,fuel,vehicle_segment,premium,bodily_injury_liability,personal_injury_protection,property_damage_liability,collision,comprehensive,region) values(13180,'2018-08-11T18:30:00.000Z',1235,'Petrol','B',2171,false,true,true,true,true,'East');
insert into customer(id,gender,income_group_id,marital_status) values(1236,'MALE',1,true);
insert into customer_policy(id,date_of_purchase,customer_id,fuel,vehicle_segment,premium,bodily_injury_liability,personal_injury_protection,property_damage_liability,collision,comprehensive,region) values(13181,'2018-08-29T18:30:00.000Z',1236,'Petrol','B',2064,true,true,false,true,false,'East');
insert into customer(id,gender,income_group_id,marital_status) values(1237,'MALE',1,true);
insert into customer_policy(id,date_of_purchase,customer_id,fuel,vehicle_segment,premium,bodily_injury_liability,personal_injury_protection,property_damage_liability,collision,comprehensive,region) values(13182,'2018-08-24T18:30:00.000Z',1237,'Petrol','B',934,true,true,false,true,true,'East');
insert into customer(id,gender,income_group_id,marital_status) values(1238,'MALE',1,true);
insert into customer_policy(id,date_of_purchase,customer_id,fuel,vehicle_segment,premium,bodily_injury_liability,personal_injury_protection,property_damage_liability,collision,comprehensive,region) values(13183,'2018-08-06T18:30:00.000Z',1238,'Petrol','B',1681,false,true,true,true,true,'East');
insert into customer(id,gender,income_group_id,marital_status) values(1239,'MALE',1,false);
insert into customer_policy(id,date_of_purchase,customer_id,fuel,vehicle_segment,premium,bodily_injury_liability,personal_injury_protection,property_damage_liability,collision,comprehensive,region) values(13184,'2018-08-16T18:30:00.000Z',1239,'Petrol','B',1556,true,false,true,false,true,'East');
insert into customer(id,gender,income_group_id,marital_status) values(1240,'MALE',1,false);
insert into customer_policy(id,date_of_purchase,customer_id,fuel,vehicle_segment,premium,bodily_injury_liability,personal_injury_protection,property_damage_liability,collision,comprehensive,region) values(13185,'2018-08-21T18:30:00.000Z',1240,'Petrol','B',2111,true,false,false,true,true,'East');
insert into customer(id,gender,income_group_id,marital_status) values(1241,'MALE',1,true);
insert into customer_policy(id,date_of_purchase,customer_id,fuel,vehicle_segment,premium,bodily_injury_liability,personal_injury_protection,property_damage_liability,collision,comprehensive,region) values(13186,'2018-08-22T18:30:00.000Z',1241,'Petrol','B',2048,false,false,true,true,true,'East');
insert into customer(id,gender,income_group_id,marital_status) values(1242,'MALE',1,true);
insert into customer_policy(id,date_of_purchase,customer_id,fuel,vehicle_segment,premium,bodily_injury_liability,personal_injury_protection,property_damage_liability,collision,comprehensive,region) values(13187,'2018-08-06T18:30:00.000Z',1242,'Petrol','B',507,false,false,false,true,false,'East');
insert into customer(id,gender,income_group_id,marital_status) values(1243,'MALE',1,false);
insert into customer_policy(id,date_of_purchase,customer_id,fuel,vehicle_segment,premium,bodily_injury_liability,personal_injury_protection,property_damage_liability,collision,comprehensive,region) values(13188,'2018-08-12T18:30:00.000Z',1243,'Petrol','B',1799,true,false,false,false,true,'East');
insert into customer(id,gender,income_group_id,marital_status) values(1244,'MALE',1,false);
insert into customer_policy(id,date_of_purchase,customer_id,fuel,vehicle_segment,premium,bodily_injury_liability,personal_injury_protection,property_damage_liability,collision,comprehensive,region) values(13189,'2018-08-10T18:30:00.000Z',1244,'Petrol','B',2292,true,false,true,true,false,'East');
insert into customer(id,gender,income_group_id,marital_status) values(1245,'MALE',1,true);
insert into customer_policy(id,date_of_purchase,customer_id,fuel,vehicle_segment,premium,bodily_injury_liability,personal_injury_protection,property_damage_liability,collision,comprehensive,region) values(13190,'2018-08-22T18:30:00.000Z',1245,'Petrol','B',2143,false,false,true,false,false,'East');
insert into customer(id,gender,income_group_id,marital_status) values(1246,'MALE',1,true);
insert into customer_policy(id,date_of_purchase,customer_id,fuel,vehicle_segment,premium,bodily_injury_liability,personal_injury_protection,property_damage_liability,collision,comprehensive,region) values(13191,'2018-08-16T18:30:00.000Z',1246,'Petrol','B',2198,false,true,true,true,true,'East');
insert into customer(id,gender,income_group_id,marital_status) values(1247,'MALE',1,true);
insert into customer_policy(id,date_of_purchase,customer_id,fuel,vehicle_segment,premium,bodily_injury_liability,personal_injury_protection,property_damage_liability,collision,comprehensive,region) values(13192,'2018-08-07T18:30:00.000Z',1247,'Petrol','B',581,true,false,false,true,false,'East');
insert into customer(id,gender,income_group_id,marital_status) values(1248,'MALE',1,true);
insert into customer_policy(id,date_of_purchase,customer_id,fuel,vehicle_segment,premium,bodily_injury_liability,personal_injury_protection,property_damage_liability,collision,comprehensive,region) values(13193,'2018-08-13T18:30:00.000Z',1248,'Petrol','B',2364,true,true,false,false,false,'East');
insert into customer(id,gender,income_group_id,marital_status) values(1249,'MALE',1,false);
insert into customer_policy(id,date_of_purchase,customer_id,fuel,vehicle_segment,premium,bodily_injury_liability,personal_injury_protection,property_damage_liability,collision,comprehensive,region) values(13194,'2018-08-06T18:30:00.000Z',1249,'Petrol','B',533,true,false,true,false,false,'East');
insert into customer(id,gender,income_group_id,marital_status) values(1250,'MALE',1,true);
insert into customer_policy(id,date_of_purchase,customer_id,fuel,vehicle_segment,premium,bodily_injury_liability,personal_injury_protection,property_damage_liability,collision,comprehensive,region) values(13195,'2018-08-22T18:30:00.000Z',1250,'Petrol','B',1911,true,true,true,false,true,'East');
insert into customer(id,gender,income_group_id,marital_status) values(1251,'MALE',1,true);
insert into customer_policy(id,date_of_purchase,customer_id,fuel,vehicle_segment,premium,bodily_injury_liability,personal_injury_protection,property_damage_liability,collision,comprehensive,region) values(13196,'2018-08-20T18:30:00.000Z',1251,'Petrol','B',1559,false,false,true,false,true,'East');
insert into customer(id,gender,income_group_id,marital_status) values(1252,'MALE',1,true);
insert into customer_policy(id,date_of_purchase,customer_id,fuel,vehicle_segment,premium,bodily_injury_liability,personal_injury_protection,property_damage_liability,collision,comprehensive,region) values(13197,'2018-08-15T18:30:00.000Z',1252,'Petrol','B',2477,false,false,false,true,false,'East');
insert into customer(id,gender,income_group_id,marital_status) values(1253,'MALE',1,false);
insert into customer_policy(id,date_of_purchase,customer_id,fuel,vehicle_segment,premium,bodily_injury_liability,personal_injury_protection,property_damage_liability,collision,comprehensive,region) values(13198,'2018-08-21T18:30:00.000Z',1253,'Petrol','B',878,false,false,false,false,false,'East');
insert into customer(id,gender,income_group_id,marital_status) values(1254,'MALE',1,false);
insert into customer_policy(id,date_of_purchase,customer_id,fuel,vehicle_segment,premium,bodily_injury_liability,personal_injury_protection,property_damage_liability,collision,comprehensive,region) values(13199,'2018-08-03T18:30:00.000Z',1254,'Petrol','B',1090,false,false,true,false,false,'East');
insert into customer(id,gender,income_group_id,marital_status) values(1255,'MALE',1,false);
insert into customer_policy(id,date_of_purchase,customer_id,fuel,vehicle_segment,premium,bodily_injury_liability,personal_injury_protection,property_damage_liability,collision,comprehensive,region) values(13200,'2018-08-23T18:30:00.000Z',1255,'Petrol','B',909,false,false,false,true,true,'East');
insert into customer(id,gender,income_group_id,marital_status) values(1256,'MALE',1,true);
insert into customer_policy(id,date_of_purchase,customer_id,fuel,vehicle_segment,premium,bodily_injury_liability,personal_injury_protection,property_damage_liability,collision,comprehensive,region) values(13201,'2018-08-10T18:30:00.000Z',1256,'Petrol','B',833,false,true,false,false,false,'East');
insert into customer(id,gender,income_group_id,marital_status) values(1257,'MALE',1,true);
insert into customer_policy(id,date_of_purchase,customer_id,fuel,vehicle_segment,premium,bodily_injury_liability,personal_injury_protection,property_damage_liability,collision,comprehensive,region) values(13202,'2018-08-04T18:30:00.000Z',1257,'Petrol','B',1031,true,true,true,false,false,'East');
insert into customer(id,gender,income_group_id,marital_status) values(1258,'MALE',1,false);
insert into customer_policy(id,date_of_purchase,customer_id,fuel,vehicle_segment,premium,bodily_injury_liability,personal_injury_protection,property_damage_liability,collision,comprehensive,region) values(13203,'2018-08-22T18:30:00.000Z',1258,'Petrol','B',1947,false,true,false,true,false,'East');
insert into customer(id,gender,income_group_id,marital_status) values(1259,'MALE',1,true);
insert into customer_policy(id,date_of_purchase,customer_id,fuel,vehicle_segment,premium,bodily_injury_liability,personal_injury_protection,property_damage_liability,collision,comprehensive,region) values(13204,'2018-08-17T18:30:00.000Z',1259,'Petrol','B',1757,true,true,false,true,true,'East');
insert into customer(id,gender,income_group_id,marital_status) values(1260,'MALE',1,true);
insert into customer_policy(id,date_of_purchase,customer_id,fuel,vehicle_segment,premium,bodily_injury_liability,personal_injury_protection,property_damage_liability,collision,comprehensive,region) values(13205,'2018-08-01T18:30:00.000Z',1260,'Petrol','B',993,false,false,true,true,false,'East');
insert into customer(id,gender,income_group_id,marital_status) values(1261,'MALE',1,false);
insert into customer_policy(id,date_of_purchase,customer_id,fuel,vehicle_segment,premium,bodily_injury_liability,personal_injury_protection,property_damage_liability,collision,comprehensive,region) values(13206,'2018-08-04T18:30:00.000Z',1261,'Petrol','B',1078,false,true,true,false,true,'East');
insert into customer(id,gender,income_group_id,marital_status) values(1262,'MALE',1,true);
insert into customer_policy(id,date_of_purchase,customer_id,fuel,vehicle_segment,premium,bodily_injury_liability,personal_injury_protection,property_damage_liability,collision,comprehensive,region) values(13207,'2018-08-19T18:30:00.000Z',1262,'Petrol','B',1349,false,true,true,false,false,'East');
insert into customer(id,gender,income_group_id,marital_status) values(1263,'MALE',1,true);
insert into customer_policy(id,date_of_purchase,customer_id,fuel,vehicle_segment,premium,bodily_injury_liability,personal_injury_protection,property_damage_liability,collision,comprehensive,region) values(13208,'2018-08-04T18:30:00.000Z',1263,'Petrol','B',1801,true,false,true,false,true,'East');
insert into customer(id,gender,income_group_id,marital_status) values(1264,'MALE',1,true);
insert into customer_policy(id,date_of_purchase,customer_id,fuel,vehicle_segment,premium,bodily_injury_liability,personal_injury_protection,property_damage_liability,collision,comprehensive,region) values(13209,'2018-08-02T18:30:00.000Z',1264,'Petrol','B',511,true,false,false,false,true,'East');
insert into customer(id,gender,income_group_id,marital_status) values(1265,'MALE',1,false);
insert into customer_policy(id,date_of_purchase,customer_id,fuel,vehicle_segment,premium,bodily_injury_liability,personal_injury_protection,property_damage_liability,collision,comprehensive,region) values(13210,'2018-08-22T18:30:00.000Z',1265,'Petrol','B',1709,false,false,false,true,true,'East');
insert into customer(id,gender,income_group_id,marital_status) values(1266,'MALE',1,true);
insert into customer_policy(id,date_of_purchase,customer_id,fuel,vehicle_segment,premium,bodily_injury_liability,personal_injury_protection,property_damage_liability,collision,comprehensive,region) values(13211,'2018-08-07T18:30:00.000Z',1266,'Petrol','B',973,false,true,true,false,true,'East');
insert into customer(id,gender,income_group_id,marital_status) values(1267,'MALE',1,true);
insert into customer_policy(id,date_of_purchase,customer_id,fuel,vehicle_segment,premium,bodily_injury_liability,personal_injury_protection,property_damage_liability,collision,comprehensive,region) values(13212,'2018-08-18T18:30:00.000Z',1267,'Petrol','B',747,false,false,true,false,true,'East');
insert into customer(id,gender,income_group_id,marital_status) values(1268,'MALE',1,true);
insert into customer_policy(id,date_of_purchase,customer_id,fuel,vehicle_segment,premium,bodily_injury_liability,personal_injury_protection,property_damage_liability,collision,comprehensive,region) values(13213,'2018-08-05T18:30:00.000Z',1268,'Petrol','B',1102,true,false,false,true,false,'East');
insert into customer(id,gender,income_group_id,marital_status) values(1269,'MALE',1,false);
insert into customer_policy(id,date_of_purchase,customer_id,fuel,vehicle_segment,premium,bodily_injury_liability,personal_injury_protection,property_damage_liability,collision,comprehensive,region) values(13214,'2018-08-14T18:30:00.000Z',1269,'Petrol','B',1878,false,true,false,true,true,'East');
insert into customer(id,gender,income_group_id,marital_status) values(1270,'MALE',1,false);
insert into customer_policy(id,date_of_purchase,customer_id,fuel,vehicle_segment,premium,bodily_injury_liability,personal_injury_protection,property_damage_liability,collision,comprehensive,region) values(13215,'2018-08-16T18:30:00.000Z',1270,'Petrol','B',975,false,true,false,false,false,'East');
insert into customer(id,gender,income_group_id,marital_status) values(1271,'MALE',1,true);
insert into customer_policy(id,date_of_purchase,customer_id,fuel,vehicle_segment,premium,bodily_injury_liability,personal_injury_protection,property_damage_liability,collision,comprehensive,region) values(13216,'2018-08-18T18:30:00.000Z',1271,'Petrol','B',803,true,true,false,false,true,'East');
insert into customer(id,gender,income_group_id,marital_status) values(1272,'MALE',1,false);
insert into customer_policy(id,date_of_purchase,customer_id,fuel,vehicle_segment,premium,bodily_injury_liability,personal_injury_protection,property_damage_liability,collision,comprehensive,region) values(13217,'2018-08-29T18:30:00.000Z',1272,'Petrol','B',2339,true,true,false,true,true,'East');
insert into customer(id,gender,income_group_id,marital_status) values(1273,'MALE',1,true);
insert into customer_policy(id,date_of_purchase,customer_id,fuel,vehicle_segment,premium,bodily_injury_liability,personal_injury_protection,property_damage_liability,collision,comprehensive,region) values(13218,'2018-08-16T18:30:00.000Z',1273,'Petrol','B',1340,true,false,true,false,false,'East');
insert into customer(id,gender,income_group_id,marital_status) values(1274,'MALE',1,false);
insert into customer_policy(id,date_of_purchase,customer_id,fuel,vehicle_segment,premium,bodily_injury_liability,personal_injury_protection,property_damage_liability,collision,comprehensive,region) values(13219,'2018-08-15T18:30:00.000Z',1274,'Petrol','B',1539,true,true,false,true,true,'East');
insert into customer(id,gender,income_group_id,marital_status) values(1275,'MALE',1,true);
insert into customer_policy(id,date_of_purchase,customer_id,fuel,vehicle_segment,premium,bodily_injury_liability,personal_injury_protection,property_damage_liability,collision,comprehensive,region) values(13220,'2018-08-22T18:30:00.000Z',1275,'Petrol','B',1364,false,false,false,true,true,'East');
insert into customer(id,gender,income_group_id,marital_status) values(1276,'MALE',1,true);
insert into customer_policy(id,date_of_purchase,customer_id,fuel,vehicle_segment,premium,bodily_injury_liability,personal_injury_protection,property_damage_liability,collision,comprehensive,region) values(13221,'2018-08-25T18:30:00.000Z',1276,'Petrol','B',1083,true,false,false,false,true,'East');
insert into customer(id,gender,income_group_id,marital_status) values(1277,'MALE',1,true);
insert into customer_policy(id,date_of_purchase,customer_id,fuel,vehicle_segment,premium,bodily_injury_liability,personal_injury_protection,property_damage_liability,collision,comprehensive,region) values(13222,'2018-08-29T18:30:00.000Z',1277,'Petrol','B',2380,true,false,true,true,false,'East');
insert into customer(id,gender,income_group_id,marital_status) values(1278,'MALE',1,true);
insert into customer_policy(id,date_of_purchase,customer_id,fuel,vehicle_segment,premium,bodily_injury_liability,personal_injury_protection,property_damage_liability,collision,comprehensive,region) values(13223,'2018-08-24T18:30:00.000Z',1278,'Petrol','B',2238,false,true,false,false,true,'East');
insert into customer(id,gender,income_group_id,marital_status) values(1279,'MALE',1,false);
insert into customer_policy(id,date_of_purchase,customer_id,fuel,vehicle_segment,premium,bodily_injury_liability,personal_injury_protection,property_damage_liability,collision,comprehensive,region) values(13224,'2018-08-29T18:30:00.000Z',1279,'Petrol','B',2192,false,true,true,true,true,'East');
insert into customer(id,gender,income_group_id,marital_status) values(1280,'MALE',1,true);
insert into customer_policy(id,date_of_purchase,customer_id,fuel,vehicle_segment,premium,bodily_injury_liability,personal_injury_protection,property_damage_liability,collision,comprehensive,region) values(13225,'2018-08-16T18:30:00.000Z',1280,'Petrol','B',1302,true,true,false,false,false,'East');
insert into customer(id,gender,income_group_id,marital_status) values(1281,'MALE',1,true);
insert into customer_policy(id,date_of_purchase,customer_id,fuel,vehicle_segment,premium,bodily_injury_liability,personal_injury_protection,property_damage_liability,collision,comprehensive,region) values(13226,'2018-08-05T18:30:00.000Z',1281,'Petrol','B',773,true,false,false,true,false,'East');
insert into customer(id,gender,income_group_id,marital_status) values(1282,'MALE',1,false);
insert into customer_policy(id,date_of_purchase,customer_id,fuel,vehicle_segment,premium,bodily_injury_liability,personal_injury_protection,property_damage_liability,collision,comprehensive,region) values(13227,'2018-08-27T18:30:00.000Z',1282,'Petrol','B',2107,false,true,false,true,false,'East');
insert into customer(id,gender,income_group_id,marital_status) values(1283,'MALE',1,true);
insert into customer_policy(id,date_of_purchase,customer_id,fuel,vehicle_segment,premium,bodily_injury_liability,personal_injury_protection,property_damage_liability,collision,comprehensive,region) values(13228,'2018-08-24T18:30:00.000Z',1283,'Petrol','B',1212,true,false,true,false,true,'East');
insert into customer(id,gender,income_group_id,marital_status) values(1284,'MALE',1,false);
insert into customer_policy(id,date_of_purchase,customer_id,fuel,vehicle_segment,premium,bodily_injury_liability,personal_injury_protection,property_damage_liability,collision,comprehensive,region) values(13229,'2018-08-27T18:30:00.000Z',1284,'Petrol','B',1090,false,false,true,true,false,'East');
insert into customer(id,gender,income_group_id,marital_status) values(1285,'MALE',1,true);
insert into customer_policy(id,date_of_purchase,customer_id,fuel,vehicle_segment,premium,bodily_injury_liability,personal_injury_protection,property_damage_liability,collision,comprehensive,region) values(13230,'2018-08-10T18:30:00.000Z',1285,'Petrol','B',1689,false,true,true,true,true,'East');
insert into customer(id,gender,income_group_id,marital_status) values(1286,'MALE',1,false);
insert into customer_policy(id,date_of_purchase,customer_id,fuel,vehicle_segment,premium,bodily_injury_liability,personal_injury_protection,property_damage_liability,collision,comprehensive,region) values(13231,'2018-08-10T18:30:00.000Z',1286,'Petrol','B',1390,false,false,true,true,false,'East');
insert into customer(id,gender,income_group_id,marital_status) values(1287,'MALE',1,true);
insert into customer_policy(id,date_of_purchase,customer_id,fuel,vehicle_segment,premium,bodily_injury_liability,personal_injury_protection,property_damage_liability,collision,comprehensive,region) values(13232,'2018-08-16T18:30:00.000Z',1287,'Petrol','B',2403,true,true,false,false,true,'East');
insert into customer(id,gender,income_group_id,marital_status) values(1288,'MALE',1,false);
insert into customer_policy(id,date_of_purchase,customer_id,fuel,vehicle_segment,premium,bodily_injury_liability,personal_injury_protection,property_damage_liability,collision,comprehensive,region) values(13233,'2018-08-29T18:30:00.000Z',1288,'Petrol','B',1525,true,false,true,true,false,'East');
insert into customer(id,gender,income_group_id,marital_status) values(1289,'MALE',1,true);
insert into customer_policy(id,date_of_purchase,customer_id,fuel,vehicle_segment,premium,bodily_injury_liability,personal_injury_protection,property_damage_liability,collision,comprehensive,region) values(13234,'2018-08-06T18:30:00.000Z',1289,'Petrol','B',2268,false,true,true,true,true,'East');
insert into customer(id,gender,income_group_id,marital_status) values(1290,'MALE',1,true);
insert into customer_policy(id,date_of_purchase,customer_id,fuel,vehicle_segment,premium,bodily_injury_liability,personal_injury_protection,property_damage_liability,collision,comprehensive,region) values(13235,'2018-08-25T18:30:00.000Z',1290,'Petrol','B',1261,false,false,false,true,true,'East');
insert into customer(id,gender,income_group_id,marital_status) values(1291,'MALE',1,true);
insert into customer_policy(id,date_of_purchase,customer_id,fuel,vehicle_segment,premium,bodily_injury_liability,personal_injury_protection,property_damage_liability,collision,comprehensive,region) values(13236,'2018-08-01T18:30:00.000Z',1291,'Petrol','B',1538,false,true,true,true,true,'East');
insert into customer(id,gender,income_group_id,marital_status) values(1292,'MALE',1,true);
insert into customer_policy(id,date_of_purchase,customer_id,fuel,vehicle_segment,premium,bodily_injury_liability,personal_injury_protection,property_damage_liability,collision,comprehensive,region) values(13237,'2018-08-16T18:30:00.000Z',1292,'Petrol','B',1536,true,false,false,true,true,'East');
insert into customer(id,gender,income_group_id,marital_status) values(1293,'MALE',1,true);
insert into customer_policy(id,date_of_purchase,customer_id,fuel,vehicle_segment,premium,bodily_injury_liability,personal_injury_protection,property_damage_liability,collision,comprehensive,region) values(13238,'2018-08-13T18:30:00.000Z',1293,'Petrol','B',1704,false,true,true,false,false,'East');
insert into customer(id,gender,income_group_id,marital_status) values(1294,'MALE',1,false);
insert into customer_policy(id,date_of_purchase,customer_id,fuel,vehicle_segment,premium,bodily_injury_liability,personal_injury_protection,property_damage_liability,collision,comprehensive,region) values(13239,'2018-08-17T18:30:00.000Z',1294,'Petrol','B',2018,false,true,true,true,true,'East');
insert into customer(id,gender,income_group_id,marital_status) values(1295,'MALE',1,true);
insert into customer_policy(id,date_of_purchase,customer_id,fuel,vehicle_segment,premium,bodily_injury_liability,personal_injury_protection,property_damage_liability,collision,comprehensive,region) values(13240,'2018-08-20T18:30:00.000Z',1295,'Petrol','B',1967,false,true,true,false,false,'East');
insert into customer(id,gender,income_group_id,marital_status) values(1296,'MALE',1,true);
insert into customer_policy(id,date_of_purchase,customer_id,fuel,vehicle_segment,premium,bodily_injury_liability,personal_injury_protection,property_damage_liability,collision,comprehensive,region) values(13241,'2018-08-07T18:30:00.000Z',1296,'Petrol','B',1884,true,false,false,true,true,'East');
insert into customer(id,gender,income_group_id,marital_status) values(1297,'MALE',1,false);
insert into customer_policy(id,date_of_purchase,customer_id,fuel,vehicle_segment,premium,bodily_injury_liability,personal_injury_protection,property_damage_liability,collision,comprehensive,region) values(13242,'2018-08-02T18:30:00.000Z',1297,'Petrol','B',2253,true,false,true,false,true,'East');
insert into customer(id,gender,income_group_id,marital_status) values(1298,'MALE',1,false);
insert into customer_policy(id,date_of_purchase,customer_id,fuel,vehicle_segment,premium,bodily_injury_liability,personal_injury_protection,property_damage_liability,collision,comprehensive,region) values(13243,'2018-08-25T18:30:00.000Z',1298,'Petrol','B',1969,true,false,true,false,true,'East');
insert into customer(id,gender,income_group_id,marital_status) values(1299,'MALE',1,false);
insert into customer_policy(id,date_of_purchase,customer_id,fuel,vehicle_segment,premium,bodily_injury_liability,personal_injury_protection,property_damage_liability,collision,comprehensive,region) values(13244,'2018-08-02T18:30:00.000Z',1299,'Petrol','B',667,false,false,false,false,false,'East');
insert into customer(id,gender,income_group_id,marital_status) values(1300,'MALE',1,true);
insert into customer_policy(id,date_of_purchase,customer_id,fuel,vehicle_segment,premium,bodily_injury_liability,personal_injury_protection,property_damage_liability,collision,comprehensive,region) values(13245,'2018-09-02T18:30:00.000Z',1300,'Petrol','B',1584,false,false,false,false,true,'East');
insert into customer(id,gender,income_group_id,marital_status) values(1301,'MALE',1,false);
insert into customer_policy(id,date_of_purchase,customer_id,fuel,vehicle_segment,premium,bodily_injury_liability,personal_injury_protection,property_damage_liability,collision,comprehensive,region) values(13246,'2018-09-13T18:30:00.000Z',1301,'Petrol','B',577,true,false,true,false,true,'East');
insert into customer(id,gender,income_group_id,marital_status) values(1302,'MALE',1,false);
insert into customer_policy(id,date_of_purchase,customer_id,fuel,vehicle_segment,premium,bodily_injury_liability,personal_injury_protection,property_damage_liability,collision,comprehensive,region) values(13247,'2018-09-28T18:30:00.000Z',1302,'Petrol','B',2441,false,false,true,false,false,'East');
insert into customer(id,gender,income_group_id,marital_status) values(1303,'MALE',1,false);
insert into customer_policy(id,date_of_purchase,customer_id,fuel,vehicle_segment,premium,bodily_injury_liability,personal_injury_protection,property_damage_liability,collision,comprehensive,region) values(13248,'2018-09-19T18:30:00.000Z',1303,'Petrol','B',616,true,false,true,true,true,'East');
insert into customer(id,gender,income_group_id,marital_status) values(1304,'MALE',1,false);
insert into customer_policy(id,date_of_purchase,customer_id,fuel,vehicle_segment,premium,bodily_injury_liability,personal_injury_protection,property_damage_liability,collision,comprehensive,region) values(13249,'2018-09-11T18:30:00.000Z',1304,'Petrol','B',1801,true,true,false,true,false,'East');
insert into customer(id,gender,income_group_id,marital_status) values(1305,'MALE',1,true);
insert into customer_policy(id,date_of_purchase,customer_id,fuel,vehicle_segment,premium,bodily_injury_liability,personal_injury_protection,property_damage_liability,collision,comprehensive,region) values(13250,'2018-09-18T18:30:00.000Z',1305,'Petrol','B',1613,false,false,true,false,true,'East');
insert into customer(id,gender,income_group_id,marital_status) values(1306,'MALE',1,true);
insert into customer_policy(id,date_of_purchase,customer_id,fuel,vehicle_segment,premium,bodily_injury_liability,personal_injury_protection,property_damage_liability,collision,comprehensive,region) values(13251,'2018-08-31T18:30:00.000Z',1306,'Petrol','B',1893,false,true,false,false,true,'East');
insert into customer(id,gender,income_group_id,marital_status) values(1307,'FEMALE',1,false);
insert into customer_policy(id,date_of_purchase,customer_id,fuel,vehicle_segment,premium,bodily_injury_liability,personal_injury_protection,property_damage_liability,collision,comprehensive,region) values(13252,'2018-09-17T18:30:00.000Z',1307,'Petrol','B',1280,false,true,true,true,true,'East');
insert into customer(id,gender,income_group_id,marital_status) values(1308,'FEMALE',1,true);
insert into customer_policy(id,date_of_purchase,customer_id,fuel,vehicle_segment,premium,bodily_injury_liability,personal_injury_protection,property_damage_liability,collision,comprehensive,region) values(13253,'2018-09-25T18:30:00.000Z',1308,'Petrol','B',1698,true,true,false,false,false,'East');
insert into customer(id,gender,income_group_id,marital_status) values(1309,'FEMALE',1,true);
insert into customer_policy(id,date_of_purchase,customer_id,fuel,vehicle_segment,premium,bodily_injury_liability,personal_injury_protection,property_damage_liability,collision,comprehensive,region) values(13254,'2018-09-23T18:30:00.000Z',1309,'Petrol','B',578,false,true,false,false,true,'East');
insert into customer(id,gender,income_group_id,marital_status) values(1310,'FEMALE',1,true);
insert into customer_policy(id,date_of_purchase,customer_id,fuel,vehicle_segment,premium,bodily_injury_liability,personal_injury_protection,property_damage_liability,collision,comprehensive,region) values(13255,'2018-09-27T18:30:00.000Z',1310,'Petrol','B',2085,false,false,true,true,false,'East');
insert into customer(id,gender,income_group_id,marital_status) values(1311,'FEMALE',1,false);
insert into customer_policy(id,date_of_purchase,customer_id,fuel,vehicle_segment,premium,bodily_injury_liability,personal_injury_protection,property_damage_liability,collision,comprehensive,region) values(13256,'2018-09-10T18:30:00.000Z',1311,'Petrol','B',1258,false,false,true,true,false,'East');
insert into customer(id,gender,income_group_id,marital_status) values(1312,'FEMALE',1,true);
insert into customer_policy(id,date_of_purchase,customer_id,fuel,vehicle_segment,premium,bodily_injury_liability,personal_injury_protection,property_damage_liability,collision,comprehensive,region) values(13257,'2018-08-31T18:30:00.000Z',1312,'Petrol','B',1150,true,true,true,true,false,'East');
insert into customer(id,gender,income_group_id,marital_status) values(1313,'FEMALE',1,false);
insert into customer_policy(id,date_of_purchase,customer_id,fuel,vehicle_segment,premium,bodily_injury_liability,personal_injury_protection,property_damage_liability,collision,comprehensive,region) values(13258,'2018-09-14T18:30:00.000Z',1313,'Petrol','B',762,true,true,false,true,false,'East');
insert into customer(id,gender,income_group_id,marital_status) values(1314,'FEMALE',1,true);
insert into customer_policy(id,date_of_purchase,customer_id,fuel,vehicle_segment,premium,bodily_injury_liability,personal_injury_protection,property_damage_liability,collision,comprehensive,region) values(13259,'2018-09-01T18:30:00.000Z',1314,'Petrol','B',1418,false,false,false,false,false,'East');
insert into customer(id,gender,income_group_id,marital_status) values(1315,'FEMALE',1,false);
insert into customer_policy(id,date_of_purchase,customer_id,fuel,vehicle_segment,premium,bodily_injury_liability,personal_injury_protection,property_damage_liability,collision,comprehensive,region) values(13260,'2018-09-04T18:30:00.000Z',1315,'Petrol','B',1784,true,true,true,true,true,'East');
insert into customer(id,gender,income_group_id,marital_status) values(1316,'FEMALE',1,true);
insert into customer_policy(id,date_of_purchase,customer_id,fuel,vehicle_segment,premium,bodily_injury_liability,personal_injury_protection,property_damage_liability,collision,comprehensive,region) values(13261,'2018-09-15T18:30:00.000Z',1316,'Petrol','B',1278,false,true,true,false,true,'East');
insert into customer(id,gender,income_group_id,marital_status) values(1317,'FEMALE',1,false);
insert into customer_policy(id,date_of_purchase,customer_id,fuel,vehicle_segment,premium,bodily_injury_liability,personal_injury_protection,property_damage_liability,collision,comprehensive,region) values(13262,'2018-09-11T18:30:00.000Z',1317,'Petrol','B',1312,false,true,true,false,true,'East');
insert into customer(id,gender,income_group_id,marital_status) values(1318,'FEMALE',1,true);
insert into customer_policy(id,date_of_purchase,customer_id,fuel,vehicle_segment,premium,bodily_injury_liability,personal_injury_protection,property_damage_liability,collision,comprehensive,region) values(13263,'2018-09-17T18:30:00.000Z',1318,'Petrol','B',1755,false,true,true,true,false,'East');
insert into customer(id,gender,income_group_id,marital_status) values(1319,'FEMALE',1,false);
insert into customer_policy(id,date_of_purchase,customer_id,fuel,vehicle_segment,premium,bodily_injury_liability,personal_injury_protection,property_damage_liability,collision,comprehensive,region) values(13264,'2018-09-11T18:30:00.000Z',1319,'Petrol','B',954,true,true,false,false,false,'East');
insert into customer(id,gender,income_group_id,marital_status) values(1320,'FEMALE',1,false);
insert into customer_policy(id,date_of_purchase,customer_id,fuel,vehicle_segment,premium,bodily_injury_liability,personal_injury_protection,property_damage_liability,collision,comprehensive,region) values(13265,'2018-08-31T18:30:00.000Z',1320,'Petrol','B',1451,false,true,false,true,true,'East');
insert into customer(id,gender,income_group_id,marital_status) values(1321,'FEMALE',1,false);
insert into customer_policy(id,date_of_purchase,customer_id,fuel,vehicle_segment,premium,bodily_injury_liability,personal_injury_protection,property_damage_liability,collision,comprehensive,region) values(13266,'2018-09-05T18:30:00.000Z',1321,'Petrol','B',2485,true,false,true,true,true,'East');
insert into customer(id,gender,income_group_id,marital_status) values(1322,'FEMALE',1,false);
insert into customer_policy(id,date_of_purchase,customer_id,fuel,vehicle_segment,premium,bodily_injury_liability,personal_injury_protection,property_damage_liability,collision,comprehensive,region) values(13267,'2018-09-07T18:30:00.000Z',1322,'Petrol','B',2380,false,true,true,false,true,'East');
insert into customer(id,gender,income_group_id,marital_status) values(1323,'FEMALE',1,false);
insert into customer_policy(id,date_of_purchase,customer_id,fuel,vehicle_segment,premium,bodily_injury_liability,personal_injury_protection,property_damage_liability,collision,comprehensive,region) values(13268,'2018-09-12T18:30:00.000Z',1323,'Petrol','B',1573,true,true,false,false,true,'East');
insert into customer(id,gender,income_group_id,marital_status) values(1324,'FEMALE',1,true);
insert into customer_policy(id,date_of_purchase,customer_id,fuel,vehicle_segment,premium,bodily_injury_liability,personal_injury_protection,property_damage_liability,collision,comprehensive,region) values(13269,'2018-09-03T18:30:00.000Z',1324,'Petrol','B',2220,false,false,false,true,true,'East');
insert into customer(id,gender,income_group_id,marital_status) values(1325,'FEMALE',1,false);
insert into customer_policy(id,date_of_purchase,customer_id,fuel,vehicle_segment,premium,bodily_injury_liability,personal_injury_protection,property_damage_liability,collision,comprehensive,region) values(13270,'2018-09-08T18:30:00.000Z',1325,'Petrol','B',2070,false,true,true,true,false,'East');
insert into customer(id,gender,income_group_id,marital_status) values(1326,'FEMALE',1,false);
insert into customer_policy(id,date_of_purchase,customer_id,fuel,vehicle_segment,premium,bodily_injury_liability,personal_injury_protection,property_damage_liability,collision,comprehensive,region) values(13271,'2018-09-15T18:30:00.000Z',1326,'Petrol','B',1995,false,false,true,true,true,'East');
insert into customer(id,gender,income_group_id,marital_status) values(1327,'FEMALE',1,true);
insert into customer_policy(id,date_of_purchase,customer_id,fuel,vehicle_segment,premium,bodily_injury_liability,personal_injury_protection,property_damage_liability,collision,comprehensive,region) values(13272,'2018-09-28T18:30:00.000Z',1327,'Petrol','B',578,false,false,false,false,true,'East');
insert into customer(id,gender,income_group_id,marital_status) values(1328,'FEMALE',1,true);
insert into customer_policy(id,date_of_purchase,customer_id,fuel,vehicle_segment,premium,bodily_injury_liability,personal_injury_protection,property_damage_liability,collision,comprehensive,region) values(13273,'2018-09-16T18:30:00.000Z',1328,'Petrol','B',1142,false,true,false,false,true,'East');
insert into customer(id,gender,income_group_id,marital_status) values(1329,'FEMALE',1,true);
insert into customer_policy(id,date_of_purchase,customer_id,fuel,vehicle_segment,premium,bodily_injury_liability,personal_injury_protection,property_damage_liability,collision,comprehensive,region) values(13274,'2018-09-26T18:30:00.000Z',1329,'Petrol','B',2023,true,true,false,true,true,'East');
insert into customer(id,gender,income_group_id,marital_status) values(1330,'FEMALE',1,false);
insert into customer_policy(id,date_of_purchase,customer_id,fuel,vehicle_segment,premium,bodily_injury_liability,personal_injury_protection,property_damage_liability,collision,comprehensive,region) values(13275,'2018-09-14T18:30:00.000Z',1330,'Petrol','B',2391,false,true,true,false,false,'East');
insert into customer(id,gender,income_group_id,marital_status) values(1331,'FEMALE',1,true);
insert into customer_policy(id,date_of_purchase,customer_id,fuel,vehicle_segment,premium,bodily_injury_liability,personal_injury_protection,property_damage_liability,collision,comprehensive,region) values(13276,'2018-09-07T18:30:00.000Z',1331,'Petrol','B',1337,true,true,true,false,false,'East');
insert into customer(id,gender,income_group_id,marital_status) values(1332,'FEMALE',1,false);
insert into customer_policy(id,date_of_purchase,customer_id,fuel,vehicle_segment,premium,bodily_injury_liability,personal_injury_protection,property_damage_liability,collision,comprehensive,region) values(13277,'2018-09-15T18:30:00.000Z',1332,'Petrol','B',2384,false,false,false,true,true,'East');
insert into customer(id,gender,income_group_id,marital_status) values(1333,'FEMALE',1,false);
insert into customer_policy(id,date_of_purchase,customer_id,fuel,vehicle_segment,premium,bodily_injury_liability,personal_injury_protection,property_damage_liability,collision,comprehensive,region) values(13278,'2018-09-08T18:30:00.000Z',1333,'Petrol','B',1782,false,true,false,false,false,'East');
insert into customer(id,gender,income_group_id,marital_status) values(1334,'FEMALE',1,true);
insert into customer_policy(id,date_of_purchase,customer_id,fuel,vehicle_segment,premium,bodily_injury_liability,personal_injury_protection,property_damage_liability,collision,comprehensive,region) values(13279,'2018-09-29T18:30:00.000Z',1334,'Petrol','B',2458,false,false,false,true,true,'East');
insert into customer(id,gender,income_group_id,marital_status) values(1335,'FEMALE',1,true);
insert into customer_policy(id,date_of_purchase,customer_id,fuel,vehicle_segment,premium,bodily_injury_liability,personal_injury_protection,property_damage_liability,collision,comprehensive,region) values(13280,'2018-09-26T18:30:00.000Z',1335,'Petrol','B',1680,true,false,true,true,false,'East');
insert into customer(id,gender,income_group_id,marital_status) values(1336,'FEMALE',1,true);
insert into customer_policy(id,date_of_purchase,customer_id,fuel,vehicle_segment,premium,bodily_injury_liability,personal_injury_protection,property_damage_liability,collision,comprehensive,region) values(13281,'2018-09-04T18:30:00.000Z',1336,'Petrol','B',1528,false,false,false,false,false,'East');
insert into customer(id,gender,income_group_id,marital_status) values(1337,'FEMALE',1,false);
insert into customer_policy(id,date_of_purchase,customer_id,fuel,vehicle_segment,premium,bodily_injury_liability,personal_injury_protection,property_damage_liability,collision,comprehensive,region) values(13282,'2018-09-20T18:30:00.000Z',1337,'Petrol','B',2386,true,true,true,true,true,'East');
insert into customer(id,gender,income_group_id,marital_status) values(1338,'FEMALE',1,false);
insert into customer_policy(id,date_of_purchase,customer_id,fuel,vehicle_segment,premium,bodily_injury_liability,personal_injury_protection,property_damage_liability,collision,comprehensive,region) values(13283,'2018-09-22T18:30:00.000Z',1338,'Petrol','B',531,false,false,false,true,false,'East');
insert into customer(id,gender,income_group_id,marital_status) values(1339,'FEMALE',1,true);
insert into customer_policy(id,date_of_purchase,customer_id,fuel,vehicle_segment,premium,bodily_injury_liability,personal_injury_protection,property_damage_liability,collision,comprehensive,region) values(13284,'2018-09-18T18:30:00.000Z',1339,'Petrol','B',2490,false,false,true,false,false,'East');
insert into customer(id,gender,income_group_id,marital_status) values(1340,'FEMALE',1,true);
insert into customer_policy(id,date_of_purchase,customer_id,fuel,vehicle_segment,premium,bodily_injury_liability,personal_injury_protection,property_damage_liability,collision,comprehensive,region) values(13285,'2018-09-21T18:30:00.000Z',1340,'Petrol','B',1493,true,true,false,true,false,'East');
insert into customer(id,gender,income_group_id,marital_status) values(1341,'FEMALE',1,true);
insert into customer_policy(id,date_of_purchase,customer_id,fuel,vehicle_segment,premium,bodily_injury_liability,personal_injury_protection,property_damage_liability,collision,comprehensive,region) values(13286,'2018-09-17T18:30:00.000Z',1341,'Petrol','B',2195,true,true,false,false,true,'East');
insert into customer(id,gender,income_group_id,marital_status) values(1342,'FEMALE',1,false);
insert into customer_policy(id,date_of_purchase,customer_id,fuel,vehicle_segment,premium,bodily_injury_liability,personal_injury_protection,property_damage_liability,collision,comprehensive,region) values(13287,'2018-09-24T18:30:00.000Z',1342,'Petrol','B',1004,true,true,false,false,false,'East');
insert into customer(id,gender,income_group_id,marital_status) values(1343,'FEMALE',1,false);
insert into customer_policy(id,date_of_purchase,customer_id,fuel,vehicle_segment,premium,bodily_injury_liability,personal_injury_protection,property_damage_liability,collision,comprehensive,region) values(13288,'2018-09-20T18:30:00.000Z',1343,'Petrol','B',698,true,false,false,true,false,'East');
insert into customer(id,gender,income_group_id,marital_status) values(1344,'FEMALE',1,true);
insert into customer_policy(id,date_of_purchase,customer_id,fuel,vehicle_segment,premium,bodily_injury_liability,personal_injury_protection,property_damage_liability,collision,comprehensive,region) values(13289,'2018-09-05T18:30:00.000Z',1344,'Petrol','B',710,false,true,false,false,true,'East');
insert into customer(id,gender,income_group_id,marital_status) values(1345,'FEMALE',1,true);
insert into customer_policy(id,date_of_purchase,customer_id,fuel,vehicle_segment,premium,bodily_injury_liability,personal_injury_protection,property_damage_liability,collision,comprehensive,region) values(13290,'2018-09-19T18:30:00.000Z',1345,'Petrol','B',858,false,true,false,true,false,'East');
insert into customer(id,gender,income_group_id,marital_status) values(1346,'FEMALE',1,false);
insert into customer_policy(id,date_of_purchase,customer_id,fuel,vehicle_segment,premium,bodily_injury_liability,personal_injury_protection,property_damage_liability,collision,comprehensive,region) values(13291,'2018-09-05T18:30:00.000Z',1346,'Petrol','B',892,true,false,false,true,true,'East');
insert into customer(id,gender,income_group_id,marital_status) values(1347,'FEMALE',1,false);
insert into customer_policy(id,date_of_purchase,customer_id,fuel,vehicle_segment,premium,bodily_injury_liability,personal_injury_protection,property_damage_liability,collision,comprehensive,region) values(13292,'2018-09-23T18:30:00.000Z',1347,'Petrol','B',2157,true,true,true,true,true,'East');
insert into customer(id,gender,income_group_id,marital_status) values(1348,'FEMALE',1,false);
insert into customer_policy(id,date_of_purchase,customer_id,fuel,vehicle_segment,premium,bodily_injury_liability,personal_injury_protection,property_damage_liability,collision,comprehensive,region) values(13293,'2018-09-16T18:30:00.000Z',1348,'Petrol','B',1227,true,true,false,true,false,'East');
insert into customer(id,gender,income_group_id,marital_status) values(1349,'FEMALE',1,true);
insert into customer_policy(id,date_of_purchase,customer_id,fuel,vehicle_segment,premium,bodily_injury_liability,personal_injury_protection,property_damage_liability,collision,comprehensive,region) values(13294,'2018-09-03T18:30:00.000Z',1349,'Petrol','B',733,false,false,false,true,false,'East');
insert into customer(id,gender,income_group_id,marital_status) values(1350,'FEMALE',1,true);
insert into customer_policy(id,date_of_purchase,customer_id,fuel,vehicle_segment,premium,bodily_injury_liability,personal_injury_protection,property_damage_liability,collision,comprehensive,region) values(13295,'2018-09-28T18:30:00.000Z',1350,'Petrol','B',1471,true,false,true,false,true,'East');
insert into customer(id,gender,income_group_id,marital_status) values(1351,'FEMALE',1,true);
insert into customer_policy(id,date_of_purchase,customer_id,fuel,vehicle_segment,premium,bodily_injury_liability,personal_injury_protection,property_damage_liability,collision,comprehensive,region) values(13296,'2018-09-20T18:30:00.000Z',1351,'Petrol','B',1546,false,true,false,true,true,'East');
insert into customer(id,gender,income_group_id,marital_status) values(1352,'FEMALE',1,false);
insert into customer_policy(id,date_of_purchase,customer_id,fuel,vehicle_segment,premium,bodily_injury_liability,personal_injury_protection,property_damage_liability,collision,comprehensive,region) values(13297,'2018-09-09T18:30:00.000Z',1352,'Petrol','B',1391,false,false,false,false,false,'East');
insert into customer(id,gender,income_group_id,marital_status) values(1353,'FEMALE',1,true);
insert into customer_policy(id,date_of_purchase,customer_id,fuel,vehicle_segment,premium,bodily_injury_liability,personal_injury_protection,property_damage_liability,collision,comprehensive,region) values(13298,'2018-09-10T18:30:00.000Z',1353,'Petrol','B',1971,true,false,true,false,true,'East');
insert into customer(id,gender,income_group_id,marital_status) values(1354,'FEMALE',1,false);
insert into customer_policy(id,date_of_purchase,customer_id,fuel,vehicle_segment,premium,bodily_injury_liability,personal_injury_protection,property_damage_liability,collision,comprehensive,region) values(13299,'2018-09-26T18:30:00.000Z',1354,'Petrol','B',1609,false,true,true,true,true,'East');
insert into customer(id,gender,income_group_id,marital_status) values(1355,'FEMALE',1,true);
insert into customer_policy(id,date_of_purchase,customer_id,fuel,vehicle_segment,premium,bodily_injury_liability,personal_injury_protection,property_damage_liability,collision,comprehensive,region) values(13300,'2018-09-25T18:30:00.000Z',1355,'Petrol','B',1868,true,false,true,true,true,'East');
insert into customer(id,gender,income_group_id,marital_status) values(1356,'FEMALE',1,true);
insert into customer_policy(id,date_of_purchase,customer_id,fuel,vehicle_segment,premium,bodily_injury_liability,personal_injury_protection,property_damage_liability,collision,comprehensive,region) values(13301,'2018-09-13T18:30:00.000Z',1356,'Petrol','B',2057,false,false,false,true,true,'East');
insert into customer(id,gender,income_group_id,marital_status) values(1357,'FEMALE',1,false);
insert into customer_policy(id,date_of_purchase,customer_id,fuel,vehicle_segment,premium,bodily_injury_liability,personal_injury_protection,property_damage_liability,collision,comprehensive,region) values(13302,'2018-09-11T18:30:00.000Z',1357,'Petrol','B',774,true,false,false,true,false,'East');
insert into customer(id,gender,income_group_id,marital_status) values(1358,'FEMALE',1,true);
insert into customer_policy(id,date_of_purchase,customer_id,fuel,vehicle_segment,premium,bodily_injury_liability,personal_injury_protection,property_damage_liability,collision,comprehensive,region) values(13303,'2018-09-10T18:30:00.000Z',1358,'Petrol','B',1696,true,false,false,false,false,'East');
insert into customer(id,gender,income_group_id,marital_status) values(1359,'FEMALE',1,true);
insert into customer_policy(id,date_of_purchase,customer_id,fuel,vehicle_segment,premium,bodily_injury_liability,personal_injury_protection,property_damage_liability,collision,comprehensive,region) values(13304,'2018-09-04T18:30:00.000Z',1359,'Petrol','B',1794,false,false,false,false,true,'East');
insert into customer(id,gender,income_group_id,marital_status) values(1360,'FEMALE',1,false);
insert into customer_policy(id,date_of_purchase,customer_id,fuel,vehicle_segment,premium,bodily_injury_liability,personal_injury_protection,property_damage_liability,collision,comprehensive,region) values(13305,'2018-09-15T18:30:00.000Z',1360,'Petrol','B',1393,true,true,false,true,false,'East');
insert into customer(id,gender,income_group_id,marital_status) values(1361,'FEMALE',1,false);
insert into customer_policy(id,date_of_purchase,customer_id,fuel,vehicle_segment,premium,bodily_injury_liability,personal_injury_protection,property_damage_liability,collision,comprehensive,region) values(13306,'2018-09-10T18:30:00.000Z',1361,'Petrol','B',2042,false,false,true,true,false,'East');
insert into customer(id,gender,income_group_id,marital_status) values(1362,'FEMALE',1,false);
insert into customer_policy(id,date_of_purchase,customer_id,fuel,vehicle_segment,premium,bodily_injury_liability,personal_injury_protection,property_damage_liability,collision,comprehensive,region) values(13307,'2018-09-28T18:30:00.000Z',1362,'Petrol','B',1497,false,false,false,false,true,'East');
insert into customer(id,gender,income_group_id,marital_status) values(1363,'FEMALE',1,true);
insert into customer_policy(id,date_of_purchase,customer_id,fuel,vehicle_segment,premium,bodily_injury_liability,personal_injury_protection,property_damage_liability,collision,comprehensive,region) values(13308,'2018-09-26T18:30:00.000Z',1363,'Petrol','B',2152,false,false,false,false,true,'East');
insert into customer(id,gender,income_group_id,marital_status) values(1364,'FEMALE',1,false);
insert into customer_policy(id,date_of_purchase,customer_id,fuel,vehicle_segment,premium,bodily_injury_liability,personal_injury_protection,property_damage_liability,collision,comprehensive,region) values(13309,'2018-08-31T18:30:00.000Z',1364,'Petrol','B',643,true,false,false,true,true,'East');
insert into customer(id,gender,income_group_id,marital_status) values(1365,'FEMALE',1,true);
insert into customer_policy(id,date_of_purchase,customer_id,fuel,vehicle_segment,premium,bodily_injury_liability,personal_injury_protection,property_damage_liability,collision,comprehensive,region) values(13310,'2018-09-27T18:30:00.000Z',1365,'Petrol','B',965,true,true,false,true,true,'East');
insert into customer(id,gender,income_group_id,marital_status) values(1366,'FEMALE',1,true);
insert into customer_policy(id,date_of_purchase,customer_id,fuel,vehicle_segment,premium,bodily_injury_liability,personal_injury_protection,property_damage_liability,collision,comprehensive,region) values(13311,'2018-09-06T18:30:00.000Z',1366,'Petrol','B',1177,true,true,true,false,true,'East');
insert into customer(id,gender,income_group_id,marital_status) values(1367,'FEMALE',1,true);
insert into customer_policy(id,date_of_purchase,customer_id,fuel,vehicle_segment,premium,bodily_injury_liability,personal_injury_protection,property_damage_liability,collision,comprehensive,region) values(13312,'2018-09-12T18:30:00.000Z',1367,'Petrol','B',856,false,true,false,false,false,'East');
insert into customer(id,gender,income_group_id,marital_status) values(1368,'FEMALE',1,false);
insert into customer_policy(id,date_of_purchase,customer_id,fuel,vehicle_segment,premium,bodily_injury_liability,personal_injury_protection,property_damage_liability,collision,comprehensive,region) values(13313,'2018-09-11T18:30:00.000Z',1368,'Petrol','B',2473,false,true,true,false,true,'East');
insert into customer(id,gender,income_group_id,marital_status) values(1369,'FEMALE',1,false);
insert into customer_policy(id,date_of_purchase,customer_id,fuel,vehicle_segment,premium,bodily_injury_liability,personal_injury_protection,property_damage_liability,collision,comprehensive,region) values(13314,'2018-09-29T18:30:00.000Z',1369,'Petrol','B',1112,false,false,false,true,true,'East');
insert into customer(id,gender,income_group_id,marital_status) values(1370,'FEMALE',1,true);
insert into customer_policy(id,date_of_purchase,customer_id,fuel,vehicle_segment,premium,bodily_injury_liability,personal_injury_protection,property_damage_liability,collision,comprehensive,region) values(13315,'2018-09-17T18:30:00.000Z',1370,'Petrol','B',1104,false,true,false,true,true,'East');
insert into customer(id,gender,income_group_id,marital_status) values(1371,'FEMALE',1,false);
insert into customer_policy(id,date_of_purchase,customer_id,fuel,vehicle_segment,premium,bodily_injury_liability,personal_injury_protection,property_damage_liability,collision,comprehensive,region) values(13316,'2018-09-03T18:30:00.000Z',1371,'Petrol','B',765,false,false,true,true,true,'East');
insert into customer(id,gender,income_group_id,marital_status) values(1372,'FEMALE',1,true);
insert into customer_policy(id,date_of_purchase,customer_id,fuel,vehicle_segment,premium,bodily_injury_liability,personal_injury_protection,property_damage_liability,collision,comprehensive,region) values(13317,'2018-09-24T18:30:00.000Z',1372,'Petrol','B',2173,true,true,true,true,false,'East');
insert into customer(id,gender,income_group_id,marital_status) values(1373,'FEMALE',1,true);
insert into customer_policy(id,date_of_purchase,customer_id,fuel,vehicle_segment,premium,bodily_injury_liability,personal_injury_protection,property_damage_liability,collision,comprehensive,region) values(13318,'2018-09-13T18:30:00.000Z',1373,'Petrol','B',1897,true,false,true,true,false,'East');
insert into customer(id,gender,income_group_id,marital_status) values(1374,'FEMALE',1,false);
insert into customer_policy(id,date_of_purchase,customer_id,fuel,vehicle_segment,premium,bodily_injury_liability,personal_injury_protection,property_damage_liability,collision,comprehensive,region) values(13319,'2018-09-19T18:30:00.000Z',1374,'Petrol','B',1402,false,true,true,false,true,'East');
insert into customer(id,gender,income_group_id,marital_status) values(1375,'FEMALE',1,true);
insert into customer_policy(id,date_of_purchase,customer_id,fuel,vehicle_segment,premium,bodily_injury_liability,personal_injury_protection,property_damage_liability,collision,comprehensive,region) values(13320,'2018-09-05T18:30:00.000Z',1375,'Petrol','B',1088,false,true,false,true,true,'East');
insert into customer(id,gender,income_group_id,marital_status) values(1376,'FEMALE',1,true);
insert into customer_policy(id,date_of_purchase,customer_id,fuel,vehicle_segment,premium,bodily_injury_liability,personal_injury_protection,property_damage_liability,collision,comprehensive,region) values(13321,'2018-09-06T18:30:00.000Z',1376,'Petrol','B',1890,false,true,false,false,true,'East');
insert into customer(id,gender,income_group_id,marital_status) values(1377,'FEMALE',1,true);
insert into customer_policy(id,date_of_purchase,customer_id,fuel,vehicle_segment,premium,bodily_injury_liability,personal_injury_protection,property_damage_liability,collision,comprehensive,region) values(13322,'2018-09-05T18:30:00.000Z',1377,'Petrol','B',526,false,false,true,true,false,'East');
insert into customer(id,gender,income_group_id,marital_status) values(1378,'FEMALE',1,false);
insert into customer_policy(id,date_of_purchase,customer_id,fuel,vehicle_segment,premium,bodily_injury_liability,personal_injury_protection,property_damage_liability,collision,comprehensive,region) values(13323,'2018-09-05T18:30:00.000Z',1378,'Petrol','B',553,true,true,true,false,true,'East');
insert into customer(id,gender,income_group_id,marital_status) values(1379,'FEMALE',1,false);
insert into customer_policy(id,date_of_purchase,customer_id,fuel,vehicle_segment,premium,bodily_injury_liability,personal_injury_protection,property_damage_liability,collision,comprehensive,region) values(13324,'2018-09-13T18:30:00.000Z',1379,'Petrol','B',1612,false,false,false,true,true,'East');
insert into customer(id,gender,income_group_id,marital_status) values(1380,'FEMALE',1,true);
insert into customer_policy(id,date_of_purchase,customer_id,fuel,vehicle_segment,premium,bodily_injury_liability,personal_injury_protection,property_damage_liability,collision,comprehensive,region) values(13325,'2018-08-31T18:30:00.000Z',1380,'Petrol','B',1892,true,true,false,false,false,'East');
insert into customer(id,gender,income_group_id,marital_status) values(1381,'FEMALE',1,true);
insert into customer_policy(id,date_of_purchase,customer_id,fuel,vehicle_segment,premium,bodily_injury_liability,personal_injury_protection,property_damage_liability,collision,comprehensive,region) values(13326,'2018-09-06T18:30:00.000Z',1381,'Petrol','B',1680,false,false,true,false,false,'East');
insert into customer(id,gender,income_group_id,marital_status) values(1382,'FEMALE',1,true);
insert into customer_policy(id,date_of_purchase,customer_id,fuel,vehicle_segment,premium,bodily_injury_liability,personal_injury_protection,property_damage_liability,collision,comprehensive,region) values(13327,'2018-09-05T18:30:00.000Z',1382,'Petrol','B',999,false,true,false,true,true,'East');
insert into customer(id,gender,income_group_id,marital_status) values(1383,'FEMALE',1,true);
insert into customer_policy(id,date_of_purchase,customer_id,fuel,vehicle_segment,premium,bodily_injury_liability,personal_injury_protection,property_damage_liability,collision,comprehensive,region) values(13328,'2018-09-08T18:30:00.000Z',1383,'Petrol','B',690,false,false,false,false,false,'East');
insert into customer(id,gender,income_group_id,marital_status) values(1384,'FEMALE',1,true);
insert into customer_policy(id,date_of_purchase,customer_id,fuel,vehicle_segment,premium,bodily_injury_liability,personal_injury_protection,property_damage_liability,collision,comprehensive,region) values(13329,'2018-09-04T18:30:00.000Z',1384,'Petrol','B',1015,true,false,false,true,false,'East');
insert into customer(id,gender,income_group_id,marital_status) values(1385,'FEMALE',1,true);
insert into customer_policy(id,date_of_purchase,customer_id,fuel,vehicle_segment,premium,bodily_injury_liability,personal_injury_protection,property_damage_liability,collision,comprehensive,region) values(13330,'2018-09-03T18:30:00.000Z',1385,'Petrol','B',2080,true,false,false,true,true,'East');
insert into customer(id,gender,income_group_id,marital_status) values(1386,'FEMALE',1,false);
insert into customer_policy(id,date_of_purchase,customer_id,fuel,vehicle_segment,premium,bodily_injury_liability,personal_injury_protection,property_damage_liability,collision,comprehensive,region) values(13331,'2018-09-15T18:30:00.000Z',1386,'Petrol','B',1009,true,true,false,true,false,'East');
insert into customer(id,gender,income_group_id,marital_status) values(1387,'FEMALE',1,false);
insert into customer_policy(id,date_of_purchase,customer_id,fuel,vehicle_segment,premium,bodily_injury_liability,personal_injury_protection,property_damage_liability,collision,comprehensive,region) values(13332,'2018-09-14T18:30:00.000Z',1387,'Petrol','B',1616,true,false,false,true,true,'East');
insert into customer(id,gender,income_group_id,marital_status) values(1388,'FEMALE',1,false);
insert into customer_policy(id,date_of_purchase,customer_id,fuel,vehicle_segment,premium,bodily_injury_liability,personal_injury_protection,property_damage_liability,collision,comprehensive,region) values(13333,'2018-09-18T18:30:00.000Z',1388,'Petrol','B',630,true,false,true,false,false,'East');
insert into customer(id,gender,income_group_id,marital_status) values(1389,'FEMALE',1,false);
insert into customer_policy(id,date_of_purchase,customer_id,fuel,vehicle_segment,premium,bodily_injury_liability,personal_injury_protection,property_damage_liability,collision,comprehensive,region) values(13334,'2018-09-15T18:30:00.000Z',1389,'Petrol','B',840,true,false,true,false,true,'East');
insert into customer(id,gender,income_group_id,marital_status) values(1390,'FEMALE',1,false);
insert into customer_policy(id,date_of_purchase,customer_id,fuel,vehicle_segment,premium,bodily_injury_liability,personal_injury_protection,property_damage_liability,collision,comprehensive,region) values(13335,'2018-09-13T18:30:00.000Z',1390,'Petrol','B',2201,true,false,true,true,false,'East');
insert into customer(id,gender,income_group_id,marital_status) values(1391,'FEMALE',1,false);
insert into customer_policy(id,date_of_purchase,customer_id,fuel,vehicle_segment,premium,bodily_injury_liability,personal_injury_protection,property_damage_liability,collision,comprehensive,region) values(13336,'2018-09-09T18:30:00.000Z',1391,'Petrol','B',2354,false,true,true,true,true,'East');
insert into customer(id,gender,income_group_id,marital_status) values(1392,'FEMALE',1,false);
insert into customer_policy(id,date_of_purchase,customer_id,fuel,vehicle_segment,premium,bodily_injury_liability,personal_injury_protection,property_damage_liability,collision,comprehensive,region) values(13337,'2018-09-01T18:30:00.000Z',1392,'Petrol','B',1008,false,true,false,true,false,'East');
insert into customer(id,gender,income_group_id,marital_status) values(1393,'FEMALE',1,true);
insert into customer_policy(id,date_of_purchase,customer_id,fuel,vehicle_segment,premium,bodily_injury_liability,personal_injury_protection,property_damage_liability,collision,comprehensive,region) values(13338,'2018-09-11T18:30:00.000Z',1393,'Petrol','B',1715,true,true,false,true,true,'East');
insert into customer(id,gender,income_group_id,marital_status) values(1394,'FEMALE',1,false);
insert into customer_policy(id,date_of_purchase,customer_id,fuel,vehicle_segment,premium,bodily_injury_liability,personal_injury_protection,property_damage_liability,collision,comprehensive,region) values(13339,'2018-09-26T18:30:00.000Z',1394,'Petrol','B',1496,true,false,false,true,true,'East');
insert into customer(id,gender,income_group_id,marital_status) values(1395,'FEMALE',1,false);
insert into customer_policy(id,date_of_purchase,customer_id,fuel,vehicle_segment,premium,bodily_injury_liability,personal_injury_protection,property_damage_liability,collision,comprehensive,region) values(13340,'2018-09-02T18:30:00.000Z',1395,'Petrol','B',2314,false,true,false,false,false,'East');
insert into customer(id,gender,income_group_id,marital_status) values(1396,'FEMALE',1,true);
insert into customer_policy(id,date_of_purchase,customer_id,fuel,vehicle_segment,premium,bodily_injury_liability,personal_injury_protection,property_damage_liability,collision,comprehensive,region) values(13341,'2018-09-28T18:30:00.000Z',1396,'Petrol','B',758,true,false,true,false,false,'East');
insert into customer(id,gender,income_group_id,marital_status) values(1397,'FEMALE',1,false);
insert into customer_policy(id,date_of_purchase,customer_id,fuel,vehicle_segment,premium,bodily_injury_liability,personal_injury_protection,property_damage_liability,collision,comprehensive,region) values(13342,'2018-08-31T18:30:00.000Z',1397,'Petrol','B',1427,true,false,true,false,false,'East');
insert into customer(id,gender,income_group_id,marital_status) values(1398,'FEMALE',1,true);
insert into customer_policy(id,date_of_purchase,customer_id,fuel,vehicle_segment,premium,bodily_injury_liability,personal_injury_protection,property_damage_liability,collision,comprehensive,region) values(13343,'2018-09-21T18:30:00.000Z',1398,'Petrol','B',1101,false,false,true,true,true,'East');
insert into customer(id,gender,income_group_id,marital_status) values(1399,'FEMALE',1,false);
insert into customer_policy(id,date_of_purchase,customer_id,fuel,vehicle_segment,premium,bodily_injury_liability,personal_injury_protection,property_damage_liability,collision,comprehensive,region) values(13344,'2018-09-05T18:30:00.000Z',1399,'Petrol','B',843,true,false,false,true,true,'East');
insert into customer(id,gender,income_group_id,marital_status) values(1400,'FEMALE',1,true);
insert into customer_policy(id,date_of_purchase,customer_id,fuel,vehicle_segment,premium,bodily_injury_liability,personal_injury_protection,property_damage_liability,collision,comprehensive,region) values(13345,'2018-09-23T18:30:00.000Z',1400,'Petrol','B',1977,false,false,true,true,true,'East');
insert into customer(id,gender,income_group_id,marital_status) values(1401,'FEMALE',1,true);
insert into customer_policy(id,date_of_purchase,customer_id,fuel,vehicle_segment,premium,bodily_injury_liability,personal_injury_protection,property_damage_liability,collision,comprehensive,region) values(13346,'2018-09-20T18:30:00.000Z',1401,'Petrol','B',1569,true,false,true,true,false,'East');
insert into customer(id,gender,income_group_id,marital_status) values(1402,'FEMALE',1,false);
insert into customer_policy(id,date_of_purchase,customer_id,fuel,vehicle_segment,premium,bodily_injury_liability,personal_injury_protection,property_damage_liability,collision,comprehensive,region) values(13347,'2018-09-14T18:30:00.000Z',1402,'Petrol','B',1533,true,true,false,false,false,'East');
insert into customer(id,gender,income_group_id,marital_status) values(1403,'FEMALE',1,true);
insert into customer_policy(id,date_of_purchase,customer_id,fuel,vehicle_segment,premium,bodily_injury_liability,personal_injury_protection,property_damage_liability,collision,comprehensive,region) values(13348,'2018-09-22T18:30:00.000Z',1403,'Petrol','B',1147,true,true,true,true,true,'East');
insert into customer(id,gender,income_group_id,marital_status) values(1404,'FEMALE',1,false);
insert into customer_policy(id,date_of_purchase,customer_id,fuel,vehicle_segment,premium,bodily_injury_liability,personal_injury_protection,property_damage_liability,collision,comprehensive,region) values(13349,'2018-09-03T18:30:00.000Z',1404,'Petrol','B',1413,true,false,true,true,false,'East');
insert into customer(id,gender,income_group_id,marital_status) values(1405,'FEMALE',1,true);
insert into customer_policy(id,date_of_purchase,customer_id,fuel,vehicle_segment,premium,bodily_injury_liability,personal_injury_protection,property_damage_liability,collision,comprehensive,region) values(13350,'2018-09-04T18:30:00.000Z',1405,'Petrol','B',1362,false,false,true,false,false,'East');
insert into customer(id,gender,income_group_id,marital_status) values(1406,'FEMALE',1,false);
insert into customer_policy(id,date_of_purchase,customer_id,fuel,vehicle_segment,premium,bodily_injury_liability,personal_injury_protection,property_damage_liability,collision,comprehensive,region) values(13351,'2018-09-23T18:30:00.000Z',1406,'Petrol','B',1900,false,false,false,false,false,'East');
insert into customer(id,gender,income_group_id,marital_status) values(1407,'FEMALE',1,false);
insert into customer_policy(id,date_of_purchase,customer_id,fuel,vehicle_segment,premium,bodily_injury_liability,personal_injury_protection,property_damage_liability,collision,comprehensive,region) values(13352,'2018-09-03T18:30:00.000Z',1407,'Petrol','B',1791,false,true,false,false,false,'East');
insert into customer(id,gender,income_group_id,marital_status) values(1408,'FEMALE',1,true);
insert into customer_policy(id,date_of_purchase,customer_id,fuel,vehicle_segment,premium,bodily_injury_liability,personal_injury_protection,property_damage_liability,collision,comprehensive,region) values(13353,'2018-09-13T18:30:00.000Z',1408,'Petrol','B',1593,true,false,false,true,true,'East');
insert into customer(id,gender,income_group_id,marital_status) values(1409,'FEMALE',1,false);
insert into customer_policy(id,date_of_purchase,customer_id,fuel,vehicle_segment,premium,bodily_injury_liability,personal_injury_protection,property_damage_liability,collision,comprehensive,region) values(13354,'2018-09-01T18:30:00.000Z',1409,'Petrol','B',2115,false,true,true,true,true,'East');
insert into customer(id,gender,income_group_id,marital_status) values(1410,'FEMALE',1,true);
insert into customer_policy(id,date_of_purchase,customer_id,fuel,vehicle_segment,premium,bodily_injury_liability,personal_injury_protection,property_damage_liability,collision,comprehensive,region) values(13355,'2018-09-05T18:30:00.000Z',1410,'Petrol','B',693,true,true,true,true,false,'East');
insert into customer(id,gender,income_group_id,marital_status) values(1411,'FEMALE',1,false);
insert into customer_policy(id,date_of_purchase,customer_id,fuel,vehicle_segment,premium,bodily_injury_liability,personal_injury_protection,property_damage_liability,collision,comprehensive,region) values(13356,'2018-08-31T18:30:00.000Z',1411,'Petrol','B',1939,false,false,true,false,true,'East');
insert into customer(id,gender,income_group_id,marital_status) values(1412,'FEMALE',1,true);
insert into customer_policy(id,date_of_purchase,customer_id,fuel,vehicle_segment,premium,bodily_injury_liability,personal_injury_protection,property_damage_liability,collision,comprehensive,region) values(13357,'2018-09-22T18:30:00.000Z',1412,'Petrol','B',1191,false,false,true,true,false,'East');
insert into customer(id,gender,income_group_id,marital_status) values(1413,'FEMALE',1,true);
insert into customer_policy(id,date_of_purchase,customer_id,fuel,vehicle_segment,premium,bodily_injury_liability,personal_injury_protection,property_damage_liability,collision,comprehensive,region) values(13358,'2018-09-05T18:30:00.000Z',1413,'Petrol','B',2272,true,true,false,false,true,'East');
insert into customer(id,gender,income_group_id,marital_status) values(1414,'FEMALE',1,true);
insert into customer_policy(id,date_of_purchase,customer_id,fuel,vehicle_segment,premium,bodily_injury_liability,personal_injury_protection,property_damage_liability,collision,comprehensive,region) values(13359,'2018-09-17T18:30:00.000Z',1414,'Petrol','B',2134,false,false,true,false,false,'East');
insert into customer(id,gender,income_group_id,marital_status) values(1415,'FEMALE',1,true);
insert into customer_policy(id,date_of_purchase,customer_id,fuel,vehicle_segment,premium,bodily_injury_liability,personal_injury_protection,property_damage_liability,collision,comprehensive,region) values(13360,'2018-09-19T18:30:00.000Z',1415,'Petrol','B',1357,true,true,false,false,true,'East');
insert into customer(id,gender,income_group_id,marital_status) values(1416,'FEMALE',1,false);
insert into customer_policy(id,date_of_purchase,customer_id,fuel,vehicle_segment,premium,bodily_injury_liability,personal_injury_protection,property_damage_liability,collision,comprehensive,region) values(13361,'2018-09-12T18:30:00.000Z',1416,'Petrol','C',1067,true,false,true,true,false,'East');
insert into customer(id,gender,income_group_id,marital_status) values(1417,'FEMALE',1,false);
insert into customer_policy(id,date_of_purchase,customer_id,fuel,vehicle_segment,premium,bodily_injury_liability,personal_injury_protection,property_damage_liability,collision,comprehensive,region) values(13362,'2018-09-24T18:30:00.000Z',1417,'Petrol','C',1636,true,false,false,false,false,'East');
insert into customer(id,gender,income_group_id,marital_status) values(1418,'FEMALE',1,true);
insert into customer_policy(id,date_of_purchase,customer_id,fuel,vehicle_segment,premium,bodily_injury_liability,personal_injury_protection,property_damage_liability,collision,comprehensive,region) values(13363,'2018-09-26T18:30:00.000Z',1418,'Petrol','C',1986,true,true,true,false,false,'East');
insert into customer(id,gender,income_group_id,marital_status) values(1419,'FEMALE',1,false);
insert into customer_policy(id,date_of_purchase,customer_id,fuel,vehicle_segment,premium,bodily_injury_liability,personal_injury_protection,property_damage_liability,collision,comprehensive,region) values(13364,'2018-09-15T18:30:00.000Z',1419,'Petrol','C',969,false,false,false,false,false,'East');
insert into customer(id,gender,income_group_id,marital_status) values(1420,'FEMALE',1,true);
insert into customer_policy(id,date_of_purchase,customer_id,fuel,vehicle_segment,premium,bodily_injury_liability,personal_injury_protection,property_damage_liability,collision,comprehensive,region) values(13365,'2018-09-29T18:30:00.000Z',1420,'Petrol','C',789,false,true,true,false,false,'East');
insert into customer(id,gender,income_group_id,marital_status) values(1421,'FEMALE',1,false);
insert into customer_policy(id,date_of_purchase,customer_id,fuel,vehicle_segment,premium,bodily_injury_liability,personal_injury_protection,property_damage_liability,collision,comprehensive,region) values(13366,'2018-09-25T18:30:00.000Z',1421,'Petrol','C',1116,true,false,true,true,false,'East');
insert into customer(id,gender,income_group_id,marital_status) values(1422,'FEMALE',1,false);
insert into customer_policy(id,date_of_purchase,customer_id,fuel,vehicle_segment,premium,bodily_injury_liability,personal_injury_protection,property_damage_liability,collision,comprehensive,region) values(13367,'2018-09-24T18:30:00.000Z',1422,'Petrol','C',1195,false,true,true,true,false,'East');
insert into customer(id,gender,income_group_id,marital_status) values(1423,'FEMALE',1,false);
insert into customer_policy(id,date_of_purchase,customer_id,fuel,vehicle_segment,premium,bodily_injury_liability,personal_injury_protection,property_damage_liability,collision,comprehensive,region) values(13368,'2018-09-27T18:30:00.000Z',1423,'Petrol','C',1180,false,true,true,false,false,'East');
insert into customer(id,gender,income_group_id,marital_status) values(1424,'FEMALE',1,false);
insert into customer_policy(id,date_of_purchase,customer_id,fuel,vehicle_segment,premium,bodily_injury_liability,personal_injury_protection,property_damage_liability,collision,comprehensive,region) values(13369,'2018-09-21T18:30:00.000Z',1424,'Petrol','C',696,true,false,false,false,true,'East');
insert into customer(id,gender,income_group_id,marital_status) values(1425,'FEMALE',1,true);
insert into customer_policy(id,date_of_purchase,customer_id,fuel,vehicle_segment,premium,bodily_injury_liability,personal_injury_protection,property_damage_liability,collision,comprehensive,region) values(13370,'2018-09-09T18:30:00.000Z',1425,'Petrol','C',1105,true,true,true,false,true,'East');
insert into customer(id,gender,income_group_id,marital_status) values(1426,'FEMALE',1,true);
insert into customer_policy(id,date_of_purchase,customer_id,fuel,vehicle_segment,premium,bodily_injury_liability,personal_injury_protection,property_damage_liability,collision,comprehensive,region) values(13371,'2018-10-15T18:30:00.000Z',1426,'Petrol','C',1007,false,true,false,false,true,'East');
insert into customer(id,gender,income_group_id,marital_status) values(1427,'FEMALE',1,false);
insert into customer_policy(id,date_of_purchase,customer_id,fuel,vehicle_segment,premium,bodily_injury_liability,personal_injury_protection,property_damage_liability,collision,comprehensive,region) values(13372,'2018-10-28T18:30:00.000Z',1427,'Petrol','C',585,true,false,false,false,true,'East');
insert into customer(id,gender,income_group_id,marital_status) values(1428,'FEMALE',1,false);
insert into customer_policy(id,date_of_purchase,customer_id,fuel,vehicle_segment,premium,bodily_injury_liability,personal_injury_protection,property_damage_liability,collision,comprehensive,region) values(13373,'2018-10-29T18:30:00.000Z',1428,'Petrol','C',1384,true,false,false,true,false,'East');
insert into customer(id,gender,income_group_id,marital_status) values(1429,'FEMALE',1,true);
insert into customer_policy(id,date_of_purchase,customer_id,fuel,vehicle_segment,premium,bodily_injury_liability,personal_injury_protection,property_damage_liability,collision,comprehensive,region) values(13374,'2018-10-29T18:30:00.000Z',1429,'Petrol','C',519,true,false,false,true,true,'East');
insert into customer(id,gender,income_group_id,marital_status) values(1430,'FEMALE',1,true);
insert into customer_policy(id,date_of_purchase,customer_id,fuel,vehicle_segment,premium,bodily_injury_liability,personal_injury_protection,property_damage_liability,collision,comprehensive,region) values(13375,'2018-10-10T18:30:00.000Z',1430,'Petrol','C',1013,true,false,false,false,true,'East');
insert into customer(id,gender,income_group_id,marital_status) values(1431,'FEMALE',1,false);
insert into customer_policy(id,date_of_purchase,customer_id,fuel,vehicle_segment,premium,bodily_injury_liability,personal_injury_protection,property_damage_liability,collision,comprehensive,region) values(13376,'2018-10-04T18:30:00.000Z',1431,'Petrol','C',695,false,true,true,true,false,'East');
insert into customer(id,gender,income_group_id,marital_status) values(1432,'FEMALE',1,false);
insert into customer_policy(id,date_of_purchase,customer_id,fuel,vehicle_segment,premium,bodily_injury_liability,personal_injury_protection,property_damage_liability,collision,comprehensive,region) values(13377,'2018-10-27T18:30:00.000Z',1432,'Petrol','C',1184,false,false,false,true,true,'East');
insert into customer(id,gender,income_group_id,marital_status) values(1433,'FEMALE',1,false);
insert into customer_policy(id,date_of_purchase,customer_id,fuel,vehicle_segment,premium,bodily_injury_liability,personal_injury_protection,property_damage_liability,collision,comprehensive,region) values(13378,'2018-10-29T18:30:00.000Z',1433,'Petrol','C',673,true,false,false,true,false,'West');
insert into customer(id,gender,income_group_id,marital_status) values(1434,'FEMALE',1,false);
insert into customer_policy(id,date_of_purchase,customer_id,fuel,vehicle_segment,premium,bodily_injury_liability,personal_injury_protection,property_damage_liability,collision,comprehensive,region) values(13379,'2018-10-15T18:30:00.000Z',1434,'Petrol','C',2097,false,false,false,false,true,'West');
insert into customer(id,gender,income_group_id,marital_status) values(1435,'FEMALE',1,true);
insert into customer_policy(id,date_of_purchase,customer_id,fuel,vehicle_segment,premium,bodily_injury_liability,personal_injury_protection,property_damage_liability,collision,comprehensive,region) values(13380,'2018-10-19T18:30:00.000Z',1435,'Petrol','C',2105,false,false,false,false,true,'West');
insert into customer(id,gender,income_group_id,marital_status) values(1436,'FEMALE',1,true);
insert into customer_policy(id,date_of_purchase,customer_id,fuel,vehicle_segment,premium,bodily_injury_liability,personal_injury_protection,property_damage_liability,collision,comprehensive,region) values(13381,'2018-09-30T18:30:00.000Z',1436,'Petrol','C',555,true,false,true,true,false,'West');
insert into customer(id,gender,income_group_id,marital_status) values(1437,'FEMALE',1,true);
insert into customer_policy(id,date_of_purchase,customer_id,fuel,vehicle_segment,premium,bodily_injury_liability,personal_injury_protection,property_damage_liability,collision,comprehensive,region) values(13382,'2018-10-15T18:30:00.000Z',1437,'Petrol','C',558,true,true,true,false,true,'West');
insert into customer(id,gender,income_group_id,marital_status) values(1438,'FEMALE',1,false);
insert into customer_policy(id,date_of_purchase,customer_id,fuel,vehicle_segment,premium,bodily_injury_liability,personal_injury_protection,property_damage_liability,collision,comprehensive,region) values(13383,'2018-10-22T18:30:00.000Z',1438,'Petrol','C',640,true,true,false,false,true,'West');
insert into customer(id,gender,income_group_id,marital_status) values(1439,'FEMALE',1,false);
insert into customer_policy(id,date_of_purchase,customer_id,fuel,vehicle_segment,premium,bodily_injury_liability,personal_injury_protection,property_damage_liability,collision,comprehensive,region) values(13384,'2018-10-19T18:30:00.000Z',1439,'Petrol','C',2012,false,false,false,true,false,'West');
insert into customer(id,gender,income_group_id,marital_status) values(1440,'FEMALE',1,true);
insert into customer_policy(id,date_of_purchase,customer_id,fuel,vehicle_segment,premium,bodily_injury_liability,personal_injury_protection,property_damage_liability,collision,comprehensive,region) values(13385,'2018-10-15T18:30:00.000Z',1440,'Petrol','C',914,false,true,true,false,true,'West');
insert into customer(id,gender,income_group_id,marital_status) values(1441,'FEMALE',1,false);
insert into customer_policy(id,date_of_purchase,customer_id,fuel,vehicle_segment,premium,bodily_injury_liability,personal_injury_protection,property_damage_liability,collision,comprehensive,region) values(13386,'2018-10-07T18:30:00.000Z',1441,'Petrol','C',1479,true,true,true,false,false,'West');
insert into customer(id,gender,income_group_id,marital_status) values(1442,'FEMALE',1,false);
insert into customer_policy(id,date_of_purchase,customer_id,fuel,vehicle_segment,premium,bodily_injury_liability,personal_injury_protection,property_damage_liability,collision,comprehensive,region) values(13387,'2018-10-29T18:30:00.000Z',1442,'Petrol','C',2122,false,false,false,true,false,'West');
insert into customer(id,gender,income_group_id,marital_status) values(1443,'FEMALE',1,false);
insert into customer_policy(id,date_of_purchase,customer_id,fuel,vehicle_segment,premium,bodily_injury_liability,personal_injury_protection,property_damage_liability,collision,comprehensive,region) values(13388,'2018-10-15T18:30:00.000Z',1443,'Petrol','C',948,true,true,false,true,true,'West');
insert into customer(id,gender,income_group_id,marital_status) values(1444,'FEMALE',1,false);
insert into customer_policy(id,date_of_purchase,customer_id,fuel,vehicle_segment,premium,bodily_injury_liability,personal_injury_protection,property_damage_liability,collision,comprehensive,region) values(13389,'2018-10-25T18:30:00.000Z',1444,'Petrol','C',2371,true,false,true,true,false,'West');
insert into customer(id,gender,income_group_id,marital_status) values(1445,'FEMALE',1,false);
insert into customer_policy(id,date_of_purchase,customer_id,fuel,vehicle_segment,premium,bodily_injury_liability,personal_injury_protection,property_damage_liability,collision,comprehensive,region) values(13390,'2018-10-05T18:30:00.000Z',1445,'Petrol','C',542,true,false,true,true,false,'West');
insert into customer(id,gender,income_group_id,marital_status) values(1446,'FEMALE',1,false);
insert into customer_policy(id,date_of_purchase,customer_id,fuel,vehicle_segment,premium,bodily_injury_liability,personal_injury_protection,property_damage_liability,collision,comprehensive,region) values(13391,'2018-10-02T18:30:00.000Z',1446,'Petrol','C',2145,true,false,true,false,false,'West');
insert into customer(id,gender,income_group_id,marital_status) values(1447,'FEMALE',1,false);
insert into customer_policy(id,date_of_purchase,customer_id,fuel,vehicle_segment,premium,bodily_injury_liability,personal_injury_protection,property_damage_liability,collision,comprehensive,region) values(13392,'2018-10-05T18:30:00.000Z',1447,'Petrol','C',1675,true,true,false,false,true,'West');
insert into customer(id,gender,income_group_id,marital_status) values(1448,'FEMALE',1,false);
insert into customer_policy(id,date_of_purchase,customer_id,fuel,vehicle_segment,premium,bodily_injury_liability,personal_injury_protection,property_damage_liability,collision,comprehensive,region) values(13393,'2018-10-22T18:30:00.000Z',1448,'Petrol','C',825,true,true,false,false,false,'West');
insert into customer(id,gender,income_group_id,marital_status) values(1449,'FEMALE',1,true);
insert into customer_policy(id,date_of_purchase,customer_id,fuel,vehicle_segment,premium,bodily_injury_liability,personal_injury_protection,property_damage_liability,collision,comprehensive,region) values(13394,'2018-10-23T18:30:00.000Z',1449,'Petrol','C',2018,true,true,false,false,false,'West');
insert into customer(id,gender,income_group_id,marital_status) values(1450,'FEMALE',1,false);
insert into customer_policy(id,date_of_purchase,customer_id,fuel,vehicle_segment,premium,bodily_injury_liability,personal_injury_protection,property_damage_liability,collision,comprehensive,region) values(13395,'2018-10-11T18:30:00.000Z',1450,'Petrol','C',1352,false,true,false,true,true,'West');
insert into customer(id,gender,income_group_id,marital_status) values(1451,'FEMALE',1,false);
insert into customer_policy(id,date_of_purchase,customer_id,fuel,vehicle_segment,premium,bodily_injury_liability,personal_injury_protection,property_damage_liability,collision,comprehensive,region) values(13396,'2018-10-20T18:30:00.000Z',1451,'Diesel','C',1433,true,true,true,false,false,'West');
insert into customer(id,gender,income_group_id,marital_status) values(1452,'FEMALE',1,true);
insert into customer_policy(id,date_of_purchase,customer_id,fuel,vehicle_segment,premium,bodily_injury_liability,personal_injury_protection,property_damage_liability,collision,comprehensive,region) values(13397,'2018-10-02T18:30:00.000Z',1452,'Diesel','C',1866,true,true,true,true,false,'West');
insert into customer(id,gender,income_group_id,marital_status) values(1453,'FEMALE',1,true);
insert into customer_policy(id,date_of_purchase,customer_id,fuel,vehicle_segment,premium,bodily_injury_liability,personal_injury_protection,property_damage_liability,collision,comprehensive,region) values(13398,'2018-10-23T18:30:00.000Z',1453,'Diesel','C',1772,false,false,true,false,false,'West');
insert into customer(id,gender,income_group_id,marital_status) values(1454,'FEMALE',1,true);
insert into customer_policy(id,date_of_purchase,customer_id,fuel,vehicle_segment,premium,bodily_injury_liability,personal_injury_protection,property_damage_liability,collision,comprehensive,region) values(13399,'2018-10-28T18:30:00.000Z',1454,'Diesel','C',1428,false,true,true,true,true,'West');
insert into customer(id,gender,income_group_id,marital_status) values(1455,'FEMALE',1,false);
insert into customer_policy(id,date_of_purchase,customer_id,fuel,vehicle_segment,premium,bodily_injury_liability,personal_injury_protection,property_damage_liability,collision,comprehensive,region) values(13400,'2018-10-15T18:30:00.000Z',1455,'Diesel','C',1773,false,false,true,false,true,'West');
insert into customer(id,gender,income_group_id,marital_status) values(1456,'FEMALE',1,true);
insert into customer_policy(id,date_of_purchase,customer_id,fuel,vehicle_segment,premium,bodily_injury_liability,personal_injury_protection,property_damage_liability,collision,comprehensive,region) values(13401,'2018-10-29T18:30:00.000Z',1456,'Diesel','C',1951,false,false,false,false,false,'West');
insert into customer(id,gender,income_group_id,marital_status) values(1457,'FEMALE',1,true);
insert into customer_policy(id,date_of_purchase,customer_id,fuel,vehicle_segment,premium,bodily_injury_liability,personal_injury_protection,property_damage_liability,collision,comprehensive,region) values(13402,'2018-10-09T18:30:00.000Z',1457,'Diesel','C',670,false,false,true,false,false,'West');
insert into customer(id,gender,income_group_id,marital_status) values(1458,'FEMALE',1,true);
insert into customer_policy(id,date_of_purchase,customer_id,fuel,vehicle_segment,premium,bodily_injury_liability,personal_injury_protection,property_damage_liability,collision,comprehensive,region) values(13403,'2018-10-28T18:30:00.000Z',1458,'Diesel','C',965,true,true,false,false,false,'West');
insert into customer(id,gender,income_group_id,marital_status) values(1459,'FEMALE',1,true);
insert into customer_policy(id,date_of_purchase,customer_id,fuel,vehicle_segment,premium,bodily_injury_liability,personal_injury_protection,property_damage_liability,collision,comprehensive,region) values(13404,'2018-10-28T18:30:00.000Z',1459,'Diesel','C',1780,false,true,false,true,false,'West');
insert into customer(id,gender,income_group_id,marital_status) values(1460,'FEMALE',1,false);
insert into customer_policy(id,date_of_purchase,customer_id,fuel,vehicle_segment,premium,bodily_injury_liability,personal_injury_protection,property_damage_liability,collision,comprehensive,region) values(13405,'2018-10-11T18:30:00.000Z',1460,'Diesel','C',782,false,false,false,false,true,'West');
insert into customer(id,gender,income_group_id,marital_status) values(1461,'FEMALE',1,false);
insert into customer_policy(id,date_of_purchase,customer_id,fuel,vehicle_segment,premium,bodily_injury_liability,personal_injury_protection,property_damage_liability,collision,comprehensive,region) values(13406,'2018-10-09T18:30:00.000Z',1461,'Diesel','C',2200,true,true,false,false,true,'West');
insert into customer(id,gender,income_group_id,marital_status) values(1462,'FEMALE',1,false);
insert into customer_policy(id,date_of_purchase,customer_id,fuel,vehicle_segment,premium,bodily_injury_liability,personal_injury_protection,property_damage_liability,collision,comprehensive,region) values(13407,'2018-10-23T18:30:00.000Z',1462,'Diesel','C',2424,true,true,true,false,false,'West');
insert into customer(id,gender,income_group_id,marital_status) values(1463,'FEMALE',1,false);
insert into customer_policy(id,date_of_purchase,customer_id,fuel,vehicle_segment,premium,bodily_injury_liability,personal_injury_protection,property_damage_liability,collision,comprehensive,region) values(13408,'2018-10-01T18:30:00.000Z',1463,'Diesel','C',2104,true,false,false,true,true,'West');
insert into customer(id,gender,income_group_id,marital_status) values(1464,'FEMALE',1,false);
insert into customer_policy(id,date_of_purchase,customer_id,fuel,vehicle_segment,premium,bodily_injury_liability,personal_injury_protection,property_damage_liability,collision,comprehensive,region) values(13409,'2018-10-06T18:30:00.000Z',1464,'Diesel','C',852,true,true,true,true,false,'West');
insert into customer(id,gender,income_group_id,marital_status) values(1465,'FEMALE',1,true);
insert into customer_policy(id,date_of_purchase,customer_id,fuel,vehicle_segment,premium,bodily_injury_liability,personal_injury_protection,property_damage_liability,collision,comprehensive,region) values(13410,'2018-10-25T18:30:00.000Z',1465,'Diesel','C',2126,false,true,true,false,true,'West');
insert into customer(id,gender,income_group_id,marital_status) values(1466,'FEMALE',1,true);
insert into customer_policy(id,date_of_purchase,customer_id,fuel,vehicle_segment,premium,bodily_injury_liability,personal_injury_protection,property_damage_liability,collision,comprehensive,region) values(13411,'2018-10-05T18:30:00.000Z',1466,'Diesel','C',2396,true,true,false,true,false,'West');
insert into customer(id,gender,income_group_id,marital_status) values(1467,'FEMALE',1,true);
insert into customer_policy(id,date_of_purchase,customer_id,fuel,vehicle_segment,premium,bodily_injury_liability,personal_injury_protection,property_damage_liability,collision,comprehensive,region) values(13412,'2018-10-15T18:30:00.000Z',1467,'Diesel','C',1658,true,false,true,true,true,'West');
insert into customer(id,gender,income_group_id,marital_status) values(1468,'FEMALE',1,true);
insert into customer_policy(id,date_of_purchase,customer_id,fuel,vehicle_segment,premium,bodily_injury_liability,personal_injury_protection,property_damage_liability,collision,comprehensive,region) values(13413,'2018-10-03T18:30:00.000Z',1468,'Diesel','C',2264,true,false,true,true,true,'West');
insert into customer(id,gender,income_group_id,marital_status) values(1469,'FEMALE',1,false);
insert into customer_policy(id,date_of_purchase,customer_id,fuel,vehicle_segment,premium,bodily_injury_liability,personal_injury_protection,property_damage_liability,collision,comprehensive,region) values(13414,'2018-10-18T18:30:00.000Z',1469,'Diesel','C',2393,true,true,true,false,false,'West');
insert into customer(id,gender,income_group_id,marital_status) values(1470,'FEMALE',1,true);
insert into customer_policy(id,date_of_purchase,customer_id,fuel,vehicle_segment,premium,bodily_injury_liability,personal_injury_protection,property_damage_liability,collision,comprehensive,region) values(13415,'2018-10-18T18:30:00.000Z',1470,'Diesel','C',586,true,true,true,true,true,'West');
insert into customer(id,gender,income_group_id,marital_status) values(1471,'FEMALE',1,false);
insert into customer_policy(id,date_of_purchase,customer_id,fuel,vehicle_segment,premium,bodily_injury_liability,personal_injury_protection,property_damage_liability,collision,comprehensive,region) values(13416,'2018-10-19T18:30:00.000Z',1471,'Diesel','C',874,true,false,true,false,false,'West');
insert into customer(id,gender,income_group_id,marital_status) values(1472,'FEMALE',1,true);
insert into customer_policy(id,date_of_purchase,customer_id,fuel,vehicle_segment,premium,bodily_injury_liability,personal_injury_protection,property_damage_liability,collision,comprehensive,region) values(13417,'2018-10-04T18:30:00.000Z',1472,'Diesel','C',944,true,true,true,true,false,'West');
insert into customer(id,gender,income_group_id,marital_status) values(1473,'FEMALE',1,true);
insert into customer_policy(id,date_of_purchase,customer_id,fuel,vehicle_segment,premium,bodily_injury_liability,personal_injury_protection,property_damage_liability,collision,comprehensive,region) values(13418,'2018-09-30T18:30:00.000Z',1473,'Diesel','C',1279,true,true,false,false,true,'West');
insert into customer(id,gender,income_group_id,marital_status) values(1474,'FEMALE',1,false);
insert into customer_policy(id,date_of_purchase,customer_id,fuel,vehicle_segment,premium,bodily_injury_liability,personal_injury_protection,property_damage_liability,collision,comprehensive,region) values(13419,'2018-09-30T18:30:00.000Z',1474,'Diesel','C',2074,false,false,true,true,false,'West');
insert into customer(id,gender,income_group_id,marital_status) values(1475,'FEMALE',1,false);
insert into customer_policy(id,date_of_purchase,customer_id,fuel,vehicle_segment,premium,bodily_injury_liability,personal_injury_protection,property_damage_liability,collision,comprehensive,region) values(13420,'2018-10-26T18:30:00.000Z',1475,'Diesel','C',1706,false,true,true,true,false,'West');
insert into customer(id,gender,income_group_id,marital_status) values(1476,'FEMALE',1,false);
insert into customer_policy(id,date_of_purchase,customer_id,fuel,vehicle_segment,premium,bodily_injury_liability,personal_injury_protection,property_damage_liability,collision,comprehensive,region) values(13421,'2018-10-21T18:30:00.000Z',1476,'Diesel','C',1179,false,false,true,false,false,'West');
insert into customer(id,gender,income_group_id,marital_status) values(1477,'FEMALE',1,false);
insert into customer_policy(id,date_of_purchase,customer_id,fuel,vehicle_segment,premium,bodily_injury_liability,personal_injury_protection,property_damage_liability,collision,comprehensive,region) values(13422,'2018-10-03T18:30:00.000Z',1477,'Diesel','C',1571,true,true,false,true,true,'West');
insert into customer(id,gender,income_group_id,marital_status) values(1478,'FEMALE',1,false);
insert into customer_policy(id,date_of_purchase,customer_id,fuel,vehicle_segment,premium,bodily_injury_liability,personal_injury_protection,property_damage_liability,collision,comprehensive,region) values(13423,'2018-10-09T18:30:00.000Z',1478,'Diesel','C',1465,true,true,true,true,true,'West');
insert into customer(id,gender,income_group_id,marital_status) values(1479,'FEMALE',1,true);
insert into customer_policy(id,date_of_purchase,customer_id,fuel,vehicle_segment,premium,bodily_injury_liability,personal_injury_protection,property_damage_liability,collision,comprehensive,region) values(13424,'2018-10-05T18:30:00.000Z',1479,'Diesel','C',1557,false,true,true,true,true,'West');
insert into customer(id,gender,income_group_id,marital_status) values(1480,'FEMALE',1,true);
insert into customer_policy(id,date_of_purchase,customer_id,fuel,vehicle_segment,premium,bodily_injury_liability,personal_injury_protection,property_damage_liability,collision,comprehensive,region) values(13425,'2018-10-01T18:30:00.000Z',1480,'Diesel','C',832,true,false,true,true,false,'West');
insert into customer(id,gender,income_group_id,marital_status) values(1481,'FEMALE',1,false);
insert into customer_policy(id,date_of_purchase,customer_id,fuel,vehicle_segment,premium,bodily_injury_liability,personal_injury_protection,property_damage_liability,collision,comprehensive,region) values(13426,'2018-10-03T18:30:00.000Z',1481,'Diesel','C',1146,false,false,false,false,true,'West');
insert into customer(id,gender,income_group_id,marital_status) values(1482,'FEMALE',1,true);
insert into customer_policy(id,date_of_purchase,customer_id,fuel,vehicle_segment,premium,bodily_injury_liability,personal_injury_protection,property_damage_liability,collision,comprehensive,region) values(13427,'2018-10-15T18:30:00.000Z',1482,'Diesel','C',1577,true,false,false,true,false,'West');
insert into customer(id,gender,income_group_id,marital_status) values(1483,'FEMALE',1,false);
insert into customer_policy(id,date_of_purchase,customer_id,fuel,vehicle_segment,premium,bodily_injury_liability,personal_injury_protection,property_damage_liability,collision,comprehensive,region) values(13428,'2018-10-29T18:30:00.000Z',1483,'Diesel','C',2356,true,true,true,true,false,'West');
insert into customer(id,gender,income_group_id,marital_status) values(1484,'FEMALE',1,true);
insert into customer_policy(id,date_of_purchase,customer_id,fuel,vehicle_segment,premium,bodily_injury_liability,personal_injury_protection,property_damage_liability,collision,comprehensive,region) values(13429,'2018-10-28T18:30:00.000Z',1484,'Diesel','C',1437,false,false,false,true,false,'West');
insert into customer(id,gender,income_group_id,marital_status) values(1485,'FEMALE',1,false);
insert into customer_policy(id,date_of_purchase,customer_id,fuel,vehicle_segment,premium,bodily_injury_liability,personal_injury_protection,property_damage_liability,collision,comprehensive,region) values(13430,'2018-10-23T18:30:00.000Z',1485,'Diesel','C',2436,true,true,true,true,false,'West');
insert into customer(id,gender,income_group_id,marital_status) values(1486,'FEMALE',1,true);
insert into customer_policy(id,date_of_purchase,customer_id,fuel,vehicle_segment,premium,bodily_injury_liability,personal_injury_protection,property_damage_liability,collision,comprehensive,region) values(13431,'2018-10-23T18:30:00.000Z',1486,'Diesel','C',1427,false,true,false,true,false,'West');
insert into customer(id,gender,income_group_id,marital_status) values(1487,'FEMALE',1,false);
insert into customer_policy(id,date_of_purchase,customer_id,fuel,vehicle_segment,premium,bodily_injury_liability,personal_injury_protection,property_damage_liability,collision,comprehensive,region) values(13432,'2018-10-10T18:30:00.000Z',1487,'Diesel','C',1949,false,false,true,true,true,'West');
insert into customer(id,gender,income_group_id,marital_status) values(1488,'FEMALE',1,true);
insert into customer_policy(id,date_of_purchase,customer_id,fuel,vehicle_segment,premium,bodily_injury_liability,personal_injury_protection,property_damage_liability,collision,comprehensive,region) values(13433,'2018-09-30T18:30:00.000Z',1488,'Diesel','C',1875,true,false,false,false,false,'West');
insert into customer(id,gender,income_group_id,marital_status) values(1489,'FEMALE',1,true);
insert into customer_policy(id,date_of_purchase,customer_id,fuel,vehicle_segment,premium,bodily_injury_liability,personal_injury_protection,property_damage_liability,collision,comprehensive,region) values(13434,'2018-10-05T18:30:00.000Z',1489,'Diesel','C',2167,true,true,true,true,false,'West');
insert into customer(id,gender,income_group_id,marital_status) values(1490,'FEMALE',1,true);
insert into customer_policy(id,date_of_purchase,customer_id,fuel,vehicle_segment,premium,bodily_injury_liability,personal_injury_protection,property_damage_liability,collision,comprehensive,region) values(13435,'2018-10-21T18:30:00.000Z',1490,'Diesel','C',1170,true,false,true,false,false,'West');
insert into customer(id,gender,income_group_id,marital_status) values(1491,'FEMALE',1,true);
insert into customer_policy(id,date_of_purchase,customer_id,fuel,vehicle_segment,premium,bodily_injury_liability,personal_injury_protection,property_damage_liability,collision,comprehensive,region) values(13436,'2018-10-11T18:30:00.000Z',1491,'Diesel','C',684,true,true,false,true,false,'West');
insert into customer(id,gender,income_group_id,marital_status) values(1492,'FEMALE',1,false);
insert into customer_policy(id,date_of_purchase,customer_id,fuel,vehicle_segment,premium,bodily_injury_liability,personal_injury_protection,property_damage_liability,collision,comprehensive,region) values(13437,'2018-10-25T18:30:00.000Z',1492,'Diesel','C',2148,false,true,false,true,false,'West');
insert into customer(id,gender,income_group_id,marital_status) values(1493,'FEMALE',1,true);
insert into customer_policy(id,date_of_purchase,customer_id,fuel,vehicle_segment,premium,bodily_injury_liability,personal_injury_protection,property_damage_liability,collision,comprehensive,region) values(13438,'2018-10-21T18:30:00.000Z',1493,'Diesel','C',635,true,true,false,true,true,'West');
insert into customer(id,gender,income_group_id,marital_status) values(1494,'FEMALE',1,false);
insert into customer_policy(id,date_of_purchase,customer_id,fuel,vehicle_segment,premium,bodily_injury_liability,personal_injury_protection,property_damage_liability,collision,comprehensive,region) values(13439,'2018-10-17T18:30:00.000Z',1494,'Diesel','C',925,true,false,true,true,false,'West');
insert into customer(id,gender,income_group_id,marital_status) values(1495,'FEMALE',1,false);
insert into customer_policy(id,date_of_purchase,customer_id,fuel,vehicle_segment,premium,bodily_injury_liability,personal_injury_protection,property_damage_liability,collision,comprehensive,region) values(13440,'2018-10-26T18:30:00.000Z',1495,'Diesel','C',709,true,true,false,true,true,'West');
insert into customer(id,gender,income_group_id,marital_status) values(1496,'FEMALE',1,true);
insert into customer_policy(id,date_of_purchase,customer_id,fuel,vehicle_segment,premium,bodily_injury_liability,personal_injury_protection,property_damage_liability,collision,comprehensive,region) values(13441,'2018-10-25T18:30:00.000Z',1496,'Diesel','C',2075,false,false,true,true,false,'West');
insert into customer(id,gender,income_group_id,marital_status) values(1497,'FEMALE',1,false);
insert into customer_policy(id,date_of_purchase,customer_id,fuel,vehicle_segment,premium,bodily_injury_liability,personal_injury_protection,property_damage_liability,collision,comprehensive,region) values(13442,'2018-10-29T18:30:00.000Z',1497,'Diesel','C',602,true,true,true,true,false,'West');
insert into customer(id,gender,income_group_id,marital_status) values(1498,'FEMALE',1,false);
insert into customer_policy(id,date_of_purchase,customer_id,fuel,vehicle_segment,premium,bodily_injury_liability,personal_injury_protection,property_damage_liability,collision,comprehensive,region) values(13443,'2018-10-20T18:30:00.000Z',1498,'Diesel','C',2130,true,false,false,false,true,'West');
insert into customer(id,gender,income_group_id,marital_status) values(1499,'FEMALE',1,false);
insert into customer_policy(id,date_of_purchase,customer_id,fuel,vehicle_segment,premium,bodily_injury_liability,personal_injury_protection,property_damage_liability,collision,comprehensive,region) values(13444,'2018-10-16T18:30:00.000Z',1499,'Diesel','C',1959,true,true,true,false,false,'West');
insert into customer(id,gender,income_group_id,marital_status) values(1500,'FEMALE',1,true);
insert into customer_policy(id,date_of_purchase,customer_id,fuel,vehicle_segment,premium,bodily_injury_liability,personal_injury_protection,property_damage_liability,collision,comprehensive,region) values(13445,'2018-10-22T18:30:00.000Z',1500,'Diesel','C',780,false,true,true,false,false,'West');
insert into customer(id,gender,income_group_id,marital_status) values(1501,'FEMALE',1,true);
insert into customer_policy(id,date_of_purchase,customer_id,fuel,vehicle_segment,premium,bodily_injury_liability,personal_injury_protection,property_damage_liability,collision,comprehensive,region) values(13446,'2018-10-29T18:30:00.000Z',1501,'Diesel','C',2126,false,true,true,true,false,'West');
insert into customer(id,gender,income_group_id,marital_status) values(1502,'FEMALE',1,true);
insert into customer_policy(id,date_of_purchase,customer_id,fuel,vehicle_segment,premium,bodily_injury_liability,personal_injury_protection,property_damage_liability,collision,comprehensive,region) values(13447,'2018-10-03T18:30:00.000Z',1502,'Diesel','C',1768,true,false,false,false,true,'West');
insert into customer(id,gender,income_group_id,marital_status) values(1503,'FEMALE',1,false);
insert into customer_policy(id,date_of_purchase,customer_id,fuel,vehicle_segment,premium,bodily_injury_liability,personal_injury_protection,property_damage_liability,collision,comprehensive,region) values(13448,'2018-10-09T18:30:00.000Z',1503,'Diesel','C',1637,false,false,false,true,true,'West');
insert into customer(id,gender,income_group_id,marital_status) values(1504,'FEMALE',1,true);
insert into customer_policy(id,date_of_purchase,customer_id,fuel,vehicle_segment,premium,bodily_injury_liability,personal_injury_protection,property_damage_liability,collision,comprehensive,region) values(13449,'2018-10-27T18:30:00.000Z',1504,'Diesel','C',1889,false,true,false,true,true,'West');
insert into customer(id,gender,income_group_id,marital_status) values(1505,'FEMALE',1,true);
insert into customer_policy(id,date_of_purchase,customer_id,fuel,vehicle_segment,premium,bodily_injury_liability,personal_injury_protection,property_damage_liability,collision,comprehensive,region) values(13450,'2018-10-10T18:30:00.000Z',1505,'Diesel','C',2146,true,false,true,true,true,'West');
insert into customer(id,gender,income_group_id,marital_status) values(1506,'FEMALE',1,false);
insert into customer_policy(id,date_of_purchase,customer_id,fuel,vehicle_segment,premium,bodily_injury_liability,personal_injury_protection,property_damage_liability,collision,comprehensive,region) values(13451,'2018-10-02T18:30:00.000Z',1506,'Diesel','C',1355,true,false,false,true,false,'West');
insert into customer(id,gender,income_group_id,marital_status) values(1507,'FEMALE',1,false);
insert into customer_policy(id,date_of_purchase,customer_id,fuel,vehicle_segment,premium,bodily_injury_liability,personal_injury_protection,property_damage_liability,collision,comprehensive,region) values(13452,'2018-10-14T18:30:00.000Z',1507,'Diesel','C',1082,false,true,false,true,true,'West');
insert into customer(id,gender,income_group_id,marital_status) values(1508,'FEMALE',1,true);
insert into customer_policy(id,date_of_purchase,customer_id,fuel,vehicle_segment,premium,bodily_injury_liability,personal_injury_protection,property_damage_liability,collision,comprehensive,region) values(13453,'2018-10-28T18:30:00.000Z',1508,'Diesel','C',2394,false,true,true,true,false,'West');
insert into customer(id,gender,income_group_id,marital_status) values(1509,'FEMALE',1,true);
insert into customer_policy(id,date_of_purchase,customer_id,fuel,vehicle_segment,premium,bodily_injury_liability,personal_injury_protection,property_damage_liability,collision,comprehensive,region) values(13454,'2018-10-16T18:30:00.000Z',1509,'Diesel','C',926,true,true,true,true,true,'West');
insert into customer(id,gender,income_group_id,marital_status) values(1510,'FEMALE',1,true);
insert into customer_policy(id,date_of_purchase,customer_id,fuel,vehicle_segment,premium,bodily_injury_liability,personal_injury_protection,property_damage_liability,collision,comprehensive,region) values(13455,'2018-10-23T18:30:00.000Z',1510,'Diesel','C',892,false,true,true,false,true,'West');
insert into customer(id,gender,income_group_id,marital_status) values(1511,'FEMALE',1,true);
insert into customer_policy(id,date_of_purchase,customer_id,fuel,vehicle_segment,premium,bodily_injury_liability,personal_injury_protection,property_damage_liability,collision,comprehensive,region) values(13456,'2018-10-01T18:30:00.000Z',1511,'Diesel','C',994,false,false,true,true,false,'West');
insert into customer(id,gender,income_group_id,marital_status) values(1512,'FEMALE',1,true);
insert into customer_policy(id,date_of_purchase,customer_id,fuel,vehicle_segment,premium,bodily_injury_liability,personal_injury_protection,property_damage_liability,collision,comprehensive,region) values(13457,'2018-10-01T18:30:00.000Z',1512,'Diesel','C',2260,false,true,true,false,false,'West');
insert into customer(id,gender,income_group_id,marital_status) values(1513,'FEMALE',1,true);
insert into customer_policy(id,date_of_purchase,customer_id,fuel,vehicle_segment,premium,bodily_injury_liability,personal_injury_protection,property_damage_liability,collision,comprehensive,region) values(13458,'2018-10-07T18:30:00.000Z',1513,'Diesel','C',1149,true,true,false,true,true,'West');
insert into customer(id,gender,income_group_id,marital_status) values(1514,'FEMALE',1,true);
insert into customer_policy(id,date_of_purchase,customer_id,fuel,vehicle_segment,premium,bodily_injury_liability,personal_injury_protection,property_damage_liability,collision,comprehensive,region) values(13459,'2018-10-02T18:30:00.000Z',1514,'Diesel','C',2283,true,false,true,false,false,'West');
insert into customer(id,gender,income_group_id,marital_status) values(1515,'FEMALE',1,false);
insert into customer_policy(id,date_of_purchase,customer_id,fuel,vehicle_segment,premium,bodily_injury_liability,personal_injury_protection,property_damage_liability,collision,comprehensive,region) values(13460,'2018-10-15T18:30:00.000Z',1515,'Diesel','C',1663,false,true,true,false,true,'West');
insert into customer(id,gender,income_group_id,marital_status) values(1516,'FEMALE',1,false);
insert into customer_policy(id,date_of_purchase,customer_id,fuel,vehicle_segment,premium,bodily_injury_liability,personal_injury_protection,property_damage_liability,collision,comprehensive,region) values(13461,'2018-10-23T18:30:00.000Z',1516,'Diesel','C',2197,true,true,true,false,true,'West');
insert into customer(id,gender,income_group_id,marital_status) values(1517,'FEMALE',1,false);
insert into customer_policy(id,date_of_purchase,customer_id,fuel,vehicle_segment,premium,bodily_injury_liability,personal_injury_protection,property_damage_liability,collision,comprehensive,region) values(13462,'2018-10-04T18:30:00.000Z',1517,'Diesel','C',1669,false,false,true,false,true,'West');
insert into customer(id,gender,income_group_id,marital_status) values(1518,'FEMALE',1,false);
insert into customer_policy(id,date_of_purchase,customer_id,fuel,vehicle_segment,premium,bodily_injury_liability,personal_injury_protection,property_damage_liability,collision,comprehensive,region) values(13463,'2018-10-24T18:30:00.000Z',1518,'Diesel','C',1547,false,false,false,true,false,'West');
insert into customer(id,gender,income_group_id,marital_status) values(1519,'FEMALE',1,true);
insert into customer_policy(id,date_of_purchase,customer_id,fuel,vehicle_segment,premium,bodily_injury_liability,personal_injury_protection,property_damage_liability,collision,comprehensive,region) values(13464,'2018-10-11T18:30:00.000Z',1519,'Diesel','C',899,false,false,true,false,false,'West');
insert into customer(id,gender,income_group_id,marital_status) values(1520,'FEMALE',1,true);
insert into customer_policy(id,date_of_purchase,customer_id,fuel,vehicle_segment,premium,bodily_injury_liability,personal_injury_protection,property_damage_liability,collision,comprehensive,region) values(13465,'2018-10-17T18:30:00.000Z',1520,'Diesel','C',2439,false,true,true,false,true,'West');
insert into customer(id,gender,income_group_id,marital_status) values(1521,'FEMALE',1,true);
insert into customer_policy(id,date_of_purchase,customer_id,fuel,vehicle_segment,premium,bodily_injury_liability,personal_injury_protection,property_damage_liability,collision,comprehensive,region) values(13466,'2018-11-06T18:30:00.000Z',1521,'Diesel','C',1867,false,true,false,false,true,'West');
insert into customer(id,gender,income_group_id,marital_status) values(1522,'FEMALE',1,true);
insert into customer_policy(id,date_of_purchase,customer_id,fuel,vehicle_segment,premium,bodily_injury_liability,personal_injury_protection,property_damage_liability,collision,comprehensive,region) values(13467,'2018-11-02T18:30:00.000Z',1522,'Diesel','C',898,true,true,true,false,false,'West');
insert into customer(id,gender,income_group_id,marital_status) values(1523,'FEMALE',1,true);
insert into customer_policy(id,date_of_purchase,customer_id,fuel,vehicle_segment,premium,bodily_injury_liability,personal_injury_protection,property_damage_liability,collision,comprehensive,region) values(13468,'2018-11-09T18:30:00.000Z',1523,'Diesel','C',962,true,true,false,true,false,'West');
insert into customer(id,gender,income_group_id,marital_status) values(1524,'FEMALE',1,true);
insert into customer_policy(id,date_of_purchase,customer_id,fuel,vehicle_segment,premium,bodily_injury_liability,personal_injury_protection,property_damage_liability,collision,comprehensive,region) values(13469,'2018-11-17T18:30:00.000Z',1524,'Diesel','C',1875,true,true,false,true,false,'West');
insert into customer(id,gender,income_group_id,marital_status) values(1525,'FEMALE',1,true);
insert into customer_policy(id,date_of_purchase,customer_id,fuel,vehicle_segment,premium,bodily_injury_liability,personal_injury_protection,property_damage_liability,collision,comprehensive,region) values(13470,'2018-11-27T18:30:00.000Z',1525,'Diesel','C',1157,false,false,true,true,false,'West');
insert into customer(id,gender,income_group_id,marital_status) values(1526,'FEMALE',1,false);
insert into customer_policy(id,date_of_purchase,customer_id,fuel,vehicle_segment,premium,bodily_injury_liability,personal_injury_protection,property_damage_liability,collision,comprehensive,region) values(13471,'2018-10-31T18:30:00.000Z',1526,'Diesel','C',2376,false,true,false,false,true,'West');
insert into customer(id,gender,income_group_id,marital_status) values(1527,'FEMALE',1,false);
insert into customer_policy(id,date_of_purchase,customer_id,fuel,vehicle_segment,premium,bodily_injury_liability,personal_injury_protection,property_damage_liability,collision,comprehensive,region) values(13472,'2018-11-21T18:30:00.000Z',1527,'Diesel','C',1523,true,false,true,true,false,'West');
insert into customer(id,gender,income_group_id,marital_status) values(1528,'FEMALE',1,true);
insert into customer_policy(id,date_of_purchase,customer_id,fuel,vehicle_segment,premium,bodily_injury_liability,personal_injury_protection,property_damage_liability,collision,comprehensive,region) values(13473,'2018-11-16T18:30:00.000Z',1528,'Diesel','C',1850,true,false,false,true,false,'West');
insert into customer(id,gender,income_group_id,marital_status) values(1529,'FEMALE',1,true);
insert into customer_policy(id,date_of_purchase,customer_id,fuel,vehicle_segment,premium,bodily_injury_liability,personal_injury_protection,property_damage_liability,collision,comprehensive,region) values(13474,'2018-11-23T18:30:00.000Z',1529,'Diesel','C',1828,true,true,false,true,true,'West');
insert into customer(id,gender,income_group_id,marital_status) values(1530,'FEMALE',1,true);
insert into customer_policy(id,date_of_purchase,customer_id,fuel,vehicle_segment,premium,bodily_injury_liability,personal_injury_protection,property_damage_liability,collision,comprehensive,region) values(13475,'2018-11-01T18:30:00.000Z',1530,'Diesel','C',1140,false,false,false,true,false,'West');
insert into customer(id,gender,income_group_id,marital_status) values(1531,'FEMALE',1,true);
insert into customer_policy(id,date_of_purchase,customer_id,fuel,vehicle_segment,premium,bodily_injury_liability,personal_injury_protection,property_damage_liability,collision,comprehensive,region) values(13476,'2018-11-13T18:30:00.000Z',1531,'Diesel','C',1208,true,false,true,true,false,'West');
insert into customer(id,gender,income_group_id,marital_status) values(1532,'FEMALE',1,false);
insert into customer_policy(id,date_of_purchase,customer_id,fuel,vehicle_segment,premium,bodily_injury_liability,personal_injury_protection,property_damage_liability,collision,comprehensive,region) values(13477,'2018-11-29T18:30:00.000Z',1532,'Diesel','C',1716,false,false,true,true,false,'West');
insert into customer(id,gender,income_group_id,marital_status) values(1533,'FEMALE',1,true);
insert into customer_policy(id,date_of_purchase,customer_id,fuel,vehicle_segment,premium,bodily_injury_liability,personal_injury_protection,property_damage_liability,collision,comprehensive,region) values(13478,'2018-11-20T18:30:00.000Z',1533,'Diesel','C',731,false,true,false,false,true,'West');
insert into customer(id,gender,income_group_id,marital_status) values(1534,'FEMALE',1,false);
insert into customer_policy(id,date_of_purchase,customer_id,fuel,vehicle_segment,premium,bodily_injury_liability,personal_injury_protection,property_damage_liability,collision,comprehensive,region) values(13479,'2018-11-15T18:30:00.000Z',1534,'Diesel','C',1128,true,true,false,false,true,'West');
insert into customer(id,gender,income_group_id,marital_status) values(1535,'FEMALE',1,false);
insert into customer_policy(id,date_of_purchase,customer_id,fuel,vehicle_segment,premium,bodily_injury_liability,personal_injury_protection,property_damage_liability,collision,comprehensive,region) values(13480,'2018-11-26T18:30:00.000Z',1535,'Diesel','C',1541,true,false,false,false,true,'West');
insert into customer(id,gender,income_group_id,marital_status) values(1536,'FEMALE',1,false);
insert into customer_policy(id,date_of_purchase,customer_id,fuel,vehicle_segment,premium,bodily_injury_liability,personal_injury_protection,property_damage_liability,collision,comprehensive,region) values(13481,'2018-11-01T18:30:00.000Z',1536,'Diesel','C',2498,false,true,false,true,false,'West');
insert into customer(id,gender,income_group_id,marital_status) values(1537,'FEMALE',1,true);
insert into customer_policy(id,date_of_purchase,customer_id,fuel,vehicle_segment,premium,bodily_injury_liability,personal_injury_protection,property_damage_liability,collision,comprehensive,region) values(13482,'2018-11-12T18:30:00.000Z',1537,'Diesel','C',2125,false,false,true,true,true,'West');
insert into customer(id,gender,income_group_id,marital_status) values(1538,'FEMALE',1,true);
insert into customer_policy(id,date_of_purchase,customer_id,fuel,vehicle_segment,premium,bodily_injury_liability,personal_injury_protection,property_damage_liability,collision,comprehensive,region) values(13483,'2018-11-26T18:30:00.000Z',1538,'Diesel','C',2130,false,false,true,true,false,'West');
insert into customer(id,gender,income_group_id,marital_status) values(1539,'FEMALE',1,true);
insert into customer_policy(id,date_of_purchase,customer_id,fuel,vehicle_segment,premium,bodily_injury_liability,personal_injury_protection,property_damage_liability,collision,comprehensive,region) values(13484,'2018-11-18T18:30:00.000Z',1539,'Diesel','C',863,true,true,false,true,true,'West');
insert into customer(id,gender,income_group_id,marital_status) values(1540,'FEMALE',1,true);
insert into customer_policy(id,date_of_purchase,customer_id,fuel,vehicle_segment,premium,bodily_injury_liability,personal_injury_protection,property_damage_liability,collision,comprehensive,region) values(13485,'2018-11-12T18:30:00.000Z',1540,'Diesel','C',1635,true,true,true,false,false,'West');
insert into customer(id,gender,income_group_id,marital_status) values(1541,'FEMALE',1,false);
insert into customer_policy(id,date_of_purchase,customer_id,fuel,vehicle_segment,premium,bodily_injury_liability,personal_injury_protection,property_damage_liability,collision,comprehensive,region) values(13486,'2018-11-19T18:30:00.000Z',1541,'Diesel','C',1403,true,false,false,false,false,'West');
insert into customer(id,gender,income_group_id,marital_status) values(1542,'FEMALE',1,true);
insert into customer_policy(id,date_of_purchase,customer_id,fuel,vehicle_segment,premium,bodily_injury_liability,personal_injury_protection,property_damage_liability,collision,comprehensive,region) values(13487,'2018-11-22T18:30:00.000Z',1542,'Diesel','C',2470,false,true,true,true,true,'West');
insert into customer(id,gender,income_group_id,marital_status) values(1543,'FEMALE',1,false);
insert into customer_policy(id,date_of_purchase,customer_id,fuel,vehicle_segment,premium,bodily_injury_liability,personal_injury_protection,property_damage_liability,collision,comprehensive,region) values(13488,'2018-11-14T18:30:00.000Z',1543,'Diesel','C',822,true,true,true,false,true,'West');
insert into customer(id,gender,income_group_id,marital_status) values(1544,'FEMALE',1,false);
insert into customer_policy(id,date_of_purchase,customer_id,fuel,vehicle_segment,premium,bodily_injury_liability,personal_injury_protection,property_damage_liability,collision,comprehensive,region) values(13489,'2018-11-02T18:30:00.000Z',1544,'Diesel','C',2054,false,true,true,false,true,'West');
insert into customer(id,gender,income_group_id,marital_status) values(1545,'FEMALE',1,false);
insert into customer_policy(id,date_of_purchase,customer_id,fuel,vehicle_segment,premium,bodily_injury_liability,personal_injury_protection,property_damage_liability,collision,comprehensive,region) values(13490,'2018-11-23T18:30:00.000Z',1545,'Diesel','C',2322,false,true,false,false,false,'West');
insert into customer(id,gender,income_group_id,marital_status) values(1546,'FEMALE',1,false);
insert into customer_policy(id,date_of_purchase,customer_id,fuel,vehicle_segment,premium,bodily_injury_liability,personal_injury_protection,property_damage_liability,collision,comprehensive,region) values(13491,'2018-11-28T18:30:00.000Z',1546,'Diesel','C',950,true,true,true,true,true,'West');
insert into customer(id,gender,income_group_id,marital_status) values(1547,'FEMALE',1,false);
insert into customer_policy(id,date_of_purchase,customer_id,fuel,vehicle_segment,premium,bodily_injury_liability,personal_injury_protection,property_damage_liability,collision,comprehensive,region) values(13492,'2018-11-05T18:30:00.000Z',1547,'Diesel','C',2026,false,true,false,false,true,'West');
insert into customer(id,gender,income_group_id,marital_status) values(1548,'FEMALE',1,false);
insert into customer_policy(id,date_of_purchase,customer_id,fuel,vehicle_segment,premium,bodily_injury_liability,personal_injury_protection,property_damage_liability,collision,comprehensive,region) values(13493,'2018-11-25T18:30:00.000Z',1548,'Diesel','C',2000,false,true,true,false,true,'West');
insert into customer(id,gender,income_group_id,marital_status) values(1549,'FEMALE',1,false);
insert into customer_policy(id,date_of_purchase,customer_id,fuel,vehicle_segment,premium,bodily_injury_liability,personal_injury_protection,property_damage_liability,collision,comprehensive,region) values(13494,'2018-11-22T18:30:00.000Z',1549,'Diesel','C',935,false,false,true,true,false,'West');
insert into customer(id,gender,income_group_id,marital_status) values(1550,'FEMALE',1,false);
insert into customer_policy(id,date_of_purchase,customer_id,fuel,vehicle_segment,premium,bodily_injury_liability,personal_injury_protection,property_damage_liability,collision,comprehensive,region) values(13495,'2018-11-20T18:30:00.000Z',1550,'Diesel','C',1506,false,true,true,true,true,'West');
insert into customer(id,gender,income_group_id,marital_status) values(1551,'FEMALE',1,false);
insert into customer_policy(id,date_of_purchase,customer_id,fuel,vehicle_segment,premium,bodily_injury_liability,personal_injury_protection,property_damage_liability,collision,comprehensive,region) values(13496,'2018-11-03T18:30:00.000Z',1551,'Diesel','C',520,false,true,false,false,true,'West');
insert into customer(id,gender,income_group_id,marital_status) values(1552,'FEMALE',1,false);
insert into customer_policy(id,date_of_purchase,customer_id,fuel,vehicle_segment,premium,bodily_injury_liability,personal_injury_protection,property_damage_liability,collision,comprehensive,region) values(13497,'2018-11-11T18:30:00.000Z',1552,'Diesel','C',759,true,false,false,false,true,'West');
insert into customer(id,gender,income_group_id,marital_status) values(1553,'FEMALE',1,true);
insert into customer_policy(id,date_of_purchase,customer_id,fuel,vehicle_segment,premium,bodily_injury_liability,personal_injury_protection,property_damage_liability,collision,comprehensive,region) values(13498,'2018-11-17T18:30:00.000Z',1553,'Diesel','C',2338,false,true,true,true,false,'West');
insert into customer(id,gender,income_group_id,marital_status) values(1554,'FEMALE',1,true);
insert into customer_policy(id,date_of_purchase,customer_id,fuel,vehicle_segment,premium,bodily_injury_liability,personal_injury_protection,property_damage_liability,collision,comprehensive,region) values(13499,'2018-11-12T18:30:00.000Z',1554,'Diesel','C',1957,true,true,true,false,false,'West');
insert into customer(id,gender,income_group_id,marital_status) values(1555,'FEMALE',1,true);
insert into customer_policy(id,date_of_purchase,customer_id,fuel,vehicle_segment,premium,bodily_injury_liability,personal_injury_protection,property_damage_liability,collision,comprehensive,region) values(13500,'2018-11-03T18:30:00.000Z',1555,'Diesel','C',2201,true,true,false,true,true,'West');
insert into customer(id,gender,income_group_id,marital_status) values(1556,'FEMALE',1,true);
insert into customer_policy(id,date_of_purchase,customer_id,fuel,vehicle_segment,premium,bodily_injury_liability,personal_injury_protection,property_damage_liability,collision,comprehensive,region) values(13501,'2018-11-15T18:30:00.000Z',1556,'Diesel','C',1021,true,false,true,true,true,'West');
insert into customer(id,gender,income_group_id,marital_status) values(1557,'FEMALE',1,false);
insert into customer_policy(id,date_of_purchase,customer_id,fuel,vehicle_segment,premium,bodily_injury_liability,personal_injury_protection,property_damage_liability,collision,comprehensive,region) values(13502,'2018-11-05T18:30:00.000Z',1557,'Diesel','C',1738,false,false,false,true,false,'West');
insert into customer(id,gender,income_group_id,marital_status) values(1558,'FEMALE',1,true);
insert into customer_policy(id,date_of_purchase,customer_id,fuel,vehicle_segment,premium,bodily_injury_liability,personal_injury_protection,property_damage_liability,collision,comprehensive,region) values(13503,'2018-11-22T18:30:00.000Z',1558,'Diesel','C',629,true,true,false,false,true,'West');
insert into customer(id,gender,income_group_id,marital_status) values(1559,'FEMALE',1,true);
insert into customer_policy(id,date_of_purchase,customer_id,fuel,vehicle_segment,premium,bodily_injury_liability,personal_injury_protection,property_damage_liability,collision,comprehensive,region) values(13504,'2018-11-02T18:30:00.000Z',1559,'Diesel','C',714,true,true,true,false,false,'West');
insert into customer(id,gender,income_group_id,marital_status) values(1560,'FEMALE',1,false);
insert into customer_policy(id,date_of_purchase,customer_id,fuel,vehicle_segment,premium,bodily_injury_liability,personal_injury_protection,property_damage_liability,collision,comprehensive,region) values(13505,'2018-11-21T18:30:00.000Z',1560,'Diesel','C',1461,false,false,false,true,false,'West');
insert into customer(id,gender,income_group_id,marital_status) values(1561,'FEMALE',1,false);
insert into customer_policy(id,date_of_purchase,customer_id,fuel,vehicle_segment,premium,bodily_injury_liability,personal_injury_protection,property_damage_liability,collision,comprehensive,region) values(13506,'2018-11-25T18:30:00.000Z',1561,'Diesel','C',2477,true,true,true,false,true,'West');
insert into customer(id,gender,income_group_id,marital_status) values(1562,'FEMALE',1,false);
insert into customer_policy(id,date_of_purchase,customer_id,fuel,vehicle_segment,premium,bodily_injury_liability,personal_injury_protection,property_damage_liability,collision,comprehensive,region) values(13507,'2018-11-05T18:30:00.000Z',1562,'Diesel','C',1275,true,false,true,false,false,'West');
insert into customer(id,gender,income_group_id,marital_status) values(1563,'FEMALE',1,true);
insert into customer_policy(id,date_of_purchase,customer_id,fuel,vehicle_segment,premium,bodily_injury_liability,personal_injury_protection,property_damage_liability,collision,comprehensive,region) values(13508,'2018-11-14T18:30:00.000Z',1563,'Diesel','C',1937,true,true,true,false,false,'West');
insert into customer(id,gender,income_group_id,marital_status) values(1564,'FEMALE',1,true);
insert into customer_policy(id,date_of_purchase,customer_id,fuel,vehicle_segment,premium,bodily_injury_liability,personal_injury_protection,property_damage_liability,collision,comprehensive,region) values(13509,'2018-11-21T18:30:00.000Z',1564,'Diesel','C',1961,false,false,false,true,false,'West');
insert into customer(id,gender,income_group_id,marital_status) values(1565,'FEMALE',1,true);
insert into customer_policy(id,date_of_purchase,customer_id,fuel,vehicle_segment,premium,bodily_injury_liability,personal_injury_protection,property_damage_liability,collision,comprehensive,region) values(13510,'2018-10-31T18:30:00.000Z',1565,'Diesel','C',2482,true,false,true,true,false,'West');
insert into customer(id,gender,income_group_id,marital_status) values(1566,'FEMALE',1,true);
insert into customer_policy(id,date_of_purchase,customer_id,fuel,vehicle_segment,premium,bodily_injury_liability,personal_injury_protection,property_damage_liability,collision,comprehensive,region) values(13511,'2018-11-02T18:30:00.000Z',1566,'Diesel','C',2128,true,false,true,false,true,'West');
insert into customer(id,gender,income_group_id,marital_status) values(1567,'FEMALE',1,false);
insert into customer_policy(id,date_of_purchase,customer_id,fuel,vehicle_segment,premium,bodily_injury_liability,personal_injury_protection,property_damage_liability,collision,comprehensive,region) values(13512,'2018-10-31T18:30:00.000Z',1567,'Diesel','C',1981,false,true,false,true,false,'West');
insert into customer(id,gender,income_group_id,marital_status) values(1568,'FEMALE',1,true);
insert into customer_policy(id,date_of_purchase,customer_id,fuel,vehicle_segment,premium,bodily_injury_liability,personal_injury_protection,property_damage_liability,collision,comprehensive,region) values(13513,'2018-11-09T18:30:00.000Z',1568,'Diesel','C',1564,true,false,false,true,true,'West');
insert into customer(id,gender,income_group_id,marital_status) values(1569,'FEMALE',1,false);
insert into customer_policy(id,date_of_purchase,customer_id,fuel,vehicle_segment,premium,bodily_injury_liability,personal_injury_protection,property_damage_liability,collision,comprehensive,region) values(13514,'2018-11-03T18:30:00.000Z',1569,'Diesel','C',2380,true,false,true,false,true,'West');
insert into customer(id,gender,income_group_id,marital_status) values(1570,'FEMALE',1,false);
insert into customer_policy(id,date_of_purchase,customer_id,fuel,vehicle_segment,premium,bodily_injury_liability,personal_injury_protection,property_damage_liability,collision,comprehensive,region) values(13515,'2018-11-12T18:30:00.000Z',1570,'Diesel','C',867,true,true,true,true,false,'West');
insert into customer(id,gender,income_group_id,marital_status) values(1571,'FEMALE',1,true);
insert into customer_policy(id,date_of_purchase,customer_id,fuel,vehicle_segment,premium,bodily_injury_liability,personal_injury_protection,property_damage_liability,collision,comprehensive,region) values(13516,'2018-11-26T18:30:00.000Z',1571,'Diesel','C',698,false,true,false,false,true,'West');
insert into customer(id,gender,income_group_id,marital_status) values(1572,'FEMALE',1,false);
insert into customer_policy(id,date_of_purchase,customer_id,fuel,vehicle_segment,premium,bodily_injury_liability,personal_injury_protection,property_damage_liability,collision,comprehensive,region) values(13517,'2018-11-07T18:30:00.000Z',1572,'Diesel','C',1548,false,true,true,false,false,'West');
insert into customer(id,gender,income_group_id,marital_status) values(1573,'FEMALE',1,false);
insert into customer_policy(id,date_of_purchase,customer_id,fuel,vehicle_segment,premium,bodily_injury_liability,personal_injury_protection,property_damage_liability,collision,comprehensive,region) values(13518,'2018-11-09T18:30:00.000Z',1573,'Diesel','C',2083,false,true,false,false,true,'West');
insert into customer(id,gender,income_group_id,marital_status) values(1574,'FEMALE',1,false);
insert into customer_policy(id,date_of_purchase,customer_id,fuel,vehicle_segment,premium,bodily_injury_liability,personal_injury_protection,property_damage_liability,collision,comprehensive,region) values(13519,'2018-11-24T18:30:00.000Z',1574,'Diesel','C',757,true,true,false,false,false,'West');
insert into customer(id,gender,income_group_id,marital_status) values(1575,'FEMALE',1,false);
insert into customer_policy(id,date_of_purchase,customer_id,fuel,vehicle_segment,premium,bodily_injury_liability,personal_injury_protection,property_damage_liability,collision,comprehensive,region) values(13520,'2018-11-07T18:30:00.000Z',1575,'Diesel','C',754,true,true,true,false,true,'West');
insert into customer(id,gender,income_group_id,marital_status) values(1576,'FEMALE',1,true);
insert into customer_policy(id,date_of_purchase,customer_id,fuel,vehicle_segment,premium,bodily_injury_liability,personal_injury_protection,property_damage_liability,collision,comprehensive,region) values(13521,'2018-11-02T18:30:00.000Z',1576,'Diesel','C',2449,false,true,false,false,true,'West');
insert into customer(id,gender,income_group_id,marital_status) values(1577,'FEMALE',1,true);
insert into customer_policy(id,date_of_purchase,customer_id,fuel,vehicle_segment,premium,bodily_injury_liability,personal_injury_protection,property_damage_liability,collision,comprehensive,region) values(13522,'2018-11-28T18:30:00.000Z',1577,'Diesel','C',600,false,true,false,true,false,'West');
insert into customer(id,gender,income_group_id,marital_status) values(1578,'FEMALE',1,true);
insert into customer_policy(id,date_of_purchase,customer_id,fuel,vehicle_segment,premium,bodily_injury_liability,personal_injury_protection,property_damage_liability,collision,comprehensive,region) values(13523,'2018-11-28T18:30:00.000Z',1578,'Diesel','C',974,false,true,false,false,false,'West');
insert into customer(id,gender,income_group_id,marital_status) values(1579,'FEMALE',1,true);
insert into customer_policy(id,date_of_purchase,customer_id,fuel,vehicle_segment,premium,bodily_injury_liability,personal_injury_protection,property_damage_liability,collision,comprehensive,region) values(13524,'2018-11-28T18:30:00.000Z',1579,'Diesel','C',1370,true,true,true,false,false,'West');
insert into customer(id,gender,income_group_id,marital_status) values(1580,'FEMALE',1,true);
insert into customer_policy(id,date_of_purchase,customer_id,fuel,vehicle_segment,premium,bodily_injury_liability,personal_injury_protection,property_damage_liability,collision,comprehensive,region) values(13525,'2018-11-05T18:30:00.000Z',1580,'Diesel','C',1348,true,false,true,false,false,'West');
insert into customer(id,gender,income_group_id,marital_status) values(1581,'FEMALE',1,false);
insert into customer_policy(id,date_of_purchase,customer_id,fuel,vehicle_segment,premium,bodily_injury_liability,personal_injury_protection,property_damage_liability,collision,comprehensive,region) values(13526,'2018-11-10T18:30:00.000Z',1581,'Diesel','C',834,true,true,true,false,false,'West');
insert into customer(id,gender,income_group_id,marital_status) values(1582,'FEMALE',1,false);
insert into customer_policy(id,date_of_purchase,customer_id,fuel,vehicle_segment,premium,bodily_injury_liability,personal_injury_protection,property_damage_liability,collision,comprehensive,region) values(13527,'2018-11-02T18:30:00.000Z',1582,'Diesel','C',2464,false,false,true,false,true,'West');
insert into customer(id,gender,income_group_id,marital_status) values(1583,'FEMALE',1,false);
insert into customer_policy(id,date_of_purchase,customer_id,fuel,vehicle_segment,premium,bodily_injury_liability,personal_injury_protection,property_damage_liability,collision,comprehensive,region) values(13528,'2018-10-31T18:30:00.000Z',1583,'Diesel','C',546,true,false,true,false,false,'West');
insert into customer(id,gender,income_group_id,marital_status) values(1584,'FEMALE',1,true);
insert into customer_policy(id,date_of_purchase,customer_id,fuel,vehicle_segment,premium,bodily_injury_liability,personal_injury_protection,property_damage_liability,collision,comprehensive,region) values(13529,'2018-11-23T18:30:00.000Z',1584,'Diesel','C',676,true,false,false,true,true,'West');
insert into customer(id,gender,income_group_id,marital_status) values(1585,'FEMALE',1,true);
insert into customer_policy(id,date_of_purchase,customer_id,fuel,vehicle_segment,premium,bodily_injury_liability,personal_injury_protection,property_damage_liability,collision,comprehensive,region) values(13530,'2018-11-01T18:30:00.000Z',1585,'Diesel','C',1487,true,false,false,true,false,'West');
insert into customer(id,gender,income_group_id,marital_status) values(1586,'FEMALE',1,false);
insert into customer_policy(id,date_of_purchase,customer_id,fuel,vehicle_segment,premium,bodily_injury_liability,personal_injury_protection,property_damage_liability,collision,comprehensive,region) values(13531,'2018-10-31T18:30:00.000Z',1586,'Diesel','C',2296,false,false,false,false,true,'West');
insert into customer(id,gender,income_group_id,marital_status) values(1587,'FEMALE',1,true);
insert into customer_policy(id,date_of_purchase,customer_id,fuel,vehicle_segment,premium,bodily_injury_liability,personal_injury_protection,property_damage_liability,collision,comprehensive,region) values(13532,'2018-11-18T18:30:00.000Z',1587,'Diesel','C',2365,false,false,true,false,false,'West');
insert into customer(id,gender,income_group_id,marital_status) values(1588,'FEMALE',1,false);
insert into customer_policy(id,date_of_purchase,customer_id,fuel,vehicle_segment,premium,bodily_injury_liability,personal_injury_protection,property_damage_liability,collision,comprehensive,region) values(13533,'2018-11-09T18:30:00.000Z',1588,'Diesel','C',831,false,true,false,false,true,'West');
insert into customer(id,gender,income_group_id,marital_status) values(1589,'FEMALE',1,true);
insert into customer_policy(id,date_of_purchase,customer_id,fuel,vehicle_segment,premium,bodily_injury_liability,personal_injury_protection,property_damage_liability,collision,comprehensive,region) values(13534,'2018-11-11T18:30:00.000Z',1589,'Diesel','C',2295,true,false,true,true,false,'West');
insert into customer(id,gender,income_group_id,marital_status) values(1590,'FEMALE',1,true);
insert into customer_policy(id,date_of_purchase,customer_id,fuel,vehicle_segment,premium,bodily_injury_liability,personal_injury_protection,property_damage_liability,collision,comprehensive,region) values(13535,'2018-11-01T18:30:00.000Z',1590,'Diesel','C',1709,true,true,true,true,false,'West');
insert into customer(id,gender,income_group_id,marital_status) values(1591,'FEMALE',1,false);
insert into customer_policy(id,date_of_purchase,customer_id,fuel,vehicle_segment,premium,bodily_injury_liability,personal_injury_protection,property_damage_liability,collision,comprehensive,region) values(13536,'2018-11-17T18:30:00.000Z',1591,'Diesel','C',2464,true,false,true,true,true,'West');
insert into customer(id,gender,income_group_id,marital_status) values(1592,'FEMALE',1,false);
insert into customer_policy(id,date_of_purchase,customer_id,fuel,vehicle_segment,premium,bodily_injury_liability,personal_injury_protection,property_damage_liability,collision,comprehensive,region) values(13537,'2018-11-20T18:30:00.000Z',1592,'Diesel','C',1827,true,false,true,true,true,'West');
insert into customer(id,gender,income_group_id,marital_status) values(1593,'FEMALE',1,true);
insert into customer_policy(id,date_of_purchase,customer_id,fuel,vehicle_segment,premium,bodily_injury_liability,personal_injury_protection,property_damage_liability,collision,comprehensive,region) values(13538,'2018-11-05T18:30:00.000Z',1593,'Diesel','C',1284,true,true,false,false,false,'West');
insert into customer(id,gender,income_group_id,marital_status) values(1594,'FEMALE',1,true);
insert into customer_policy(id,date_of_purchase,customer_id,fuel,vehicle_segment,premium,bodily_injury_liability,personal_injury_protection,property_damage_liability,collision,comprehensive,region) values(13539,'2018-11-02T18:30:00.000Z',1594,'Diesel','C',1936,true,false,true,false,false,'West');
insert into customer(id,gender,income_group_id,marital_status) values(1595,'FEMALE',1,false);
insert into customer_policy(id,date_of_purchase,customer_id,fuel,vehicle_segment,premium,bodily_injury_liability,personal_injury_protection,property_damage_liability,collision,comprehensive,region) values(13540,'2018-11-19T18:30:00.000Z',1595,'Diesel','C',1331,true,false,false,true,false,'West');
insert into customer(id,gender,income_group_id,marital_status) values(1596,'FEMALE',1,false);
insert into customer_policy(id,date_of_purchase,customer_id,fuel,vehicle_segment,premium,bodily_injury_liability,personal_injury_protection,property_damage_liability,collision,comprehensive,region) values(13541,'2018-11-03T18:30:00.000Z',1596,'Diesel','C',2221,false,false,false,false,true,'West');
insert into customer(id,gender,income_group_id,marital_status) values(1597,'FEMALE',1,false);
insert into customer_policy(id,date_of_purchase,customer_id,fuel,vehicle_segment,premium,bodily_injury_liability,personal_injury_protection,property_damage_liability,collision,comprehensive,region) values(13542,'2018-11-01T18:30:00.000Z',1597,'Diesel','C',1034,false,true,false,false,true,'West');
insert into customer(id,gender,income_group_id,marital_status) values(1598,'FEMALE',1,true);
insert into customer_policy(id,date_of_purchase,customer_id,fuel,vehicle_segment,premium,bodily_injury_liability,personal_injury_protection,property_damage_liability,collision,comprehensive,region) values(13543,'2018-11-07T18:30:00.000Z',1598,'Diesel','C',637,false,false,true,true,false,'West');
insert into customer(id,gender,income_group_id,marital_status) values(1599,'FEMALE',1,false);
insert into customer_policy(id,date_of_purchase,customer_id,fuel,vehicle_segment,premium,bodily_injury_liability,personal_injury_protection,property_damage_liability,collision,comprehensive,region) values(13544,'2018-11-09T18:30:00.000Z',1599,'Diesel','C',1579,true,false,true,true,true,'West')
